record_id,employee_id,event_id,date,due_date,status,completion_pct,score,feedback_rating,assigned_by,employee_role,employee_grade,employee_work_format,employee_preferred_language,employee_hire_date,event_type,event_format,duration_hours,mandatory,tenure_days_at_activity,attempt_number,prior_same_event_attempts,employee_prior_outcomes,employee_completion_rate_before,employee_dropped_rate_before,employee_no_show_rate_before,employee_declined_rate_before,employee_format_prior_outcomes,employee_format_completion_rate_before,employee_type_prior_outcomes,employee_type_completion_rate_before,event_prior_outcomes,event_completion_rate_before,is_first_employee_activity,days_since_previous_activity,outcome_class,completed_label
R000001,E0018,EV_035,2024-10-01,,completed,100,61.0,5.0,manager,Customer Support Specialist,Junior,remote,en,2024-03-26,course,online,16,False,189,1,0,0,0.25,0.25,0.25,0.25,0,0.5,0,0.5,0,0.5,1,-1,completed,1
R000002,E0054,EV_036,2024-10-01,,declined,0,,,manager,Data Analyst,Senior,hybrid,kk,2022-11-30,meetup,offline,2,False,671,1,0,0,0.25,0.25,0.25,0.25,0,0.5,0,0.5,0,0.5,1,-1,declined,0
R000003,E0063,EV_037,2024-10-02,,dropped,45,,3.0,self,QA Engineer,Lead,office,kk,2023-08-29,mentoring,online,12,False,400,1,0,0,0.25,0.25,0.25,0.25,0,0.5,0,0.5,0,0.5,1,-1,dropped,0
R000004,E0003,EV_039,2024-10-03,,completed,100,,4.0,self,Customer Support Specialist,Senior,hybrid,kk,2019-09-16,workshop,online,3,False,1844,1,0,0,0.25,0.25,0.25,0.25,0,0.5,0,0.5,0,0.5,1,-1,completed,1
R000005,E0060,EV_032,2024-10-03,,completed,100,,3.0,self,Product Manager,Lead,office,kk,2021-10-18,workshop,offline,8,False,1081,1,0,0,0.25,0.25,0.25,0.25,0,0.5,0,0.5,0,0.5,1,-1,completed,1
R000006,E0107,EV_027,2024-10-03,,completed,100,,,self,Product Manager,Middle,office,ru,2022-04-25,workshop,online,6,False,892,1,0,0,0.25,0.25,0.25,0.25,0,0.5,0,0.5,0,0.5,1,-1,completed,1
R000007,E0007,EV_007,2024-10-04,,completed,100,,5.0,manager,Backend Engineer,Senior,office,kk,2018-10-26,mentoring,online,8,False,2170,1,0,0,0.25,0.25,0.25,0.25,0,0.5,0,0.5,0,0.5,1,-1,completed,1
R000008,E0073,EV_038,2024-10-04,,completed,100,75.0,,manager,Data Analyst,Senior,office,ru,2022-08-29,course,online,16,False,767,1,0,0,0.25,0.25,0.25,0.25,0,0.5,0,0.5,0,0.5,1,-1,completed,1
R000009,E0057,EV_032,2024-10-07,,completed,100,,3.0,self,Sales Manager,Senior,hybrid,kk,2023-10-19,workshop,offline,8,False,354,1,0,0,0.25,0.25,0.25,0.25,0,0.5,0,0.5,1,0.6666666666666666,1,-1,completed,1
R000010,E0099,EV_029,2024-10-07,,completed,100,91.0,5.0,hr,HR Business Partner,Middle,hybrid,ru,2022-05-17,course,self_paced,12,False,874,1,0,0,0.25,0.25,0.25,0.25,0,0.5,0,0.5,0,0.5,1,-1,completed,1
R000011,E0131,EV_030,2024-10-07,,completed,100,,3.0,self,HR Business Partner,Middle,office,ru,2022-10-31,workshop,online,4,False,707,1,0,0,0.25,0.25,0.25,0.25,0,0.5,0,0.5,0,0.5,1,-1,completed,1
R000012,E0043,EV_037,2024-10-08,,completed,100,,3.0,manager,Frontend Engineer,Senior,hybrid,ru,2021-08-13,mentoring,online,12,False,1152,1,0,0,0.25,0.25,0.25,0.25,0,0.5,0,0.5,1,0.3333333333333333,1,-1,completed,1
R000013,E0071,EV_026,2024-10-08,,completed,100,,3.0,self,Product Manager,Middle,office,kk,2022-11-14,workshop,offline,8,False,694,1,0,0,0.25,0.25,0.25,0.25,0,0.5,0,0.5,0,0.5,1,-1,completed,1
R000014,E0154,EV_037,2024-10-08,,completed,100,,3.0,self,Frontend Engineer,Middle,office,ru,2023-08-16,mentoring,online,12,False,419,1,0,0,0.25,0.25,0.25,0.25,0,0.5,0,0.5,1,0.3333333333333333,1,-1,completed,1
R000015,E0138,EV_034,2024-10-09,,declined,0,,,manager,Sales Manager,Senior,remote,ru,2020-10-21,workshop,online,4,False,1449,1,0,0,0.25,0.25,0.25,0.25,0,0.5,0,0.5,0,0.5,1,-1,declined,0
R000016,E0013,EV_040,2024-10-10,,completed,100,,,self,Backend Engineer,Senior,office,ru,2020-12-28,workshop,offline,4,False,1382,1,0,0,0.25,0.25,0.25,0.25,0,0.5,0,0.5,0,0.5,1,-1,completed,1
R000017,E0099,EV_008,2024-10-11,,no_show,0,,,manager,HR Business Partner,Middle,hybrid,ru,2022-05-17,workshop,online,4,False,878,1,0,1,0.4,0.2,0.2,0.2,0,0.5,0,0.5,0,0.5,0,4,no_show,0
R000018,E0092,EV_001,2024-10-14,2024-11-13,completed,100,99.0,,hr,Backend Engineer,Middle,office,en,2024-10-11,compliance,self_paced,2,True,3,1,0,0,0.25,0.25,0.25,0.25,0,0.5,0,0.5,0,0.5,1,-1,not_training_eligible,
R000019,E0092,EV_002,2024-10-14,2024-11-13,completed,100,74.0,,hr,Backend Engineer,Middle,office,en,2024-10-11,compliance,self_paced,2,True,3,1,0,0,0.25,0.25,0.25,0.25,0,0.5,0,0.5,0,0.5,1,-1,not_training_eligible,
R000020,E0092,EV_003,2024-10-14,2024-11-13,completed,100,78.0,,hr,Backend Engineer,Middle,office,en,2024-10-11,compliance,self_paced,2,True,3,1,0,0,0.25,0.25,0.25,0.25,0,0.5,0,0.5,0,0.5,1,-1,not_training_eligible,
R000021,E0164,EV_040,2024-10-14,,no_show,0,,,hr,Backend Engineer,Middle,hybrid,ru,2022-08-26,workshop,offline,4,False,780,1,0,0,0.25,0.25,0.25,0.25,0,0.5,0,0.5,1,0.6666666666666666,1,-1,no_show,0
R000022,E0189,EV_008,2024-10-14,,completed,100,,5.0,self,QA Engineer,Senior,office,ru,2019-11-18,workshop,online,4,False,1792,1,0,0,0.25,0.25,0.25,0.25,0,0.5,0,0.5,1,0.3333333333333333,1,-1,completed,1
R000023,E0158,EV_040,2024-10-15,,declined,0,,,manager,Sales Manager,Senior,office,kk,2018-08-27,workshop,offline,4,False,2241,1,0,0,0.25,0.25,0.25,0.25,0,0.5,0,0.5,2,0.5,1,-1,declined,0
R000024,E0061,EV_038,2024-10-16,,completed,100,83.0,3.0,self,Data Analyst,Lead,remote,kk,2023-07-17,course,online,16,False,457,1,0,0,0.25,0.25,0.25,0.25,0,0.5,0,0.5,1,0.6666666666666666,1,-1,completed,1
R000025,E0062,EV_032,2024-10-16,,completed,100,,4.0,self,Sales Manager,Middle,office,ru,2022-06-22,workshop,offline,8,False,847,1,0,0,0.25,0.25,0.25,0.25,0,0.5,0,0.5,2,0.75,1,-1,completed,1
R000026,E0056,EV_033,2024-10-17,,no_show,0,,,manager,Sales Manager,Middle,office,ru,2022-07-18,course,online,10,False,822,1,0,0,0.25,0.25,0.25,0.25,0,0.5,0,0.5,0,0.5,1,-1,no_show,0
R000027,E0079,EV_001,2024-10-17,2024-11-16,completed,100,80.0,,hr,Sales Manager,Junior,office,ru,2024-10-14,compliance,self_paced,2,True,3,1,0,0,0.25,0.25,0.25,0.25,0,0.5,0,0.5,0,0.5,1,-1,not_training_eligible,
R000028,E0079,EV_002,2024-10-17,2024-11-16,completed,100,99.0,,hr,Sales Manager,Junior,office,ru,2024-10-14,compliance,self_paced,2,True,3,1,0,0,0.25,0.25,0.25,0.25,0,0.5,0,0.5,0,0.5,1,-1,not_training_eligible,
R000029,E0079,EV_003,2024-10-17,2024-11-16,completed,100,96.0,,hr,Sales Manager,Junior,office,ru,2024-10-14,compliance,self_paced,2,True,3,1,0,0,0.25,0.25,0.25,0.25,0,0.5,0,0.5,0,0.5,1,-1,not_training_eligible,
R000030,E0165,EV_036,2024-10-17,,completed,100,,4.0,self,Product Manager,Junior,office,ru,2024-08-30,meetup,offline,2,False,48,1,0,0,0.25,0.25,0.25,0.25,0,0.5,0,0.5,1,0.3333333333333333,1,-1,completed,1
R000031,E0028,EV_007,2024-10-18,,no_show,0,,,manager,Backend Engineer,Middle,hybrid,kk,2022-05-23,mentoring,online,8,False,879,1,0,0,0.25,0.25,0.25,0.25,0,0.5,0,0.5,1,0.6666666666666666,1,-1,no_show,0
R000032,E0059,EV_008,2024-10-18,,completed,100,,,self,Sales Manager,Middle,remote,ru,2023-06-28,workshop,online,4,False,478,1,0,0,0.25,0.25,0.25,0.25,0,0.5,0,0.5,2,0.5,1,-1,completed,1
R000033,E0013,EV_025,2024-10-21,,no_show,0,,,self,Backend Engineer,Senior,office,ru,2020-12-28,course,online,10,False,1393,1,0,1,0.4,0.2,0.2,0.2,0,0.5,0,0.5,0,0.5,0,11,no_show,0
R000034,E0059,EV_039,2024-10-21,,completed,100,,,self,Sales Manager,Middle,remote,ru,2023-06-28,workshop,online,3,False,481,1,0,1,0.4,0.2,0.2,0.2,1,0.6666666666666666,1,0.6666666666666666,1,0.6666666666666666,0,3,completed,1
R000035,E0067,EV_001,2024-10-21,2024-11-20,completed,100,82.0,,hr,Frontend Engineer,Middle,hybrid,ru,2024-10-16,compliance,self_paced,2,True,5,1,0,0,0.25,0.25,0.25,0.25,0,0.5,0,0.5,0,0.5,1,-1,not_training_eligible,
R000036,E0067,EV_002,2024-10-21,2024-11-20,completed,100,71.0,,hr,Frontend Engineer,Middle,hybrid,ru,2024-10-16,compliance,self_paced,2,True,5,1,0,0,0.25,0.25,0.25,0.25,0,0.5,0,0.5,0,0.5,1,-1,not_training_eligible,
R000037,E0067,EV_003,2024-10-21,2024-11-20,completed,100,72.0,,hr,Frontend Engineer,Middle,hybrid,ru,2024-10-16,compliance,self_paced,2,True,5,1,0,0,0.25,0.25,0.25,0.25,0,0.5,0,0.5,0,0.5,1,-1,not_training_eligible,
R000038,E0097,EV_038,2024-10-21,,completed,100,100.0,4.0,self,Backend Engineer,Senior,office,kk,2024-02-16,course,online,16,False,248,1,0,0,0.25,0.25,0.25,0.25,0,0.5,0,0.5,2,0.75,1,-1,completed,1
R000039,E0127,EV_036,2024-10-21,,completed,100,,4.0,manager,Backend Engineer,Middle,remote,kk,2022-06-29,meetup,offline,2,False,845,1,0,0,0.25,0.25,0.25,0.25,0,0.5,0,0.5,2,0.5,1,-1,completed,1
R000040,E0134,EV_027,2024-10-21,,completed,100,,2.0,self,Product Manager,Middle,hybrid,ru,2023-05-01,workshop,online,6,False,539,1,0,0,0.25,0.25,0.25,0.25,0,0.5,0,0.5,1,0.6666666666666666,1,-1,completed,1
R000041,E0150,EV_008,2024-10-22,,completed,100,,5.0,self,Backend Engineer,Middle,office,ru,2023-07-03,workshop,online,4,False,477,1,0,0,0.25,0.25,0.25,0.25,0,0.5,0,0.5,3,0.6,1,-1,completed,1
R000042,E0060,EV_023,2024-10-24,,completed,100,,5.0,self,Product Manager,Lead,office,kk,2021-10-18,workshop,offline,6,False,1102,1,0,1,0.4,0.2,0.2,0.2,1,0.6666666666666666,1,0.6666666666666666,0,0.5,0,21,completed,1
R000043,E0092,EV_004,2024-10-24,2024-11-10,completed,100,,,hr,Backend Engineer,Middle,office,en,2024-10-11,onboarding,offline,8,True,13,1,0,0,0.25,0.25,0.25,0.25,0,0.5,0,0.5,0,0.5,0,10,not_training_eligible,
R000044,E0172,EV_034,2024-10-24,,completed,100,,,manager,HR Business Partner,Senior,remote,ru,2018-08-27,workshop,online,4,False,2250,1,0,0,0.25,0.25,0.25,0.25,0,0.5,0,0.5,1,0.3333333333333333,1,-1,completed,1
R000045,E0185,EV_001,2024-10-24,2024-11-23,completed,100,78.0,,hr,Customer Support Specialist,Middle,remote,kk,2024-10-21,compliance,self_paced,2,True,3,1,0,0,0.25,0.25,0.25,0.25,0,0.5,0,0.5,0,0.5,1,-1,not_training_eligible,
R000046,E0185,EV_002,2024-10-24,2024-11-23,completed,100,94.0,,hr,Customer Support Specialist,Middle,remote,kk,2024-10-21,compliance,self_paced,2,True,3,1,0,0,0.25,0.25,0.25,0.25,0,0.5,0,0.5,0,0.5,1,-1,not_training_eligible,
R000047,E0185,EV_003,2024-10-24,2024-11-23,completed,100,93.0,,hr,Customer Support Specialist,Middle,remote,kk,2024-10-21,compliance,self_paced,2,True,3,1,0,0,0.25,0.25,0.25,0.25,0,0.5,0,0.5,0,0.5,1,-1,not_training_eligible,
R000048,E0046,EV_033,2024-10-28,,completed,100,100.0,5.0,manager,Sales Manager,Middle,hybrid,ru,2024-02-26,course,online,10,False,245,1,0,0,0.25,0.25,0.25,0.25,0,0.5,0,0.5,1,0.3333333333333333,1,-1,completed,1
R000049,E0107,EV_008,2024-10-28,,completed,100,,4.0,self,Product Manager,Middle,office,ru,2022-04-25,workshop,online,4,False,917,1,0,1,0.4,0.2,0.2,0.2,1,0.6666666666666666,1,0.6666666666666666,4,0.6666666666666666,0,25,completed,1
R000050,E0162,EV_021,2024-10-28,,completed,100,,4.0,self,Data Analyst,Middle,hybrid,kk,2024-01-15,workshop,online,6,False,287,1,0,0,0.25,0.25,0.25,0.25,0,0.5,0,0.5,0,0.5,1,-1,completed,1
R000051,E0010,EV_035,2024-10-29,,dropped,50,,,manager,Customer Support Specialist,Middle,remote,ru,2023-11-24,course,online,16,False,340,1,0,0,0.25,0.25,0.25,0.25,0,0.5,0,0.5,1,0.6666666666666666,1,-1,dropped,0
R000052,E0017,EV_027,2024-10-29,,completed,100,,4.0,manager,Product Manager,Senior,office,ru,2019-02-26,workshop,online,6,False,2072,1,0,0,0.25,0.25,0.25,0.25,0,0.5,0,0.5,2,0.75,1,-1,completed,1
R000053,E0051,EV_008,2024-10-29,,completed,100,,5.0,self,Sales Manager,Senior,office,kk,2023-01-30,workshop,online,4,False,638,1,0,0,0.25,0.25,0.25,0.25,0,0.5,0,0.5,5,0.7142857142857143,1,-1,completed,1
R000054,E0180,EV_038,2024-10-29,,completed,100,100.0,4.0,manager,Customer Support Specialist,Lead,hybrid,kk,2020-05-14,course,online,16,False,1629,1,0,0,0.25,0.25,0.25,0.25,0,0.5,0,0.5,3,0.8,1,-1,completed,1
R000055,E0065,EV_011,2024-10-30,,completed,100,,3.0,manager,QA Engineer,Middle,hybrid,en,2022-08-01,workshop,offline,6,False,821,1,0,0,0.25,0.25,0.25,0.25,0,0.5,0,0.5,0,0.5,1,-1,completed,1
R000056,E0073,EV_020,2024-10-30,,dropped,40,,,hr,Data Analyst,Senior,office,ru,2022-08-29,course,self_paced,40,False,793,1,0,1,0.4,0.2,0.2,0.2,0,0.5,1,0.6666666666666666,0,0.5,0,26,dropped,0
R000057,E0109,EV_008,2024-10-30,,completed,100,,3.0,hr,Frontend Engineer,Middle,office,ru,2023-12-21,workshop,online,4,False,314,1,0,0,0.25,0.25,0.25,0.25,0,0.5,0,0.5,6,0.75,1,-1,completed,1
R000058,E0111,EV_009,2024-10-30,,completed,100,93.0,5.0,self,QA Engineer,Middle,office,ru,2024-06-19,certification,self_paced,40,False,133,1,0,0,0.25,0.25,0.25,0.25,0,0.5,0,0.5,0,0.5,1,-1,completed,1
R000059,E0153,EV_033,2024-10-30,,completed,100,85.0,,self,Sales Manager,Middle,office,ru,2022-10-17,course,online,10,False,744,1,0,0,0.25,0.25,0.25,0.25,0,0.5,0,0.5,2,0.5,1,-1,completed,1
R000060,E0176,EV_008,2024-10-30,,completed,100,,4.0,manager,Product Manager,Junior,hybrid,ru,2024-04-29,workshop,online,4,False,184,1,0,0,0.25,0.25,0.25,0.25,0,0.5,0,0.5,6,0.75,1,-1,completed,1
R000061,E0123,EV_036,2024-10-31,,completed,100,,5.0,manager,Frontend Engineer,Senior,hybrid,kk,2021-04-15,meetup,offline,2,False,1295,1,0,0,0.25,0.25,0.25,0.25,0,0.5,0,0.5,3,0.6,1,-1,completed,1
R000062,E0147,EV_040,2024-10-31,,completed,100,,5.0,manager,Frontend Engineer,Middle,office,ru,2024-05-27,workshop,offline,4,False,157,1,0,0,0.25,0.25,0.25,0.25,0,0.5,0,0.5,3,0.4,1,-1,completed,1
R000063,E0148,EV_008,2024-10-31,,completed,100,,4.0,self,Sales Manager,Lead,office,kk,2020-08-18,workshop,online,4,False,1535,1,0,0,0.25,0.25,0.25,0.25,0,0.5,0,0.5,8,0.8,1,-1,completed,1
R000064,E0198,EV_040,2024-10-31,,completed,100,,4.0,self,Sales Manager,Junior,office,ru,2024-06-26,workshop,offline,4,False,127,1,0,0,0.25,0.25,0.25,0.25,0,0.5,0,0.5,3,0.4,1,-1,completed,1
R000065,E0053,EV_019,2024-11-01,,no_show,0,,,manager,QA Engineer,Junior,remote,kk,2024-05-28,workshop,offline,8,False,157,1,0,0,0.25,0.25,0.25,0.25,0,0.5,0,0.5,0,0.5,1,-1,no_show,0
R000066,E0112,EV_035,2024-11-01,,completed,100,66.0,4.0,self,Customer Support Specialist,Senior,hybrid,ru,2019-12-30,course,online,16,False,1768,1,0,0,0.25,0.25,0.25,0.25,0,0.5,0,0.5,2,0.5,1,-1,completed,1
R000067,E0002,EV_001,2024-11-04,2024-12-04,completed,100,72.0,,hr,Backend Engineer,Middle,remote,ru,2023-04-25,compliance,self_paced,2,True,559,1,0,0,0.25,0.25,0.25,0.25,0,0.5,0,0.5,0,0.5,1,-1,not_training_eligible,
R000068,E0003,EV_001,2024-11-04,2024-12-04,completed,100,74.0,,hr,Customer Support Specialist,Senior,hybrid,kk,2019-09-16,compliance,self_paced,2,True,1876,1,0,1,0.4,0.2,0.2,0.2,0,0.5,0,0.5,0,0.5,0,32,not_training_eligible,
R000069,E0004,EV_001,2024-11-04,2024-12-04,completed,100,82.0,,hr,Data Analyst,Middle,office,ru,2021-10-21,compliance,self_paced,2,True,1110,1,0,0,0.25,0.25,0.25,0.25,0,0.5,0,0.5,0,0.5,1,-1,not_training_eligible,
R000070,E0004,EV_040,2024-11-04,,completed,100,,5.0,self,Data Analyst,Middle,office,ru,2021-10-21,workshop,offline,4,False,1110,1,0,0,0.25,0.25,0.25,0.25,0,0.5,0,0.5,5,0.5714285714285714,1,-1,completed,1
R000071,E0005,EV_001,2024-11-04,2024-12-04,completed,100,90.0,,hr,Backend Engineer,Middle,hybrid,kk,2024-06-12,compliance,self_paced,2,True,145,1,0,0,0.25,0.25,0.25,0.25,0,0.5,0,0.5,0,0.5,1,-1,not_training_eligible,
R000072,E0006,EV_001,2024-11-04,2024-12-04,completed,100,88.0,,hr,Frontend Engineer,Lead,office,kk,2018-01-16,compliance,self_paced,2,True,2484,1,0,0,0.25,0.25,0.25,0.25,0,0.5,0,0.5,0,0.5,1,-1,not_training_eligible,
R000073,E0007,EV_001,2024-11-04,2024-12-04,completed,100,87.0,,hr,Backend Engineer,Senior,office,kk,2018-10-26,compliance,self_paced,2,True,2201,1,0,1,0.4,0.2,0.2,0.2,0,0.5,0,0.5,0,0.5,0,31,not_training_eligible,
R000074,E0010,EV_001,2024-11-04,2024-12-04,completed,100,96.0,,hr,Customer Support Specialist,Middle,remote,ru,2023-11-24,compliance,self_paced,2,True,346,1,0,1,0.2,0.4,0.2,0.2,0,0.5,0,0.5,0,0.5,0,6,not_training_eligible,
R000075,E0011,EV_001,2024-11-04,2024-12-04,completed,100,80.0,,hr,Data Analyst,Senior,office,kk,2021-01-11,compliance,self_paced,2,True,1393,1,0,0,0.25,0.25,0.25,0.25,0,0.5,0,0.5,0,0.5,1,-1,not_training_eligible,
R000076,E0012,EV_001,2024-11-04,2024-12-04,completed,100,77.0,,hr,Sales Manager,Middle,hybrid,ru,2022-01-19,compliance,self_paced,2,True,1020,1,0,0,0.25,0.25,0.25,0.25,0,0.5,0,0.5,0,0.5,1,-1,not_training_eligible,
R000077,E0013,EV_001,2024-11-04,2024-12-04,completed,100,87.0,,hr,Backend Engineer,Senior,office,ru,2020-12-28,compliance,self_paced,2,True,1407,1,0,2,0.3333333333333333,0.16666666666666666,0.3333333333333333,0.16666666666666666,0,0.5,0,0.5,0,0.5,0,14,not_training_eligible,
R000078,E0014,EV_001,2024-11-04,2024-12-04,completed,100,70.0,,hr,HR Business Partner,Lead,office,en,2019-10-02,compliance,self_paced,2,True,1860,1,0,0,0.25,0.25,0.25,0.25,0,0.5,0,0.5,0,0.5,1,-1,not_training_eligible,
R000079,E0015,EV_001,2024-11-04,2024-12-04,completed,100,91.0,,hr,Frontend Engineer,Middle,office,ru,2024-03-20,compliance,self_paced,2,True,229,1,0,0,0.25,0.25,0.25,0.25,0,0.5,0,0.5,0,0.5,1,-1,not_training_eligible,
R000080,E0017,EV_001,2024-11-04,2024-12-04,completed,100,70.0,,hr,Product Manager,Senior,office,ru,2019-02-26,compliance,self_paced,2,True,2078,1,0,1,0.4,0.2,0.2,0.2,0,0.5,0,0.5,0,0.5,0,6,not_training_eligible,
R000081,E0018,EV_001,2024-11-04,2024-12-04,completed,100,77.0,,hr,Customer Support Specialist,Junior,remote,en,2024-03-26,compliance,self_paced,2,True,223,1,0,1,0.4,0.2,0.2,0.2,0,0.5,0,0.5,0,0.5,0,34,not_training_eligible,
R000082,E0020,EV_001,2024-11-04,2024-12-04,completed,100,86.0,,hr,Product Manager,Junior,remote,ru,2024-05-22,compliance,self_paced,2,True,166,1,0,0,0.25,0.25,0.25,0.25,0,0.5,0,0.5,0,0.5,1,-1,not_training_eligible,
R000083,E0021,EV_001,2024-11-04,2024-12-04,completed,100,70.0,,hr,Customer Support Specialist,Middle,remote,ru,2024-09-12,compliance,self_paced,2,True,53,1,0,0,0.25,0.25,0.25,0.25,0,0.5,0,0.5,0,0.5,1,-1,not_training_eligible,
R000084,E0025,EV_001,2024-11-04,2024-12-04,completed,100,97.0,,hr,Data Analyst,Junior,office,kk,2024-04-22,compliance,self_paced,2,True,196,1,0,0,0.25,0.25,0.25,0.25,0,0.5,0,0.5,0,0.5,1,-1,not_training_eligible,
R000085,E0026,EV_001,2024-11-04,2024-12-04,completed,100,81.0,,hr,Backend Engineer,Senior,hybrid,kk,2022-04-25,compliance,self_paced,2,True,924,1,0,0,0.25,0.25,0.25,0.25,0,0.5,0,0.5,0,0.5,1,-1,not_training_eligible,
R000086,E0028,EV_001,2024-11-04,2024-12-04,completed,100,90.0,,hr,Backend Engineer,Middle,hybrid,kk,2022-05-23,compliance,self_paced,2,True,896,1,0,1,0.2,0.2,0.4,0.2,0,0.5,0,0.5,0,0.5,0,17,not_training_eligible,
R000087,E0032,EV_001,2024-11-04,2024-12-04,completed,100,79.0,,hr,Data Analyst,Junior,hybrid,kk,2024-07-18,compliance,self_paced,2,True,109,1,0,0,0.25,0.25,0.25,0.25,0,0.5,0,0.5,0,0.5,1,-1,not_training_eligible,
R000088,E0035,EV_001,2024-11-04,2024-12-04,completed,100,96.0,,hr,Customer Support Specialist,Lead,hybrid,ru,2021-08-26,compliance,self_paced,2,True,1166,1,0,0,0.25,0.25,0.25,0.25,0,0.5,0,0.5,0,0.5,1,-1,not_training_eligible,
R000089,E0038,EV_001,2024-11-04,2024-12-04,completed,100,95.0,,hr,Product Manager,Senior,hybrid,kk,2022-06-24,compliance,self_paced,2,True,864,1,0,0,0.25,0.25,0.25,0.25,0,0.5,0,0.5,0,0.5,1,-1,not_training_eligible,
R000090,E0039,EV_001,2024-11-04,2024-12-04,completed,100,75.0,,hr,Data Analyst,Middle,hybrid,ru,2022-08-29,compliance,self_paced,2,True,798,1,0,0,0.25,0.25,0.25,0.25,0,0.5,0,0.5,0,0.5,1,-1,not_training_eligible,
R000091,E0041,EV_001,2024-11-04,2024-12-04,completed,100,83.0,,hr,Product Manager,Senior,office,kk,2023-09-22,compliance,self_paced,2,True,409,1,0,0,0.25,0.25,0.25,0.25,0,0.5,0,0.5,0,0.5,1,-1,not_training_eligible,
R000092,E0042,EV_001,2024-11-04,2024-12-04,completed,100,78.0,,hr,Frontend Engineer,Junior,hybrid,ru,2024-08-21,compliance,self_paced,2,True,75,1,0,0,0.25,0.25,0.25,0.25,0,0.5,0,0.5,0,0.5,1,-1,not_training_eligible,
R000093,E0043,EV_001,2024-11-04,2024-12-04,completed,100,83.0,,hr,Frontend Engineer,Senior,hybrid,ru,2021-08-13,compliance,self_paced,2,True,1179,1,0,1,0.4,0.2,0.2,0.2,0,0.5,0,0.5,0,0.5,0,27,not_training_eligible,
R000094,E0044,EV_001,2024-11-04,2024-12-04,completed,100,94.0,,hr,Frontend Engineer,Lead,office,kk,2022-10-17,compliance,self_paced,2,True,749,1,0,0,0.25,0.25,0.25,0.25,0,0.5,0,0.5,0,0.5,1,-1,not_training_eligible,
R000095,E0044,EV_014,2024-11-04,,completed,100,,,self,Frontend Engineer,Lead,office,kk,2022-10-17,workshop,offline,8,False,749,1,0,0,0.25,0.25,0.25,0.25,0,0.5,0,0.5,0,0.5,1,-1,completed,1
R000096,E0046,EV_001,2024-11-04,2024-12-04,completed,100,75.0,,hr,Sales Manager,Middle,hybrid,ru,2024-02-26,compliance,self_paced,2,True,252,1,0,1,0.4,0.2,0.2,0.2,0,0.5,0,0.5,0,0.5,0,7,not_training_eligible,
R000097,E0047,EV_001,2024-11-04,2024-12-04,completed,100,87.0,,hr,Backend Engineer,Middle,office,ru,2022-12-22,compliance,self_paced,2,True,683,1,0,0,0.25,0.25,0.25,0.25,0,0.5,0,0.5,0,0.5,1,-1,not_training_eligible,
R000098,E0050,EV_001,2024-11-04,2024-12-04,completed,100,97.0,,hr,Backend Engineer,Lead,hybrid,ru,2017-01-24,compliance,self_paced,2,True,2841,1,0,0,0.25,0.25,0.25,0.25,0,0.5,0,0.5,0,0.5,1,-1,not_training_eligible,
R000099,E0051,EV_001,2024-11-04,2024-12-04,completed,100,93.0,,hr,Sales Manager,Senior,office,kk,2023-01-30,compliance,self_paced,2,True,644,1,0,1,0.4,0.2,0.2,0.2,0,0.5,0,0.5,0,0.5,0,6,not_training_eligible,
R000100,E0053,EV_001,2024-11-04,2024-12-04,completed,100,72.0,,hr,QA Engineer,Junior,remote,kk,2024-05-28,compliance,self_paced,2,True,160,1,0,1,0.2,0.2,0.4,0.2,0,0.5,0,0.5,0,0.5,0,3,not_training_eligible,
R000101,E0054,EV_001,2024-11-04,2024-12-04,completed,100,81.0,,hr,Data Analyst,Senior,hybrid,kk,2022-11-30,compliance,self_paced,2,True,705,1,0,1,0.2,0.2,0.2,0.4,0,0.5,0,0.5,0,0.5,0,34,not_training_eligible,
R000102,E0055,EV_001,2024-11-04,2024-12-04,completed,100,90.0,,hr,Product Manager,Lead,hybrid,en,2023-02-22,compliance,self_paced,2,True,621,1,0,0,0.25,0.25,0.25,0.25,0,0.5,0,0.5,0,0.5,1,-1,not_training_eligible,
R000103,E0056,EV_001,2024-11-04,2024-12-04,completed,100,70.0,,hr,Sales Manager,Middle,office,ru,2022-07-18,compliance,self_paced,2,True,840,1,0,1,0.2,0.2,0.4,0.2,0,0.5,0,0.5,0,0.5,0,18,not_training_eligible,
R000104,E0057,EV_001,2024-11-04,2024-12-04,completed,100,82.0,,hr,Sales Manager,Senior,hybrid,kk,2023-10-19,compliance,self_paced,2,True,382,1,0,1,0.4,0.2,0.2,0.2,0,0.5,0,0.5,0,0.5,0,28,not_training_eligible,
R000105,E0059,EV_001,2024-11-04,2024-12-04,completed,100,86.0,,hr,Sales Manager,Middle,remote,ru,2023-06-28,compliance,self_paced,2,True,495,1,0,2,0.5,0.16666666666666666,0.16666666666666666,0.16666666666666666,0,0.5,0,0.5,0,0.5,0,14,not_training_eligible,
R000106,E0060,EV_001,2024-11-04,2024-12-04,completed,100,72.0,,hr,Product Manager,Lead,office,kk,2021-10-18,compliance,self_paced,2,True,1113,1,0,2,0.5,0.16666666666666666,0.16666666666666666,0.16666666666666666,0,0.5,0,0.5,0,0.5,0,11,not_training_eligible,
R000107,E0061,EV_001,2024-11-04,2024-12-04,completed,100,94.0,,hr,Data Analyst,Lead,remote,kk,2023-07-17,compliance,self_paced,2,True,476,1,0,1,0.4,0.2,0.2,0.2,0,0.5,0,0.5,0,0.5,0,19,not_training_eligible,
R000108,E0062,EV_001,2024-11-04,2024-12-04,completed,100,88.0,,hr,Sales Manager,Middle,office,ru,2022-06-22,compliance,self_paced,2,True,866,1,0,1,0.4,0.2,0.2,0.2,0,0.5,0,0.5,0,0.5,0,19,not_training_eligible,
R000109,E0063,EV_001,2024-11-04,2024-12-04,completed,100,77.0,,hr,QA Engineer,Lead,office,kk,2023-08-29,compliance,self_paced,2,True,433,1,0,1,0.2,0.4,0.2,0.2,0,0.5,0,0.5,0,0.5,0,33,not_training_eligible,
R000110,E0064,EV_001,2024-11-04,2024-12-04,completed,100,85.0,,hr,Backend Engineer,Senior,office,ru,2021-10-20,compliance,self_paced,2,True,1111,1,0,0,0.25,0.25,0.25,0.25,0,0.5,0,0.5,0,0.5,1,-1,not_training_eligible,
R000111,E0065,EV_001,2024-11-04,2024-12-04,completed,100,87.0,,hr,QA Engineer,Middle,hybrid,en,2022-08-01,compliance,self_paced,2,True,826,1,0,1,0.4,0.2,0.2,0.2,0,0.5,0,0.5,0,0.5,0,5,not_training_eligible,
R000112,E0066,EV_001,2024-11-04,2024-12-04,completed,100,90.0,,hr,QA Engineer,Middle,office,en,2024-05-14,compliance,self_paced,2,True,174,1,0,0,0.25,0.25,0.25,0.25,0,0.5,0,0.5,0,0.5,1,-1,not_training_eligible,
R000113,E0069,EV_001,2024-11-04,2024-12-04,completed,100,70.0,,hr,Backend Engineer,Middle,hybrid,en,2023-09-20,compliance,self_paced,2,True,411,1,0,0,0.25,0.25,0.25,0.25,0,0.5,0,0.5,0,0.5,1,-1,not_training_eligible,
R000114,E0070,EV_001,2024-11-04,2024-12-04,completed,100,87.0,,hr,Customer Support Specialist,Senior,hybrid,kk,2022-11-30,compliance,self_paced,2,True,705,1,0,0,0.25,0.25,0.25,0.25,0,0.5,0,0.5,0,0.5,1,-1,not_training_eligible,
R000115,E0071,EV_001,2024-11-04,2024-12-04,completed,100,96.0,,hr,Product Manager,Middle,office,kk,2022-11-14,compliance,self_paced,2,True,721,1,0,1,0.4,0.2,0.2,0.2,0,0.5,0,0.5,0,0.5,0,27,not_training_eligible,
R000116,E0072,EV_001,2024-11-04,2024-12-04,completed,100,91.0,,hr,QA Engineer,Middle,office,ru,2024-04-15,compliance,self_paced,2,True,203,1,0,0,0.25,0.25,0.25,0.25,0,0.5,0,0.5,0,0.5,1,-1,not_training_eligible,
R000117,E0073,EV_001,2024-11-04,2024-12-04,completed,100,100.0,,hr,Data Analyst,Senior,office,ru,2022-08-29,compliance,self_paced,2,True,798,1,0,2,0.3333333333333333,0.3333333333333333,0.16666666666666666,0.16666666666666666,1,0.3333333333333333,0,0.5,0,0.5,0,5,not_training_eligible,
R000118,E0074,EV_001,2024-11-04,2024-12-04,completed,100,99.0,,hr,Product Manager,Middle,office,kk,2022-04-20,compliance,self_paced,2,True,929,1,0,0,0.25,0.25,0.25,0.25,0,0.5,0,0.5,0,0.5,1,-1,not_training_eligible,
R000119,E0075,EV_001,2024-11-04,2024-12-04,completed,100,90.0,,hr,Frontend Engineer,Senior,office,kk,2018-10-22,compliance,self_paced,2,True,2205,1,0,0,0.25,0.25,0.25,0.25,0,0.5,0,0.5,0,0.5,1,-1,not_training_eligible,
R000120,E0079,EV_004,2024-11-04,2024-11-13,completed,100,,4.0,hr,Sales Manager,Junior,office,ru,2024-10-14,onboarding,offline,8,True,21,1,0,0,0.25,0.25,0.25,0.25,0,0.5,0,0.5,0,0.5,0,18,not_training_eligible,
R000121,E0080,EV_001,2024-11-04,2024-12-04,completed,100,83.0,,hr,Data Analyst,Senior,hybrid,ru,2018-08-15,compliance,self_paced,2,True,2273,1,0,0,0.25,0.25,0.25,0.25,0,0.5,0,0.5,0,0.5,1,-1,not_training_eligible,
R000122,E0081,EV_001,2024-11-04,2024-12-04,completed,100,75.0,,hr,Customer Support Specialist,Middle,hybrid,kk,2023-12-29,compliance,self_paced,2,True,311,1,0,0,0.25,0.25,0.25,0.25,0,0.5,0,0.5,0,0.5,1,-1,not_training_eligible,
R000123,E0085,EV_001,2024-11-04,2024-12-04,completed,100,80.0,,hr,Data Analyst,Lead,hybrid,ru,2018-05-23,compliance,self_paced,2,True,2357,1,0,0,0.25,0.25,0.25,0.25,0,0.5,0,0.5,0,0.5,1,-1,not_training_eligible,
R000124,E0088,EV_001,2024-11-04,2024-12-04,completed,100,84.0,,hr,Backend Engineer,Senior,remote,kk,2019-04-22,compliance,self_paced,2,True,2023,1,0,0,0.25,0.25,0.25,0.25,0,0.5,0,0.5,0,0.5,1,-1,not_training_eligible,
R000125,E0091,EV_001,2024-11-04,2024-12-04,completed,100,96.0,,hr,QA Engineer,Senior,hybrid,kk,2024-05-28,compliance,self_paced,2,True,160,1,0,0,0.25,0.25,0.25,0.25,0,0.5,0,0.5,0,0.5,1,-1,not_training_eligible,
R000126,E0093,EV_001,2024-11-04,2024-12-04,completed,100,74.0,,hr,Customer Support Specialist,Middle,hybrid,kk,2022-08-31,compliance,self_paced,2,True,796,1,0,0,0.25,0.25,0.25,0.25,0,0.5,0,0.5,0,0.5,1,-1,not_training_eligible,
R000127,E0094,EV_001,2024-11-04,2024-12-04,completed,100,83.0,,hr,Sales Manager,Senior,hybrid,ru,2022-01-12,compliance,self_paced,2,True,1027,1,0,0,0.25,0.25,0.25,0.25,0,0.5,0,0.5,0,0.5,1,-1,not_training_eligible,
R000128,E0095,EV_001,2024-11-04,2024-12-04,completed,100,89.0,,hr,HR Business Partner,Middle,office,kk,2021-12-20,compliance,self_paced,2,True,1050,1,0,0,0.25,0.25,0.25,0.25,0,0.5,0,0.5,0,0.5,1,-1,not_training_eligible,
R000129,E0097,EV_001,2024-11-04,2024-12-04,completed,100,75.0,,hr,Backend Engineer,Senior,office,kk,2024-02-16,compliance,self_paced,2,True,262,1,0,1,0.4,0.2,0.2,0.2,0,0.5,0,0.5,0,0.5,0,14,not_training_eligible,
R000130,E0098,EV_001,2024-11-04,2024-12-04,completed,100,92.0,,hr,QA Engineer,Middle,hybrid,kk,2023-04-18,compliance,self_paced,2,True,566,1,0,0,0.25,0.25,0.25,0.25,0,0.5,0,0.5,0,0.5,1,-1,not_training_eligible,
R000131,E0099,EV_001,2024-11-04,2024-12-04,completed,100,75.0,,hr,HR Business Partner,Middle,hybrid,ru,2022-05-17,compliance,self_paced,2,True,902,1,0,2,0.3333333333333333,0.16666666666666666,0.3333333333333333,0.16666666666666666,1,0.6666666666666666,0,0.5,0,0.5,0,24,not_training_eligible,
R000132,E0102,EV_001,2024-11-04,2024-12-04,completed,100,90.0,,hr,Frontend Engineer,Junior,remote,ru,2024-05-30,compliance,self_paced,2,True,158,1,0,0,0.25,0.25,0.25,0.25,0,0.5,0,0.5,0,0.5,1,-1,not_training_eligible,
R000133,E0103,EV_001,2024-11-04,2024-12-04,completed,100,84.0,,hr,QA Engineer,Senior,remote,ru,2021-08-17,compliance,self_paced,2,True,1175,1,0,0,0.25,0.25,0.25,0.25,0,0.5,0,0.5,0,0.5,1,-1,not_training_eligible,
R000134,E0105,EV_001,2024-11-04,2024-12-04,completed,100,76.0,,hr,HR Business Partner,Senior,office,kk,2024-04-22,compliance,self_paced,2,True,196,1,0,0,0.25,0.25,0.25,0.25,0,0.5,0,0.5,0,0.5,1,-1,not_training_eligible,
R000135,E0106,EV_001,2024-11-04,2024-12-04,completed,100,96.0,,hr,Backend Engineer,Senior,remote,kk,2020-02-13,compliance,self_paced,2,True,1726,1,0,0,0.25,0.25,0.25,0.25,0,0.5,0,0.5,0,0.5,1,-1,not_training_eligible,
R000136,E0107,EV_001,2024-11-04,2024-12-04,completed,100,98.0,,hr,Product Manager,Middle,office,ru,2022-04-25,compliance,self_paced,2,True,924,1,0,2,0.5,0.16666666666666666,0.16666666666666666,0.16666666666666666,0,0.5,0,0.5,0,0.5,0,7,not_training_eligible,
R000137,E0108,EV_001,2024-11-04,2024-12-04,completed,100,88.0,,hr,Product Manager,Middle,office,ru,2022-04-18,compliance,self_paced,2,True,931,1,0,0,0.25,0.25,0.25,0.25,0,0.5,0,0.5,0,0.5,1,-1,not_training_eligible,
R000138,E0109,EV_001,2024-11-04,2024-12-04,completed,100,85.0,,hr,Frontend Engineer,Middle,office,ru,2023-12-21,compliance,self_paced,2,True,319,1,0,1,0.4,0.2,0.2,0.2,0,0.5,0,0.5,0,0.5,0,5,not_training_eligible,
R000139,E0111,EV_001,2024-11-04,2024-12-04,completed,100,87.0,,hr,QA Engineer,Middle,office,ru,2024-06-19,compliance,self_paced,2,True,138,1,0,1,0.4,0.2,0.2,0.2,1,0.6666666666666666,0,0.5,0,0.5,0,5,not_training_eligible,
R000140,E0112,EV_001,2024-11-04,2024-12-04,completed,100,82.0,,hr,Customer Support Specialist,Senior,hybrid,ru,2019-12-30,compliance,self_paced,2,True,1771,1,0,1,0.4,0.2,0.2,0.2,0,0.5,0,0.5,0,0.5,0,3,not_training_eligible,
R000141,E0118,EV_001,2024-11-04,2024-12-04,completed,100,73.0,,hr,Frontend Engineer,Middle,hybrid,ru,2021-11-01,compliance,self_paced,2,True,1099,1,0,0,0.25,0.25,0.25,0.25,0,0.5,0,0.5,0,0.5,1,-1,not_training_eligible,
R000142,E0118,EV_017,2024-11-04,,no_show,0,,,self,Frontend Engineer,Middle,hybrid,ru,2021-11-01,course,online,16,False,1099,1,0,0,0.25,0.25,0.25,0.25,0,0.5,0,0.5,0,0.5,1,-1,no_show,0
R000143,E0120,EV_001,2024-11-04,2024-12-04,completed,100,85.0,,hr,Frontend Engineer,Senior,hybrid,ru,2019-11-25,compliance,self_paced,2,True,1806,1,0,0,0.25,0.25,0.25,0.25,0,0.5,0,0.5,0,0.5,1,-1,not_training_eligible,
R000144,E0122,EV_001,2024-11-04,2024-12-04,completed,100,70.0,,hr,Frontend Engineer,Senior,hybrid,kk,2024-04-22,compliance,self_paced,2,True,196,1,0,0,0.25,0.25,0.25,0.25,0,0.5,0,0.5,0,0.5,1,-1,not_training_eligible,
R000145,E0123,EV_001,2024-11-04,2024-12-04,completed,100,76.0,,hr,Frontend Engineer,Senior,hybrid,kk,2021-04-15,compliance,self_paced,2,True,1299,1,0,1,0.4,0.2,0.2,0.2,0,0.5,0,0.5,0,0.5,0,4,not_training_eligible,
R000146,E0127,EV_001,2024-11-04,2024-12-04,completed,100,82.0,,hr,Backend Engineer,Middle,remote,kk,2022-06-29,compliance,self_paced,2,True,859,1,0,1,0.4,0.2,0.2,0.2,0,0.5,0,0.5,0,0.5,0,14,not_training_eligible,
R000147,E0128,EV_001,2024-11-04,2024-12-04,completed,100,76.0,,hr,Backend Engineer,Senior,hybrid,kk,2024-07-29,compliance,self_paced,2,True,98,1,0,0,0.25,0.25,0.25,0.25,0,0.5,0,0.5,0,0.5,1,-1,not_training_eligible,
R000148,E0131,EV_001,2024-11-04,2024-12-04,completed,100,82.0,,hr,HR Business Partner,Middle,office,ru,2022-10-31,compliance,self_paced,2,True,735,1,0,1,0.4,0.2,0.2,0.2,0,0.5,0,0.5,0,0.5,0,28,not_training_eligible,
R000149,E0132,EV_001,2024-11-04,2024-12-04,completed,100,92.0,,hr,Data Analyst,Senior,remote,en,2019-08-02,compliance,self_paced,2,True,1921,1,0,0,0.25,0.25,0.25,0.25,0,0.5,0,0.5,0,0.5,1,-1,not_training_eligible,
R000150,E0133,EV_001,2024-11-04,2024-12-04,completed,100,100.0,,hr,HR Business Partner,Lead,office,ru,2019-08-23,compliance,self_paced,2,True,1900,1,0,0,0.25,0.25,0.25,0.25,0,0.5,0,0.5,0,0.5,1,-1,not_training_eligible,
R000151,E0134,EV_001,2024-11-04,2024-12-04,completed,100,78.0,,hr,Product Manager,Middle,hybrid,ru,2023-05-01,compliance,self_paced,2,True,553,1,0,1,0.4,0.2,0.2,0.2,0,0.5,0,0.5,0,0.5,0,14,not_training_eligible,
R000152,E0136,EV_001,2024-11-04,2024-12-04,completed,100,89.0,,hr,Backend Engineer,Senior,hybrid,kk,2024-04-01,compliance,self_paced,2,True,217,1,0,0,0.25,0.25,0.25,0.25,0,0.5,0,0.5,0,0.5,1,-1,not_training_eligible,
R000153,E0138,EV_001,2024-11-04,2024-12-04,completed,100,71.0,,hr,Sales Manager,Senior,remote,ru,2020-10-21,compliance,self_paced,2,True,1475,1,0,1,0.2,0.2,0.2,0.4,0,0.5,0,0.5,0,0.5,0,26,not_training_eligible,
R000154,E0140,EV_001,2024-11-04,2024-12-04,completed,100,79.0,,hr,Backend Engineer,Middle,office,ru,2024-06-21,compliance,self_paced,2,True,136,1,0,0,0.25,0.25,0.25,0.25,0,0.5,0,0.5,0,0.5,1,-1,not_training_eligible,
R000155,E0143,EV_001,2024-11-04,2024-12-04,completed,100,96.0,,hr,Customer Support Specialist,Middle,office,kk,2023-08-15,compliance,self_paced,2,True,447,1,0,0,0.25,0.25,0.25,0.25,0,0.5,0,0.5,0,0.5,1,-1,not_training_eligible,
R000156,E0144,EV_001,2024-11-04,2024-12-04,completed,100,95.0,,hr,Customer Support Specialist,Junior,office,ru,2024-09-16,compliance,self_paced,2,True,49,1,0,0,0.25,0.25,0.25,0.25,0,0.5,0,0.5,0,0.5,1,-1,not_training_eligible,
R000157,E0145,EV_001,2024-11-04,2024-12-04,completed,100,83.0,,hr,QA Engineer,Senior,office,kk,2023-10-12,compliance,self_paced,2,True,389,1,0,0,0.25,0.25,0.25,0.25,0,0.5,0,0.5,0,0.5,1,-1,not_training_eligible,
R000158,E0147,EV_001,2024-11-04,2024-12-04,completed,100,89.0,,hr,Frontend Engineer,Middle,office,ru,2024-05-27,compliance,self_paced,2,True,161,1,0,1,0.4,0.2,0.2,0.2,0,0.5,0,0.5,0,0.5,0,4,not_training_eligible,
R000159,E0148,EV_001,2024-11-04,2024-12-04,completed,100,78.0,,hr,Sales Manager,Lead,office,kk,2020-08-18,compliance,self_paced,2,True,1539,1,0,1,0.4,0.2,0.2,0.2,0,0.5,0,0.5,0,0.5,0,4,not_training_eligible,
R000160,E0149,EV_001,2024-11-04,2024-12-04,completed,100,78.0,,hr,Sales Manager,Middle,office,ru,2022-10-26,compliance,self_paced,2,True,740,1,0,0,0.25,0.25,0.25,0.25,0,0.5,0,0.5,0,0.5,1,-1,not_training_eligible,
R000161,E0150,EV_001,2024-11-04,2024-12-04,completed,100,94.0,,hr,Backend Engineer,Middle,office,ru,2023-07-03,compliance,self_paced,2,True,490,1,0,1,0.4,0.2,0.2,0.2,0,0.5,0,0.5,0,0.5,0,13,not_training_eligible,
R000162,E0153,EV_001,2024-11-04,2024-12-04,completed,100,94.0,,hr,Sales Manager,Middle,office,ru,2022-10-17,compliance,self_paced,2,True,749,1,0,1,0.4,0.2,0.2,0.2,0,0.5,0,0.5,0,0.5,0,5,not_training_eligible,
R000163,E0154,EV_001,2024-11-04,2024-12-04,completed,100,79.0,,hr,Frontend Engineer,Middle,office,ru,2023-08-16,compliance,self_paced,2,True,446,1,0,1,0.4,0.2,0.2,0.2,0,0.5,0,0.5,0,0.5,0,27,not_training_eligible,
R000164,E0155,EV_001,2024-11-04,2024-12-04,completed,100,85.0,,hr,Backend Engineer,Middle,hybrid,kk,2023-06-19,compliance,self_paced,2,True,504,1,0,0,0.25,0.25,0.25,0.25,0,0.5,0,0.5,0,0.5,1,-1,not_training_eligible,
R000165,E0158,EV_001,2024-11-04,2024-12-04,completed,100,74.0,,hr,Sales Manager,Senior,office,kk,2018-08-27,compliance,self_paced,2,True,2261,1,0,1,0.2,0.2,0.2,0.4,0,0.5,0,0.5,0,0.5,0,20,not_training_eligible,
R000166,E0161,EV_001,2024-11-04,2024-12-04,completed,100,73.0,,hr,Sales Manager,Senior,remote,ru,2024-05-15,compliance,self_paced,2,True,173,1,0,0,0.25,0.25,0.25,0.25,0,0.5,0,0.5,0,0.5,1,-1,not_training_eligible,
R000167,E0162,EV_001,2024-11-04,2024-12-04,completed,100,90.0,,hr,Data Analyst,Middle,hybrid,kk,2024-01-15,compliance,self_paced,2,True,294,1,0,1,0.4,0.2,0.2,0.2,0,0.5,0,0.5,0,0.5,0,7,not_training_eligible,
R000168,E0163,EV_001,2024-11-04,2024-12-04,completed,100,91.0,,hr,Sales Manager,Middle,office,ru,2022-05-25,compliance,self_paced,2,True,894,1,0,0,0.25,0.25,0.25,0.25,0,0.5,0,0.5,0,0.5,1,-1,not_training_eligible,
R000169,E0164,EV_001,2024-11-04,2024-12-04,completed,100,78.0,,hr,Backend Engineer,Middle,hybrid,ru,2022-08-26,compliance,self_paced,2,True,801,1,0,1,0.2,0.2,0.4,0.2,0,0.5,0,0.5,0,0.5,0,21,not_training_eligible,
R000170,E0165,EV_001,2024-11-04,2024-12-04,completed,100,79.0,,hr,Product Manager,Junior,office,ru,2024-08-30,compliance,self_paced,2,True,66,1,0,1,0.4,0.2,0.2,0.2,0,0.5,0,0.5,0,0.5,0,18,not_training_eligible,
R000171,E0168,EV_001,2024-11-04,2024-12-04,completed,100,87.0,,hr,Customer Support Specialist,Middle,remote,kk,2023-07-19,compliance,self_paced,2,True,474,1,0,0,0.25,0.25,0.25,0.25,0,0.5,0,0.5,0,0.5,1,-1,not_training_eligible,
R000172,E0169,EV_001,2024-11-04,2024-12-04,completed,100,89.0,,hr,Sales Manager,Lead,office,kk,2020-04-29,compliance,self_paced,2,True,1650,1,0,0,0.25,0.25,0.25,0.25,0,0.5,0,0.5,0,0.5,1,-1,not_training_eligible,
R000173,E0172,EV_001,2024-11-04,2024-12-04,completed,100,94.0,,hr,HR Business Partner,Senior,remote,ru,2018-08-27,compliance,self_paced,2,True,2261,1,0,1,0.4,0.2,0.2,0.2,0,0.5,0,0.5,0,0.5,0,11,not_training_eligible,
R000174,E0173,EV_001,2024-11-04,2024-12-04,completed,100,98.0,,hr,HR Business Partner,Senior,remote,kk,2019-04-25,compliance,self_paced,2,True,2020,1,0,0,0.25,0.25,0.25,0.25,0,0.5,0,0.5,0,0.5,1,-1,not_training_eligible,
R000175,E0175,EV_001,2024-11-04,2024-12-04,completed,100,76.0,,hr,Backend Engineer,Lead,hybrid,kk,2016-10-03,compliance,self_paced,2,True,2954,1,0,0,0.25,0.25,0.25,0.25,0,0.5,0,0.5,0,0.5,1,-1,not_training_eligible,
R000176,E0176,EV_001,2024-11-04,2024-12-04,completed,100,71.0,,hr,Product Manager,Junior,hybrid,ru,2024-04-29,compliance,self_paced,2,True,189,1,0,1,0.4,0.2,0.2,0.2,0,0.5,0,0.5,0,0.5,0,5,not_training_eligible,
R000177,E0177,EV_001,2024-11-04,2024-12-04,completed,100,94.0,,hr,Customer Support Specialist,Middle,office,ru,2024-08-12,compliance,self_paced,2,True,84,1,0,0,0.25,0.25,0.25,0.25,0,0.5,0,0.5,0,0.5,1,-1,not_training_eligible,
R000178,E0179,EV_001,2024-11-04,2024-12-04,completed,100,82.0,,hr,QA Engineer,Lead,hybrid,ru,2020-01-30,compliance,self_paced,2,True,1740,1,0,0,0.25,0.25,0.25,0.25,0,0.5,0,0.5,0,0.5,1,-1,not_training_eligible,
R000179,E0180,EV_001,2024-11-04,2024-12-04,completed,100,88.0,,hr,Customer Support Specialist,Lead,hybrid,kk,2020-05-14,compliance,self_paced,2,True,1635,1,0,1,0.4,0.2,0.2,0.2,0,0.5,0,0.5,0,0.5,0,6,not_training_eligible,
R000180,E0182,EV_001,2024-11-04,2024-12-04,completed,100,73.0,,hr,Frontend Engineer,Middle,office,ru,2024-06-14,compliance,self_paced,2,True,143,1,0,0,0.25,0.25,0.25,0.25,0,0.5,0,0.5,0,0.5,1,-1,not_training_eligible,
R000181,E0184,EV_001,2024-11-04,2024-12-04,completed,100,95.0,,hr,Backend Engineer,Middle,office,ru,2024-10-30,compliance,self_paced,2,True,5,1,0,0,0.25,0.25,0.25,0.25,0,0.5,0,0.5,0,0.5,1,-1,not_training_eligible,
R000182,E0184,EV_002,2024-11-04,2024-12-04,completed,100,86.0,,hr,Backend Engineer,Middle,office,ru,2024-10-30,compliance,self_paced,2,True,5,1,0,0,0.25,0.25,0.25,0.25,0,0.5,0,0.5,0,0.5,1,-1,not_training_eligible,
R000183,E0184,EV_003,2024-11-04,2024-12-04,completed,100,100.0,,hr,Backend Engineer,Middle,office,ru,2024-10-30,compliance,self_paced,2,True,5,1,0,0,0.25,0.25,0.25,0.25,0,0.5,0,0.5,0,0.5,1,-1,not_training_eligible,
R000184,E0185,EV_004,2024-11-04,2024-11-20,completed,100,,5.0,hr,Customer Support Specialist,Middle,remote,kk,2024-10-21,onboarding,offline,8,True,14,1,0,0,0.25,0.25,0.25,0.25,0,0.5,0,0.5,0,0.5,0,11,not_training_eligible,
R000185,E0186,EV_001,2024-11-04,2024-12-04,completed,100,93.0,,hr,Backend Engineer,Middle,hybrid,ru,2022-06-16,compliance,self_paced,2,True,872,1,0,0,0.25,0.25,0.25,0.25,0,0.5,0,0.5,0,0.5,1,-1,not_training_eligible,
R000186,E0187,EV_001,2024-11-04,2024-12-04,completed,100,93.0,,hr,Data Analyst,Junior,office,ru,2024-03-25,compliance,self_paced,2,True,224,1,0,0,0.25,0.25,0.25,0.25,0,0.5,0,0.5,0,0.5,1,-1,not_training_eligible,
R000187,E0189,EV_001,2024-11-04,2024-12-04,completed,100,79.0,,hr,QA Engineer,Senior,office,ru,2019-11-18,compliance,self_paced,2,True,1813,1,0,1,0.4,0.2,0.2,0.2,0,0.5,0,0.5,0,0.5,0,21,not_training_eligible,
R000188,E0190,EV_001,2024-11-04,2024-12-04,completed,100,77.0,,hr,Backend Engineer,Senior,office,kk,2023-11-30,compliance,self_paced,2,True,340,1,0,0,0.25,0.25,0.25,0.25,0,0.5,0,0.5,0,0.5,1,-1,not_training_eligible,
R000189,E0191,EV_001,2024-11-04,2024-12-04,completed,100,84.0,,hr,Sales Manager,Middle,office,ru,2022-03-15,compliance,self_paced,2,True,965,1,0,0,0.25,0.25,0.25,0.25,0,0.5,0,0.5,0,0.5,1,-1,not_training_eligible,
R000190,E0193,EV_001,2024-11-04,2024-12-04,completed,100,74.0,,hr,Data Analyst,Middle,office,ru,2022-08-01,compliance,self_paced,2,True,826,1,0,0,0.25,0.25,0.25,0.25,0,0.5,0,0.5,0,0.5,1,-1,not_training_eligible,
R000191,E0194,EV_001,2024-11-04,2024-12-04,completed,100,88.0,,hr,Frontend Engineer,Senior,remote,ru,2021-07-14,compliance,self_paced,2,True,1209,1,0,0,0.25,0.25,0.25,0.25,0,0.5,0,0.5,0,0.5,1,-1,not_training_eligible,
R000192,E0197,EV_001,2024-11-04,2024-12-04,completed,100,78.0,,hr,QA Engineer,Middle,hybrid,ru,2022-08-15,compliance,self_paced,2,True,812,1,0,0,0.25,0.25,0.25,0.25,0,0.5,0,0.5,0,0.5,1,-1,not_training_eligible,
R000193,E0198,EV_001,2024-11-04,2024-12-04,completed,100,87.0,,hr,Sales Manager,Junior,office,ru,2024-06-26,compliance,self_paced,2,True,131,1,0,1,0.4,0.2,0.2,0.2,0,0.5,0,0.5,0,0.5,0,4,not_training_eligible,
R000194,E0199,EV_001,2024-11-04,2024-12-04,completed,100,97.0,,hr,Data Analyst,Senior,hybrid,ru,2019-12-24,compliance,self_paced,2,True,1777,1,0,0,0.25,0.25,0.25,0.25,0,0.5,0,0.5,0,0.5,1,-1,not_training_eligible,
R000195,E0095,EV_028,2024-11-05,,no_show,0,,,self,HR Business Partner,Middle,office,kk,2021-12-20,workshop,online,4,False,1051,1,0,0,0.25,0.25,0.25,0.25,0,0.5,0,0.5,0,0.5,0,1,no_show,0
R000196,E0153,EV_032,2024-11-05,,completed,100,,,manager,Sales Manager,Middle,office,ru,2022-10-17,workshop,offline,8,False,750,1,0,1,0.4,0.2,0.2,0.2,0,0.5,0,0.5,3,0.8,0,1,completed,1
R000197,E0184,EV_004,2024-11-05,2024-11-29,completed,100,,,hr,Backend Engineer,Middle,office,ru,2024-10-30,onboarding,offline,8,True,6,1,0,0,0.25,0.25,0.25,0.25,0,0.5,0,0.5,0,0.5,0,1,not_training_eligible,
R000198,E0018,EV_039,2024-11-06,,declined,0,,,manager,Customer Support Specialist,Junior,remote,en,2024-03-26,workshop,online,3,False,225,1,0,1,0.4,0.2,0.2,0.2,1,0.6666666666666666,0,0.5,2,0.75,0,2,declined,0
R000199,E0120,EV_038,2024-11-06,,completed,100,65.0,3.0,manager,Frontend Engineer,Senior,hybrid,ru,2019-11-25,course,online,16,False,1808,1,0,0,0.25,0.25,0.25,0.25,0,0.5,0,0.5,4,0.8333333333333334,0,2,completed,1
R000200,E0150,EV_012,2024-11-06,,completed,100,82.0,2.0,manager,Backend Engineer,Middle,office,ru,2023-07-03,course,self_paced,24,False,492,1,0,1,0.4,0.2,0.2,0.2,0,0.5,0,0.5,0,0.5,0,2,completed,1
R000201,E0053,EV_019,2024-11-07,,no_show,0,,,manager,QA Engineer,Junior,remote,kk,2024-05-28,workshop,offline,8,False,163,2,1,1,0.2,0.2,0.4,0.2,1,0.3333333333333333,1,0.3333333333333333,1,0.3333333333333333,0,3,no_show,0
R000202,E0055,EV_037,2024-11-07,,completed,100,,4.0,self,Product Manager,Lead,hybrid,en,2023-02-22,mentoring,online,12,False,624,1,0,0,0.25,0.25,0.25,0.25,0,0.5,0,0.5,3,0.6,0,3,completed,1
R000203,E0103,EV_008,2024-11-07,,completed,100,,4.0,self,QA Engineer,Senior,remote,ru,2021-08-17,workshop,online,4,False,1178,1,0,0,0.25,0.25,0.25,0.25,0,0.5,0,0.5,9,0.8181818181818182,0,3,completed,1
R000204,E0109,EV_005,2024-11-07,,dropped,30,,2.0,hr,Frontend Engineer,Middle,office,ru,2023-12-21,course,online,16,False,322,1,0,1,0.4,0.2,0.2,0.2,1,0.6666666666666666,0,0.5,0,0.5,0,3,dropped,0
R000205,E0140,EV_037,2024-11-07,,dropped,45,,1.0,self,Backend Engineer,Middle,office,ru,2024-06-21,mentoring,online,12,False,139,1,0,0,0.25,0.25,0.25,0.25,0,0.5,0,0.5,3,0.6,0,3,dropped,0
R000206,E0198,EV_008,2024-11-07,,completed,100,,,self,Sales Manager,Junior,office,ru,2024-06-26,workshop,online,4,False,134,1,0,1,0.4,0.2,0.2,0.2,0,0.5,1,0.6666666666666666,9,0.8181818181818182,0,3,completed,1
R000207,E0099,EV_034,2024-11-08,,dropped,90,,,self,HR Business Partner,Middle,hybrid,ru,2022-05-17,workshop,online,4,False,906,1,0,2,0.3333333333333333,0.16666666666666666,0.3333333333333333,0.16666666666666666,1,0.3333333333333333,1,0.3333333333333333,2,0.5,0,4,dropped,0
R000208,E0067,EV_004,2024-11-11,2024-11-15,completed,100,,5.0,hr,Frontend Engineer,Middle,hybrid,ru,2024-10-16,onboarding,offline,8,True,26,1,0,0,0.25,0.25,0.25,0.25,0,0.5,0,0.5,0,0.5,0,21,not_training_eligible,
R000209,E0073,EV_040,2024-11-12,,dropped,25,,,manager,Data Analyst,Senior,office,ru,2022-08-29,workshop,offline,4,False,806,1,0,2,0.3333333333333333,0.3333333333333333,0.16666666666666666,0.16666666666666666,0,0.5,0,0.5,6,0.625,0,8,dropped,0
R000210,E0123,EV_016,2024-11-12,,no_show,0,,,manager,Frontend Engineer,Senior,hybrid,kk,2021-04-15,workshop,online,4,False,1307,1,0,1,0.4,0.2,0.2,0.2,0,0.5,0,0.5,0,0.5,0,8,no_show,0
R000211,E0143,EV_035,2024-11-12,,dropped,30,,,manager,Customer Support Specialist,Middle,office,kk,2023-08-15,course,online,16,False,455,1,0,0,0.25,0.25,0.25,0.25,0,0.5,0,0.5,3,0.6,0,8,dropped,0
R000212,E0057,EV_033,2024-11-13,,completed,100,76.0,,manager,Sales Manager,Senior,hybrid,kk,2023-10-19,course,online,10,False,391,1,0,1,0.4,0.2,0.2,0.2,0,0.5,0,0.5,3,0.6,0,9,completed,1
R000213,E0063,EV_040,2024-11-13,,completed,100,,5.0,manager,QA Engineer,Lead,office,kk,2023-08-29,workshop,offline,4,False,442,1,0,1,0.2,0.4,0.2,0.2,0,0.5,0,0.5,7,0.5555555555555556,0,9,completed,1
R000214,E0006,EV_014,2024-11-14,,declined,0,,,manager,Frontend Engineer,Lead,office,kk,2018-01-16,workshop,offline,8,False,2494,1,0,0,0.25,0.25,0.25,0.25,0,0.5,0,0.5,1,0.6666666666666666,0,10,declined,0
R000215,E0008,EV_001,2024-11-14,2024-12-14,completed,100,98.0,,hr,Frontend Engineer,Senior,remote,en,2024-11-11,compliance,self_paced,2,True,3,1,0,0,0.25,0.25,0.25,0.25,0,0.5,0,0.5,0,0.5,1,-1,not_training_eligible,
R000216,E0008,EV_002,2024-11-14,2024-12-14,completed,100,83.0,,hr,Frontend Engineer,Senior,remote,en,2024-11-11,compliance,self_paced,2,True,3,1,0,0,0.25,0.25,0.25,0.25,0,0.5,0,0.5,0,0.5,1,-1,not_training_eligible,
R000217,E0008,EV_003,2024-11-14,2024-12-14,completed,100,96.0,,hr,Frontend Engineer,Senior,remote,en,2024-11-11,compliance,self_paced,2,True,3,1,0,0,0.25,0.25,0.25,0.25,0,0.5,0,0.5,0,0.5,1,-1,not_training_eligible,
R000218,E0037,EV_001,2024-11-14,2024-12-14,completed,100,82.0,,hr,Frontend Engineer,Junior,remote,ru,2024-11-11,compliance,self_paced,2,True,3,1,0,0,0.25,0.25,0.25,0.25,0,0.5,0,0.5,0,0.5,1,-1,not_training_eligible,
R000219,E0037,EV_002,2024-11-14,2024-12-14,completed,100,84.0,,hr,Frontend Engineer,Junior,remote,ru,2024-11-11,compliance,self_paced,2,True,3,1,0,0,0.25,0.25,0.25,0.25,0,0.5,0,0.5,0,0.5,1,-1,not_training_eligible,
R000220,E0037,EV_003,2024-11-14,2024-12-14,completed,100,74.0,,hr,Frontend Engineer,Junior,remote,ru,2024-11-11,compliance,self_paced,2,True,3,1,0,0,0.25,0.25,0.25,0.25,0,0.5,0,0.5,0,0.5,1,-1,not_training_eligible,
R000221,E0078,EV_001,2024-11-14,2024-12-14,completed,100,85.0,,hr,Customer Support Specialist,Junior,hybrid,kk,2024-11-11,compliance,self_paced,2,True,3,1,0,0,0.25,0.25,0.25,0.25,0,0.5,0,0.5,0,0.5,1,-1,not_training_eligible,
R000222,E0078,EV_002,2024-11-14,2024-12-14,completed,100,78.0,,hr,Customer Support Specialist,Junior,hybrid,kk,2024-11-11,compliance,self_paced,2,True,3,1,0,0,0.25,0.25,0.25,0.25,0,0.5,0,0.5,0,0.5,1,-1,not_training_eligible,
R000223,E0078,EV_003,2024-11-14,2024-12-14,completed,100,74.0,,hr,Customer Support Specialist,Junior,hybrid,kk,2024-11-11,compliance,self_paced,2,True,3,1,0,0,0.25,0.25,0.25,0.25,0,0.5,0,0.5,0,0.5,1,-1,not_training_eligible,
R000224,E0149,EV_039,2024-11-14,,no_show,0,,,self,Sales Manager,Middle,office,ru,2022-10-26,workshop,online,3,False,750,1,0,0,0.25,0.25,0.25,0.25,0,0.5,0,0.5,3,0.6,0,10,no_show,0
R000225,E0198,EV_033,2024-11-14,,completed,100,72.0,4.0,self,Sales Manager,Junior,office,ru,2024-06-26,course,online,10,False,141,1,0,2,0.5,0.16666666666666666,0.16666666666666666,0.16666666666666666,1,0.6666666666666666,0,0.5,4,0.6666666666666666,0,7,completed,1
R000226,E0032,EV_040,2024-11-15,,completed,100,,3.0,self,Data Analyst,Junior,hybrid,kk,2024-07-18,workshop,offline,4,False,120,1,0,0,0.25,0.25,0.25,0.25,0,0.5,0,0.5,8,0.6,0,11,completed,1
R000227,E0148,EV_032,2024-11-15,,completed,100,,4.0,manager,Sales Manager,Lead,office,kk,2020-08-18,workshop,offline,8,False,1550,1,0,1,0.4,0.2,0.2,0.2,0,0.5,1,0.6666666666666666,4,0.8333333333333334,0,11,completed,1
R000228,E0158,EV_039,2024-11-15,,no_show,0,,,self,Sales Manager,Senior,office,kk,2018-08-27,workshop,online,3,False,2272,1,0,1,0.2,0.2,0.2,0.4,0,0.5,1,0.3333333333333333,4,0.5,0,11,no_show,0
R000229,E0008,EV_004,2024-11-18,2024-12-11,completed,100,,,hr,Frontend Engineer,Senior,remote,en,2024-11-11,onboarding,offline,8,True,7,1,0,0,0.25,0.25,0.25,0.25,0,0.5,0,0.5,0,0.5,0,4,not_training_eligible,
R000230,E0047,EV_009,2024-11-18,,completed,100,92.0,3.0,self,Backend Engineer,Middle,office,ru,2022-12-22,certification,self_paced,40,False,697,1,0,0,0.25,0.25,0.25,0.25,0,0.5,0,0.5,1,0.6666666666666666,0,14,completed,1
R000231,E0054,EV_021,2024-11-18,,completed,100,,4.0,self,Data Analyst,Senior,hybrid,kk,2022-11-30,workshop,online,6,False,719,1,0,1,0.2,0.2,0.2,0.4,0,0.5,0,0.5,1,0.6666666666666666,0,14,completed,1
R000232,E0055,EV_016,2024-11-18,,completed,100,,4.0,self,Product Manager,Lead,hybrid,en,2023-02-22,workshop,online,4,False,635,1,0,1,0.4,0.2,0.2,0.2,1,0.6666666666666666,0,0.5,1,0.3333333333333333,0,11,completed,1
R000233,E0114,EV_001,2024-11-18,2024-12-18,completed,100,99.0,,hr,Customer Support Specialist,Junior,hybrid,en,2024-11-14,compliance,self_paced,2,True,4,1,0,0,0.25,0.25,0.25,0.25,0,0.5,0,0.5,0,0.5,1,-1,not_training_eligible,
R000234,E0114,EV_002,2024-11-18,2024-12-18,completed,100,74.0,,hr,Customer Support Specialist,Junior,hybrid,en,2024-11-14,compliance,self_paced,2,True,4,1,0,0,0.25,0.25,0.25,0.25,0,0.5,0,0.5,0,0.5,1,-1,not_training_eligible,
R000235,E0114,EV_003,2024-11-18,2024-12-18,completed,100,92.0,,hr,Customer Support Specialist,Junior,hybrid,en,2024-11-14,compliance,self_paced,2,True,4,1,0,0,0.25,0.25,0.25,0.25,0,0.5,0,0.5,0,0.5,1,-1,not_training_eligible,
R000236,E0160,EV_001,2024-11-18,2024-12-18,completed,100,100.0,,hr,Customer Support Specialist,Junior,hybrid,ru,2024-11-13,compliance,self_paced,2,True,5,1,0,0,0.25,0.25,0.25,0.25,0,0.5,0,0.5,0,0.5,1,-1,not_training_eligible,
R000237,E0160,EV_002,2024-11-18,2024-12-18,completed,100,87.0,,hr,Customer Support Specialist,Junior,hybrid,ru,2024-11-13,compliance,self_paced,2,True,5,1,0,0,0.25,0.25,0.25,0.25,0,0.5,0,0.5,0,0.5,1,-1,not_training_eligible,
R000238,E0160,EV_003,2024-11-18,2024-12-18,completed,100,84.0,,hr,Customer Support Specialist,Junior,hybrid,ru,2024-11-13,compliance,self_paced,2,True,5,1,0,0,0.25,0.25,0.25,0.25,0,0.5,0,0.5,0,0.5,1,-1,not_training_eligible,
R000239,E0182,EV_017,2024-11-18,,completed,100,92.0,3.0,self,Frontend Engineer,Middle,office,ru,2024-06-14,course,online,16,False,157,1,0,0,0.25,0.25,0.25,0.25,0,0.5,0,0.5,1,0.3333333333333333,0,14,completed,1
R000240,E0078,EV_004,2024-11-19,2024-12-11,completed,100,,2.0,hr,Customer Support Specialist,Junior,hybrid,kk,2024-11-11,onboarding,offline,8,True,8,1,0,0,0.25,0.25,0.25,0.25,0,0.5,0,0.5,0,0.5,0,5,not_training_eligible,
R000241,E0123,EV_040,2024-11-19,,completed,100,,4.0,manager,Frontend Engineer,Senior,hybrid,kk,2021-04-15,workshop,offline,4,False,1314,1,0,2,0.3333333333333333,0.16666666666666666,0.3333333333333333,0.16666666666666666,1,0.6666666666666666,1,0.3333333333333333,9,0.6363636363636364,0,7,completed,1
R000242,E0169,EV_036,2024-11-19,,declined,0,,,manager,Sales Manager,Lead,office,kk,2020-04-29,meetup,offline,2,False,1665,1,0,0,0.25,0.25,0.25,0.25,0,0.5,0,0.5,4,0.6666666666666666,0,15,declined,0
R000243,E0103,EV_038,2024-11-20,,completed,100,64.0,4.0,self,QA Engineer,Senior,remote,ru,2021-08-17,course,online,16,False,1191,1,0,1,0.4,0.2,0.2,0.2,1,0.6666666666666666,0,0.5,5,0.8571428571428571,0,13,completed,1
R000244,E0198,EV_032,2024-11-20,,completed,100,,4.0,self,Sales Manager,Junior,office,ru,2024-06-26,workshop,offline,8,False,147,1,0,3,0.5714285714285714,0.14285714285714285,0.14285714285714285,0.14285714285714285,1,0.6666666666666666,2,0.75,5,0.8571428571428571,0,6,completed,1
R000245,E0023,EV_001,2024-11-21,2024-12-21,completed,100,100.0,,hr,Backend Engineer,Junior,office,kk,2024-11-18,compliance,self_paced,2,True,3,1,0,0,0.25,0.25,0.25,0.25,0,0.5,0,0.5,0,0.5,1,-1,not_training_eligible,
R000246,E0023,EV_002,2024-11-21,2024-12-21,completed,100,73.0,,hr,Backend Engineer,Junior,office,kk,2024-11-18,compliance,self_paced,2,True,3,1,0,0,0.25,0.25,0.25,0.25,0,0.5,0,0.5,0,0.5,1,-1,not_training_eligible,
R000247,E0023,EV_003,2024-11-21,2024-12-21,completed,100,71.0,,hr,Backend Engineer,Junior,office,kk,2024-11-18,compliance,self_paced,2,True,3,1,0,0,0.25,0.25,0.25,0.25,0,0.5,0,0.5,0,0.5,1,-1,not_training_eligible,
R000248,E0070,EV_039,2024-11-21,,completed,100,,4.0,self,Customer Support Specialist,Senior,hybrid,kk,2022-11-30,workshop,online,3,False,722,1,0,0,0.25,0.25,0.25,0.25,0,0.5,0,0.5,5,0.42857142857142855,0,17,completed,1
R000249,E0100,EV_001,2024-11-21,2024-12-21,completed,100,74.0,,hr,Product Manager,Junior,office,ru,2024-11-18,compliance,self_paced,2,True,3,1,0,0,0.25,0.25,0.25,0.25,0,0.5,0,0.5,0,0.5,1,-1,not_training_eligible,
R000250,E0100,EV_002,2024-11-21,2024-12-21,completed,100,99.0,,hr,Product Manager,Junior,office,ru,2024-11-18,compliance,self_paced,2,True,3,1,0,0,0.25,0.25,0.25,0.25,0,0.5,0,0.5,0,0.5,1,-1,not_training_eligible,
R000251,E0100,EV_003,2024-11-21,2024-12-21,completed,100,98.0,,hr,Product Manager,Junior,office,ru,2024-11-18,compliance,self_paced,2,True,3,1,0,0,0.25,0.25,0.25,0.25,0,0.5,0,0.5,0,0.5,1,-1,not_training_eligible,
R000252,E0130,EV_001,2024-11-21,2024-12-21,completed,100,80.0,,hr,QA Engineer,Middle,hybrid,kk,2024-11-18,compliance,self_paced,2,True,3,1,0,0,0.25,0.25,0.25,0.25,0,0.5,0,0.5,0,0.5,1,-1,not_training_eligible,
R000253,E0130,EV_002,2024-11-21,2024-12-21,completed,100,83.0,,hr,QA Engineer,Middle,hybrid,kk,2024-11-18,compliance,self_paced,2,True,3,1,0,0,0.25,0.25,0.25,0.25,0,0.5,0,0.5,0,0.5,1,-1,not_training_eligible,
R000254,E0130,EV_003,2024-11-21,2024-12-21,completed,100,85.0,,hr,QA Engineer,Middle,hybrid,kk,2024-11-18,compliance,self_paced,2,True,3,1,0,0,0.25,0.25,0.25,0.25,0,0.5,0,0.5,0,0.5,1,-1,not_training_eligible,
R000255,E0144,EV_040,2024-11-21,,completed,100,,,self,Customer Support Specialist,Junior,office,ru,2024-09-16,workshop,offline,4,False,66,1,0,0,0.25,0.25,0.25,0.25,0,0.5,0,0.5,10,0.6666666666666666,0,17,completed,1
R000256,E0171,EV_001,2024-11-21,2024-12-21,completed,100,78.0,,hr,QA Engineer,Middle,hybrid,ru,2024-11-18,compliance,self_paced,2,True,3,1,0,0,0.25,0.25,0.25,0.25,0,0.5,0,0.5,0,0.5,1,-1,not_training_eligible,
R000257,E0171,EV_002,2024-11-21,2024-12-21,completed,100,90.0,,hr,QA Engineer,Middle,hybrid,ru,2024-11-18,compliance,self_paced,2,True,3,1,0,0,0.25,0.25,0.25,0.25,0,0.5,0,0.5,0,0.5,1,-1,not_training_eligible,
R000258,E0171,EV_003,2024-11-21,2024-12-21,completed,100,76.0,,hr,QA Engineer,Middle,hybrid,ru,2024-11-18,compliance,self_paced,2,True,3,1,0,0,0.25,0.25,0.25,0.25,0,0.5,0,0.5,0,0.5,1,-1,not_training_eligible,
R000259,E0088,EV_037,2024-11-22,,completed,100,,,self,Backend Engineer,Senior,remote,kk,2019-04-22,mentoring,online,12,False,2041,1,0,0,0.25,0.25,0.25,0.25,0,0.5,0,0.5,5,0.5714285714285714,0,18,completed,1
R000260,E0094,EV_038,2024-11-22,,completed,100,66.0,5.0,self,Sales Manager,Senior,hybrid,ru,2022-01-12,course,online,16,False,1045,1,0,0,0.25,0.25,0.25,0.25,0,0.5,0,0.5,6,0.875,0,18,completed,1
R000261,E0160,EV_004,2024-11-22,2024-12-13,completed,100,,3.0,hr,Customer Support Specialist,Junior,hybrid,ru,2024-11-13,onboarding,offline,8,True,9,1,0,0,0.25,0.25,0.25,0.25,0,0.5,0,0.5,0,0.5,0,4,not_training_eligible,
R000262,E0048,EV_001,2024-11-25,2024-12-25,completed,100,79.0,,hr,Data Analyst,Middle,hybrid,kk,2024-11-22,compliance,self_paced,2,True,3,1,0,0,0.25,0.25,0.25,0.25,0,0.5,0,0.5,0,0.5,1,-1,not_training_eligible,
R000263,E0048,EV_002,2024-11-25,2024-12-25,completed,100,99.0,,hr,Data Analyst,Middle,hybrid,kk,2024-11-22,compliance,self_paced,2,True,3,1,0,0,0.25,0.25,0.25,0.25,0,0.5,0,0.5,0,0.5,1,-1,not_training_eligible,
R000264,E0048,EV_003,2024-11-25,2024-12-25,completed,100,94.0,,hr,Data Analyst,Middle,hybrid,kk,2024-11-22,compliance,self_paced,2,True,3,1,0,0,0.25,0.25,0.25,0.25,0,0.5,0,0.5,0,0.5,1,-1,not_training_eligible,
R000265,E0057,EV_039,2024-11-25,,completed,100,,1.0,manager,Sales Manager,Senior,hybrid,kk,2023-10-19,workshop,online,3,False,403,1,0,2,0.5,0.16666666666666666,0.16666666666666666,0.16666666666666666,1,0.6666666666666666,1,0.6666666666666666,6,0.5,0,12,completed,1
R000266,E0179,EV_040,2024-11-25,,completed,100,,5.0,manager,QA Engineer,Lead,hybrid,ru,2020-01-30,workshop,offline,4,False,1761,1,0,0,0.25,0.25,0.25,0.25,0,0.5,0,0.5,11,0.6923076923076923,0,21,completed,1
R000267,E0037,EV_004,2024-11-26,2024-12-11,completed,100,,5.0,hr,Frontend Engineer,Junior,remote,ru,2024-11-11,onboarding,offline,8,True,15,1,0,0,0.25,0.25,0.25,0.25,0,0.5,0,0.5,0,0.5,0,12,not_training_eligible,
R000268,E0150,EV_010,2024-11-26,,completed,100,60.0,5.0,self,Backend Engineer,Middle,office,ru,2023-07-03,course,online,20,False,512,1,0,2,0.5,0.16666666666666666,0.16666666666666666,0.16666666666666666,1,0.6666666666666666,1,0.6666666666666666,0,0.5,0,20,completed,1
R000269,E0002,EV_005,2024-11-27,,dropped,90,,,hr,Backend Engineer,Middle,remote,ru,2023-04-25,course,online,16,False,582,1,0,0,0.25,0.25,0.25,0.25,0,0.5,0,0.5,1,0.3333333333333333,0,23,dropped,0
R000270,E0149,EV_037,2024-11-27,,completed,100,,,manager,Sales Manager,Middle,office,ru,2022-10-26,mentoring,online,12,False,763,1,0,1,0.2,0.2,0.4,0.2,1,0.3333333333333333,0,0.5,6,0.625,0,13,completed,1
R000271,E0048,EV_004,2024-11-28,2024-12-22,completed,100,,5.0,hr,Data Analyst,Middle,hybrid,kk,2024-11-22,onboarding,offline,8,True,6,1,0,0,0.25,0.25,0.25,0.25,0,0.5,0,0.5,0,0.5,0,3,not_training_eligible,
R000272,E0186,EV_009,2024-11-28,,declined,0,,,manager,Backend Engineer,Middle,hybrid,ru,2022-06-16,certification,self_paced,40,False,896,1,0,0,0.25,0.25,0.25,0.25,0,0.5,0,0.5,2,0.75,0,24,declined,0
R000273,E0050,EV_010,2024-11-29,,completed,100,87.0,3.0,self,Backend Engineer,Lead,hybrid,ru,2017-01-24,course,online,20,False,2866,1,0,0,0.25,0.25,0.25,0.25,0,0.5,0,0.5,1,0.6666666666666666,0,25,completed,1
R000274,E0118,EV_040,2024-11-29,,completed,100,,5.0,self,Frontend Engineer,Middle,hybrid,ru,2021-11-01,workshop,offline,4,False,1124,1,0,1,0.2,0.2,0.4,0.2,0,0.5,0,0.5,12,0.7142857142857143,0,25,completed,1
R000275,E0134,EV_023,2024-11-29,,no_show,0,,,manager,Product Manager,Middle,hybrid,ru,2023-05-01,workshop,offline,6,False,578,1,0,1,0.4,0.2,0.2,0.2,0,0.5,1,0.6666666666666666,1,0.6666666666666666,0,25,no_show,0
R000276,E0057,EV_037,2024-12-02,,completed,100,,5.0,self,Sales Manager,Senior,hybrid,kk,2023-10-19,mentoring,online,12,False,410,1,0,3,0.5714285714285714,0.14285714285714285,0.14285714285714285,0.14285714285714285,2,0.75,0,0.5,7,0.6666666666666666,0,7,completed,1
R000277,E0100,EV_004,2024-12-02,2024-12-18,completed,100,,5.0,hr,Product Manager,Junior,office,ru,2024-11-18,onboarding,offline,8,True,14,1,0,0,0.25,0.25,0.25,0.25,0,0.5,0,0.5,0,0.5,0,11,not_training_eligible,
R000278,E0114,EV_004,2024-12-02,2024-12-14,completed,100,,5.0,hr,Customer Support Specialist,Junior,hybrid,en,2024-11-14,onboarding,offline,8,True,18,1,0,0,0.25,0.25,0.25,0.25,0,0.5,0,0.5,0,0.5,0,14,not_training_eligible,
R000279,E0154,EV_040,2024-12-02,,declined,0,,,manager,Frontend Engineer,Middle,office,ru,2023-08-16,workshop,offline,4,False,474,1,0,1,0.4,0.2,0.2,0.2,0,0.5,0,0.5,13,0.7333333333333333,0,28,declined,0
R000280,E0005,EV_011,2024-12-03,,no_show,0,,,self,Backend Engineer,Middle,hybrid,kk,2024-06-12,workshop,offline,6,False,174,1,0,0,0.25,0.25,0.25,0.25,0,0.5,0,0.5,1,0.6666666666666666,0,29,no_show,0
R000281,E0095,EV_034,2024-12-03,,completed,100,,,self,HR Business Partner,Middle,office,kk,2021-12-20,workshop,online,4,False,1079,1,0,1,0.2,0.2,0.4,0.2,1,0.3333333333333333,1,0.3333333333333333,3,0.4,0,28,completed,1
R000282,E0147,EV_015,2024-12-03,,completed,100,88.0,,self,Frontend Engineer,Middle,office,ru,2024-05-27,course,self_paced,6,False,190,1,0,1,0.4,0.2,0.2,0.2,0,0.5,0,0.5,0,0.5,0,29,completed,1
R000283,E0088,EV_025,2024-12-04,,completed,100,68.0,3.0,self,Backend Engineer,Senior,remote,kk,2019-04-22,course,online,10,False,2053,1,0,1,0.4,0.2,0.2,0.2,1,0.6666666666666666,0,0.5,1,0.3333333333333333,0,12,completed,1
R000284,E0130,EV_004,2024-12-04,2024-12-18,completed,100,,5.0,hr,QA Engineer,Middle,hybrid,kk,2024-11-18,onboarding,offline,8,True,16,1,0,0,0.25,0.25,0.25,0.25,0,0.5,0,0.5,0,0.5,0,13,not_training_eligible,
R000285,E0171,EV_004,2024-12-04,2024-12-18,completed,100,,4.0,hr,QA Engineer,Middle,hybrid,ru,2024-11-18,onboarding,offline,8,True,16,1,0,0,0.25,0.25,0.25,0.25,0,0.5,0,0.5,0,0.5,0,13,not_training_eligible,
R000286,E0190,EV_006,2024-12-04,,dropped,90,,,manager,Backend Engineer,Senior,office,kk,2023-11-30,workshop,offline,12,False,370,1,0,0,0.25,0.25,0.25,0.25,0,0.5,0,0.5,0,0.5,0,30,dropped,0
R000287,E0197,EV_040,2024-12-04,,no_show,0,,,self,QA Engineer,Middle,hybrid,ru,2022-08-15,workshop,offline,4,False,842,1,0,0,0.25,0.25,0.25,0.25,0,0.5,0,0.5,14,0.6875,0,30,no_show,0
R000288,E0007,EV_012,2024-12-05,,completed,100,79.0,5.0,self,Backend Engineer,Senior,office,kk,2018-10-26,course,self_paced,24,False,2232,1,0,1,0.4,0.2,0.2,0.2,0,0.5,0,0.5,1,0.6666666666666666,0,31,completed,1
R000289,E0013,EV_012,2024-12-05,,declined,0,,,manager,Backend Engineer,Senior,office,ru,2020-12-28,course,self_paced,24,False,1438,1,0,2,0.3333333333333333,0.16666666666666666,0.3333333333333333,0.16666666666666666,0,0.5,1,0.3333333333333333,1,0.6666666666666666,0,31,declined,0
R000290,E0054,EV_038,2024-12-05,,completed,100,71.0,4.0,self,Data Analyst,Senior,hybrid,kk,2022-11-30,course,online,16,False,736,1,0,2,0.3333333333333333,0.16666666666666666,0.16666666666666666,0.3333333333333333,1,0.6666666666666666,0,0.5,7,0.8888888888888888,0,17,completed,1
R000291,E0073,EV_008,2024-12-05,,completed,100,,5.0,self,Data Analyst,Senior,office,ru,2022-08-29,workshop,online,4,False,829,1,0,3,0.2857142857142857,0.42857142857142855,0.14285714285714285,0.14285714285714285,1,0.6666666666666666,1,0.3333333333333333,11,0.8461538461538461,0,23,completed,1
R000292,E0050,EV_025,2024-12-06,,completed,100,68.0,,self,Backend Engineer,Lead,hybrid,ru,2017-01-24,course,online,10,False,2873,1,0,1,0.4,0.2,0.2,0.2,1,0.6666666666666666,1,0.6666666666666666,2,0.5,0,7,completed,1
R000293,E0071,EV_023,2024-12-09,,completed,100,,5.0,self,Product Manager,Middle,office,kk,2022-11-14,workshop,offline,6,False,756,1,0,1,0.4,0.2,0.2,0.2,1,0.6666666666666666,1,0.6666666666666666,2,0.5,0,35,completed,1
R000294,E0199,EV_037,2024-12-09,,completed,100,,5.0,self,Data Analyst,Senior,hybrid,ru,2019-12-24,mentoring,online,12,False,1812,1,0,0,0.25,0.25,0.25,0.25,0,0.5,0,0.5,8,0.7,0,35,completed,1
R000295,E0039,EV_008,2024-12-10,,no_show,0,,,self,Data Analyst,Middle,hybrid,ru,2022-08-29,workshop,online,4,False,834,1,0,0,0.25,0.25,0.25,0.25,0,0.5,0,0.5,12,0.8571428571428571,0,36,no_show,0
R000296,E0109,EV_040,2024-12-10,,completed,100,,5.0,manager,Frontend Engineer,Middle,office,ru,2023-12-21,workshop,offline,4,False,355,1,0,2,0.3333333333333333,0.3333333333333333,0.16666666666666666,0.16666666666666666,0,0.5,1,0.6666666666666666,15,0.6470588235294118,0,33,completed,1
R000297,E0136,EV_037,2024-12-10,,completed,100,,5.0,manager,Backend Engineer,Senior,hybrid,kk,2024-04-01,mentoring,online,12,False,253,1,0,0,0.25,0.25,0.25,0.25,0,0.5,0,0.5,9,0.7272727272727273,0,36,completed,1
R000298,E0144,EV_034,2024-12-10,,completed,100,,,self,Customer Support Specialist,Junior,office,ru,2024-09-16,workshop,online,4,False,85,1,0,1,0.4,0.2,0.2,0.2,0,0.5,1,0.6666666666666666,4,0.5,0,19,completed,1
R000299,E0059,EV_040,2024-12-11,,no_show,0,,,manager,Sales Manager,Middle,remote,ru,2023-06-28,workshop,offline,4,False,532,1,0,2,0.5,0.16666666666666666,0.16666666666666666,0.16666666666666666,0,0.5,2,0.75,16,0.6666666666666666,0,37,no_show,0
R000300,E0066,EV_039,2024-12-11,,completed,100,,4.0,hr,QA Engineer,Middle,office,en,2024-05-14,workshop,online,3,False,211,1,0,0,0.25,0.25,0.25,0.25,0,0.5,0,0.5,7,0.5555555555555556,0,37,completed,1
R000301,E0120,EV_017,2024-12-11,,completed,100,64.0,,manager,Frontend Engineer,Senior,hybrid,ru,2019-11-25,course,online,16,False,1843,1,0,1,0.4,0.2,0.2,0.2,1,0.6666666666666666,1,0.6666666666666666,2,0.5,0,35,completed,1
R000302,E0149,EV_036,2024-12-11,,completed,100,,5.0,hr,Sales Manager,Middle,office,ru,2022-10-26,meetup,offline,2,False,777,1,0,2,0.3333333333333333,0.16666666666666666,0.3333333333333333,0.16666666666666666,0,0.5,0,0.5,5,0.5714285714285714,0,14,completed,1
R000303,E0023,EV_004,2024-12-12,2024-12-18,completed,100,,,hr,Backend Engineer,Junior,office,kk,2024-11-18,onboarding,offline,8,True,24,1,0,0,0.25,0.25,0.25,0.25,0,0.5,0,0.5,0,0.5,0,21,not_training_eligible,
R000304,E0014,EV_031,2024-12-13,,completed,100,,,self,HR Business Partner,Lead,office,en,2019-10-02,workshop,online,6,False,1899,1,0,0,0.25,0.25,0.25,0.25,0,0.5,0,0.5,0,0.5,0,39,completed,1
R000305,E0120,EV_015,2024-12-13,,completed,100,96.0,5.0,self,Frontend Engineer,Senior,hybrid,ru,2019-11-25,course,self_paced,6,False,1845,1,0,2,0.5,0.16666666666666666,0.16666666666666666,0.16666666666666666,0,0.5,2,0.75,1,0.6666666666666666,0,2,completed,1
R000306,E0148,EV_038,2024-12-13,,no_show,0,,,manager,Sales Manager,Lead,office,kk,2020-08-18,course,online,16,False,1578,1,0,2,0.5,0.16666666666666666,0.16666666666666666,0.16666666666666666,1,0.6666666666666666,0,0.5,8,0.9,0,28,no_show,0
R000307,E0030,EV_001,2024-12-16,2025-01-15,completed,100,88.0,,hr,Customer Support Specialist,Middle,office,ru,2024-12-12,compliance,self_paced,2,True,4,1,0,0,0.25,0.25,0.25,0.25,0,0.5,0,0.5,0,0.5,1,-1,not_training_eligible,
R000308,E0030,EV_002,2024-12-16,2025-01-15,completed,100,89.0,,hr,Customer Support Specialist,Middle,office,ru,2024-12-12,compliance,self_paced,2,True,4,1,0,0,0.25,0.25,0.25,0.25,0,0.5,0,0.5,0,0.5,1,-1,not_training_eligible,
R000309,E0030,EV_003,2024-12-16,2025-01-15,completed,100,77.0,,hr,Customer Support Specialist,Middle,office,ru,2024-12-12,compliance,self_paced,2,True,4,1,0,0,0.25,0.25,0.25,0.25,0,0.5,0,0.5,0,0.5,1,-1,not_training_eligible,
R000310,E0192,EV_001,2024-12-16,2025-01-15,completed,100,76.0,,hr,Backend Engineer,Junior,hybrid,ru,2024-12-11,compliance,self_paced,2,True,5,1,0,0,0.25,0.25,0.25,0.25,0,0.5,0,0.5,0,0.5,1,-1,not_training_eligible,
R000311,E0192,EV_002,2024-12-16,2025-01-15,completed,100,97.0,,hr,Backend Engineer,Junior,hybrid,ru,2024-12-11,compliance,self_paced,2,True,5,1,0,0,0.25,0.25,0.25,0.25,0,0.5,0,0.5,0,0.5,1,-1,not_training_eligible,
R000312,E0192,EV_003,2024-12-16,2025-01-15,completed,100,96.0,,hr,Backend Engineer,Junior,hybrid,ru,2024-12-11,compliance,self_paced,2,True,5,1,0,0,0.25,0.25,0.25,0.25,0,0.5,0,0.5,0,0.5,1,-1,not_training_eligible,
R000313,E0011,EV_022,2024-12-17,,completed,100,61.0,2.0,hr,Data Analyst,Senior,office,kk,2021-01-11,course,online,12,False,1436,1,0,0,0.25,0.25,0.25,0.25,0,0.5,0,0.5,0,0.5,0,43,completed,1
R000314,E0118,EV_016,2024-12-17,,completed,100,,,self,Frontend Engineer,Middle,hybrid,ru,2021-11-01,workshop,online,4,False,1142,1,0,2,0.3333333333333333,0.16666666666666666,0.3333333333333333,0.16666666666666666,1,0.3333333333333333,1,0.6666666666666666,2,0.5,0,18,completed,1
R000315,E0147,EV_014,2024-12-17,,completed,100,,4.0,self,Frontend Engineer,Middle,office,ru,2024-05-27,workshop,offline,8,False,204,1,0,2,0.5,0.16666666666666666,0.16666666666666666,0.16666666666666666,1,0.6666666666666666,1,0.6666666666666666,2,0.5,0,14,completed,1
R000316,E0079,EV_033,2024-12-18,,completed,100,66.0,,hr,Sales Manager,Junior,office,ru,2024-10-14,course,online,10,False,65,1,0,0,0.25,0.25,0.25,0.25,0,0.5,0,0.5,5,0.7142857142857143,0,44,completed,1
R000317,E0080,EV_024,2024-12-18,,dropped,30,,,hr,Data Analyst,Senior,hybrid,ru,2018-08-15,course,self_paced,30,False,2317,1,0,0,0.25,0.25,0.25,0.25,0,0.5,0,0.5,0,0.5,0,44,dropped,0
R000318,E0168,EV_034,2024-12-18,,completed,100,,3.0,self,Customer Support Specialist,Middle,remote,kk,2023-07-19,workshop,online,4,False,518,1,0,0,0.25,0.25,0.25,0.25,0,0.5,0,0.5,5,0.5714285714285714,0,44,completed,1
R000319,E0014,EV_028,2024-12-19,,completed,100,,4.0,self,HR Business Partner,Lead,office,en,2019-10-02,workshop,online,4,False,1905,1,0,1,0.4,0.2,0.2,0.2,1,0.6666666666666666,1,0.6666666666666666,1,0.3333333333333333,0,6,completed,1
R000320,E0093,EV_037,2024-12-19,,completed,100,,4.0,manager,Customer Support Specialist,Middle,hybrid,kk,2022-08-31,mentoring,online,12,False,841,1,0,0,0.25,0.25,0.25,0.25,0,0.5,0,0.5,10,0.75,0,45,completed,1
R000321,E0163,EV_036,2024-12-20,,declined,0,,,manager,Sales Manager,Middle,office,ru,2022-05-25,meetup,offline,2,False,940,1,0,0,0.25,0.25,0.25,0.25,0,0.5,0,0.5,6,0.625,0,46,declined,0
R000322,E0169,EV_034,2024-12-20,,completed,100,,4.0,manager,Sales Manager,Lead,office,kk,2020-04-29,workshop,online,4,False,1696,1,0,1,0.2,0.2,0.2,0.4,0,0.5,0,0.5,6,0.625,0,31,completed,1
R000323,E0020,EV_016,2024-12-23,,completed,100,,4.0,self,Product Manager,Junior,remote,ru,2024-05-22,workshop,online,4,False,215,1,0,0,0.25,0.25,0.25,0.25,0,0.5,0,0.5,3,0.6,0,49,completed,1
R000324,E0145,EV_040,2024-12-23,,declined,0,,,manager,QA Engineer,Senior,office,kk,2023-10-12,workshop,offline,4,False,438,1,0,0,0.25,0.25,0.25,0.25,0,0.5,0,0.5,17,0.631578947368421,0,49,declined,0
R000325,E0169,EV_036,2024-12-23,,completed,100,,5.0,self,Sales Manager,Lead,office,kk,2020-04-29,meetup,offline,2,False,1699,2,1,2,0.3333333333333333,0.16666666666666666,0.16666666666666666,0.3333333333333333,1,0.3333333333333333,1,0.3333333333333333,7,0.5555555555555556,0,3,completed,1
R000326,E0177,EV_035,2024-12-23,,completed,100,66.0,4.0,self,Customer Support Specialist,Middle,office,ru,2024-08-12,course,online,16,False,133,1,0,0,0.25,0.25,0.25,0.25,0,0.5,0,0.5,4,0.5,0,49,completed,1
R000327,E0006,EV_015,2024-12-24,,completed,100,87.0,,self,Frontend Engineer,Lead,office,kk,2018-01-16,course,self_paced,6,False,2534,1,0,1,0.2,0.2,0.2,0.4,0,0.5,0,0.5,2,0.75,0,40,completed,1
R000328,E0015,EV_016,2024-12-24,,completed,100,,,manager,Frontend Engineer,Middle,office,ru,2024-03-20,workshop,online,4,False,279,1,0,0,0.25,0.25,0.25,0.25,0,0.5,0,0.5,4,0.6666666666666666,0,50,completed,1
R000329,E0005,EV_006,2024-12-25,,completed,100,,5.0,self,Backend Engineer,Middle,hybrid,kk,2024-06-12,workshop,offline,12,False,196,1,0,1,0.2,0.2,0.4,0.2,1,0.3333333333333333,1,0.3333333333333333,1,0.3333333333333333,0,22,completed,1
R000330,E0107,EV_039,2024-12-25,,completed,100,,4.0,self,Product Manager,Middle,office,ru,2022-04-25,workshop,online,3,False,975,1,0,2,0.5,0.16666666666666666,0.16666666666666666,0.16666666666666666,2,0.75,2,0.75,8,0.6,0,51,completed,1
R000331,E0020,EV_027,2024-12-26,,completed,100,,5.0,self,Product Manager,Junior,remote,ru,2024-05-22,workshop,online,6,False,218,1,0,1,0.4,0.2,0.2,0.2,1,0.6666666666666666,1,0.6666666666666666,3,0.8,0,3,completed,1
R000332,E0098,EV_008,2024-12-26,,completed,100,,4.0,manager,QA Engineer,Middle,hybrid,kk,2023-04-18,workshop,online,4,False,618,1,0,0,0.25,0.25,0.25,0.25,0,0.5,0,0.5,13,0.8,0,52,completed,1
R000333,E0155,EV_007,2024-12-26,,no_show,0,,,manager,Backend Engineer,Middle,hybrid,kk,2023-06-19,mentoring,online,8,False,556,1,0,0,0.25,0.25,0.25,0.25,0,0.5,0,0.5,2,0.5,0,52,no_show,0
R000334,E0060,EV_040,2024-12-27,,completed,100,,4.0,manager,Product Manager,Lead,office,kk,2021-10-18,workshop,offline,4,False,1166,1,0,2,0.5,0.16666666666666666,0.16666666666666666,0.16666666666666666,2,0.75,2,0.75,18,0.6,0,53,completed,1
R000335,E0102,EV_040,2024-12-27,,no_show,0,,,self,Frontend Engineer,Junior,remote,ru,2024-05-30,workshop,offline,4,False,211,1,0,0,0.25,0.25,0.25,0.25,0,0.5,0,0.5,18,0.6,0,53,no_show,0
R000336,E0131,EV_028,2024-12-27,,completed,100,,2.0,self,HR Business Partner,Middle,office,ru,2022-10-31,workshop,online,4,False,788,1,0,1,0.4,0.2,0.2,0.2,1,0.6666666666666666,1,0.6666666666666666,2,0.5,0,53,completed,1
R000337,E0047,EV_012,2024-12-30,,completed,100,65.0,4.0,manager,Backend Engineer,Middle,office,ru,2022-12-22,course,self_paced,24,False,739,1,0,1,0.4,0.2,0.2,0.2,1,0.6666666666666666,0,0.5,3,0.6,0,42,completed,1
R000338,E0023,EV_040,2024-12-31,,completed,100,,5.0,self,Backend Engineer,Junior,office,kk,2024-11-18,workshop,offline,4,False,43,1,0,0,0.25,0.25,0.25,0.25,0,0.5,0,0.5,20,0.5909090909090909,0,19,completed,1
R000339,E0055,EV_027,2025-01-02,,completed,100,,4.0,self,Product Manager,Lead,hybrid,en,2023-02-22,workshop,online,6,False,680,1,0,2,0.5,0.16666666666666666,0.16666666666666666,0.16666666666666666,2,0.75,1,0.6666666666666666,4,0.8333333333333334,0,45,completed,1
R000340,E0111,EV_019,2025-01-02,,completed,100,,3.0,manager,QA Engineer,Middle,office,ru,2024-06-19,workshop,offline,8,False,197,1,0,1,0.4,0.2,0.2,0.2,0,0.5,0,0.5,2,0.25,0,59,completed,1
R000341,E0030,EV_004,2025-01-06,2025-01-11,completed,100,,4.0,hr,Customer Support Specialist,Middle,office,ru,2024-12-12,onboarding,offline,8,True,25,1,0,0,0.25,0.25,0.25,0.25,0,0.5,0,0.5,0,0.5,0,21,not_training_eligible,
R000342,E0053,EV_019,2025-01-06,,no_show,0,,,self,QA Engineer,Junior,remote,kk,2024-05-28,workshop,offline,8,False,223,3,2,2,0.16666666666666666,0.16666666666666666,0.5,0.16666666666666666,2,0.25,2,0.25,3,0.4,0,60,no_show,0
R000343,E0062,EV_034,2025-01-06,,completed,100,,5.0,self,Sales Manager,Middle,office,ru,2022-06-22,workshop,online,4,False,929,1,0,1,0.4,0.2,0.2,0.2,0,0.5,1,0.6666666666666666,7,0.6666666666666666,0,63,completed,1
R000344,E0192,EV_004,2025-01-06,2025-01-10,completed,100,,,hr,Backend Engineer,Junior,hybrid,ru,2024-12-11,onboarding,offline,8,True,26,1,0,0,0.25,0.25,0.25,0.25,0,0.5,0,0.5,0,0.5,0,21,not_training_eligible,
R000345,E0035,EV_040,2025-01-07,,completed,100,,,self,Customer Support Specialist,Lead,hybrid,ru,2021-08-26,workshop,offline,4,False,1230,1,0,0,0.25,0.25,0.25,0.25,0,0.5,0,0.5,21,0.6086956521739131,0,64,completed,1
R000346,E0048,EV_009,2025-01-07,,dropped,30,,2.0,manager,Data Analyst,Middle,hybrid,kk,2024-11-22,certification,self_paced,40,False,46,1,0,0,0.25,0.25,0.25,0.25,0,0.5,0,0.5,3,0.6,0,40,dropped,0
R000347,E0070,EV_037,2025-01-07,,declined,0,,,manager,Customer Support Specialist,Senior,hybrid,kk,2022-11-30,mentoring,online,12,False,769,1,0,1,0.4,0.2,0.2,0.2,1,0.6666666666666666,0,0.5,11,0.7692307692307693,0,47,declined,0
R000348,E0193,EV_036,2025-01-07,,completed,100,,4.0,self,Data Analyst,Middle,office,ru,2022-08-01,meetup,offline,2,False,890,1,0,0,0.25,0.25,0.25,0.25,0,0.5,0,0.5,8,0.6,0,64,completed,1
R000349,E0043,EV_038,2025-01-09,,completed,100,92.0,4.0,self,Frontend Engineer,Senior,hybrid,ru,2021-08-13,course,online,16,False,1245,1,0,1,0.4,0.2,0.2,0.2,1,0.6666666666666666,0,0.5,9,0.8181818181818182,0,66,completed,1
R000350,E0112,EV_038,2025-01-09,,completed,100,96.0,5.0,manager,Customer Support Specialist,Senior,hybrid,ru,2019-12-30,course,online,16,False,1837,1,0,1,0.4,0.2,0.2,0.2,1,0.6666666666666666,1,0.6666666666666666,9,0.8181818181818182,0,66,completed,1
R000351,E0171,EV_008,2025-01-09,,dropped,25,,,self,QA Engineer,Middle,hybrid,ru,2024-11-18,workshop,online,4,False,52,1,0,0,0.25,0.25,0.25,0.25,0,0.5,0,0.5,14,0.8125,0,36,dropped,0
R000352,E0008,EV_016,2025-01-10,,completed,100,,4.0,self,Frontend Engineer,Senior,remote,en,2024-11-11,workshop,online,4,False,60,1,0,0,0.25,0.25,0.25,0.25,0,0.5,0,0.5,5,0.7142857142857143,0,53,completed,1
R000353,E0069,EV_040,2025-01-10,,completed,100,,2.0,self,Backend Engineer,Middle,hybrid,en,2023-09-20,workshop,offline,4,False,478,1,0,0,0.25,0.25,0.25,0.25,0,0.5,0,0.5,22,0.625,0,67,completed,1
R000354,E0103,EV_035,2025-01-10,,no_show,0,,,manager,QA Engineer,Senior,remote,ru,2021-08-17,course,online,16,False,1242,1,0,2,0.5,0.16666666666666666,0.16666666666666666,0.16666666666666666,2,0.75,1,0.6666666666666666,5,0.5714285714285714,0,51,no_show,0
R000355,E0091,EV_018,2025-01-13,,dropped,70,,,self,QA Engineer,Senior,hybrid,kk,2024-05-28,course,online,24,False,230,1,0,0,0.25,0.25,0.25,0.25,0,0.5,0,0.5,0,0.5,0,70,dropped,0
R000356,E0169,EV_036,2025-01-13,,completed,100,,5.0,self,Sales Manager,Lead,office,kk,2020-04-29,meetup,offline,2,False,1720,3,2,3,0.42857142857142855,0.14285714285714285,0.14285714285714285,0.2857142857142857,2,0.5,2,0.5,9,0.6363636363636364,0,21,completed,1
R000357,E0006,EV_009,2025-01-14,,completed,100,70.0,5.0,self,Frontend Engineer,Lead,office,kk,2018-01-16,certification,self_paced,40,False,2555,1,0,2,0.3333333333333333,0.16666666666666666,0.16666666666666666,0.3333333333333333,1,0.6666666666666666,0,0.5,4,0.5,0,21,completed,1
R000358,E0154,EV_016,2025-01-14,,completed,100,,5.0,self,Frontend Engineer,Middle,office,ru,2023-08-16,workshop,online,4,False,517,1,0,2,0.3333333333333333,0.16666666666666666,0.16666666666666666,0.3333333333333333,1,0.6666666666666666,1,0.3333333333333333,6,0.75,0,43,completed,1
R000359,E0046,EV_036,2025-01-16,,completed,100,,5.0,self,Sales Manager,Middle,hybrid,ru,2024-02-26,meetup,offline,2,False,325,1,0,1,0.4,0.2,0.2,0.2,0,0.5,0,0.5,10,0.6666666666666666,0,73,completed,1
R000360,E0052,EV_001,2025-01-16,2025-02-15,completed,100,84.0,,hr,HR Business Partner,Middle,office,kk,2025-01-13,compliance,self_paced,2,True,3,1,0,0,0.25,0.25,0.25,0.25,0,0.5,0,0.5,0,0.5,1,-1,not_training_eligible,
R000361,E0052,EV_002,2025-01-16,2025-02-15,completed,100,90.0,,hr,HR Business Partner,Middle,office,kk,2025-01-13,compliance,self_paced,2,True,3,1,0,0,0.25,0.25,0.25,0.25,0,0.5,0,0.5,0,0.5,1,-1,not_training_eligible,
R000362,E0052,EV_003,2025-01-16,2025-02-15,completed,100,100.0,,hr,HR Business Partner,Middle,office,kk,2025-01-13,compliance,self_paced,2,True,3,1,0,0,0.25,0.25,0.25,0.25,0,0.5,0,0.5,0,0.5,1,-1,not_training_eligible,
R000363,E0097,EV_037,2025-01-16,,completed,100,,3.0,self,Backend Engineer,Senior,office,kk,2024-02-16,mentoring,online,12,False,335,1,0,1,0.4,0.2,0.2,0.2,1,0.6666666666666666,0,0.5,12,0.7142857142857143,0,73,completed,1
R000364,E0163,EV_036,2025-01-16,,completed,100,,,manager,Sales Manager,Middle,office,ru,2022-05-25,meetup,offline,2,False,967,2,1,1,0.2,0.2,0.2,0.4,1,0.3333333333333333,1,0.3333333333333333,10,0.6666666666666666,0,27,completed,1
R000365,E0071,EV_022,2025-01-17,,completed,100,74.0,5.0,self,Product Manager,Middle,office,kk,2022-11-14,course,online,12,False,795,1,0,2,0.5,0.16666666666666666,0.16666666666666666,0.16666666666666666,0,0.5,0,0.5,1,0.6666666666666666,0,39,completed,1
R000366,E0160,EV_039,2025-01-17,,completed,100,,4.0,self,Customer Support Specialist,Junior,hybrid,ru,2024-11-13,workshop,online,3,False,65,1,0,0,0.25,0.25,0.25,0.25,0,0.5,0,0.5,9,0.6363636363636364,0,56,completed,1
R000367,E0052,EV_004,2025-01-20,2025-02-12,completed,100,,3.0,hr,HR Business Partner,Middle,office,kk,2025-01-13,onboarding,offline,8,True,7,1,0,0,0.25,0.25,0.25,0.25,0,0.5,0,0.5,0,0.5,0,4,not_training_eligible,
R000368,E0088,EV_040,2025-01-20,,completed,100,,3.0,hr,Backend Engineer,Senior,remote,kk,2019-04-22,workshop,offline,4,False,2100,1,0,2,0.5,0.16666666666666666,0.16666666666666666,0.16666666666666666,0,0.5,0,0.5,23,0.64,0,47,completed,1
R000369,E0140,EV_010,2025-01-20,,dropped,35,,2.0,manager,Backend Engineer,Middle,office,ru,2024-06-21,course,online,20,False,213,1,0,1,0.2,0.4,0.2,0.2,1,0.3333333333333333,0,0.5,2,0.75,0,74,dropped,0
R000370,E0164,EV_036,2025-01-20,,completed,100,,5.0,manager,Backend Engineer,Middle,hybrid,ru,2022-08-26,meetup,offline,2,False,878,1,0,1,0.2,0.2,0.4,0.2,1,0.3333333333333333,0,0.5,12,0.7142857142857143,0,77,completed,1
R000371,E0179,EV_019,2025-01-20,,declined,0,,,manager,QA Engineer,Lead,hybrid,ru,2020-01-30,workshop,offline,8,False,1817,1,0,1,0.4,0.2,0.2,0.2,1,0.6666666666666666,1,0.6666666666666666,4,0.3333333333333333,0,56,declined,0
R000372,E0043,EV_009,2025-01-21,,completed,100,65.0,5.0,self,Frontend Engineer,Senior,hybrid,ru,2021-08-13,certification,self_paced,40,False,1257,1,0,2,0.5,0.16666666666666666,0.16666666666666666,0.16666666666666666,0,0.5,0,0.5,5,0.5714285714285714,0,12,completed,1
R000373,E0105,EV_030,2025-01-21,,dropped,35,,,manager,HR Business Partner,Senior,office,kk,2024-04-22,workshop,online,4,False,274,1,0,0,0.25,0.25,0.25,0.25,0,0.5,0,0.5,1,0.6666666666666666,0,78,dropped,0
R000374,E0150,EV_040,2025-01-21,,completed,100,,3.0,self,Backend Engineer,Middle,office,ru,2023-07-03,workshop,offline,4,False,568,1,0,3,0.5714285714285714,0.14285714285714285,0.14285714285714285,0.14285714285714285,0,0.5,1,0.6666666666666666,24,0.6538461538461539,0,56,completed,1
R000375,E0023,EV_005,2025-01-22,,completed,100,85.0,3.0,self,Backend Engineer,Junior,office,kk,2024-11-18,course,online,16,False,65,1,0,1,0.4,0.2,0.2,0.2,0,0.5,0,0.5,2,0.25,0,22,completed,1
R000376,E0050,EV_008,2025-01-22,,no_show,0,,,self,Backend Engineer,Lead,hybrid,ru,2017-01-24,workshop,online,4,False,2920,1,0,2,0.5,0.16666666666666666,0.16666666666666666,0.16666666666666666,2,0.75,0,0.5,15,0.7647058823529411,0,47,no_show,0
R000377,E0053,EV_008,2025-01-22,,completed,100,,4.0,self,QA Engineer,Junior,remote,kk,2024-05-28,workshop,online,4,False,239,1,0,3,0.14285714285714285,0.14285714285714285,0.5714285714285714,0.14285714285714285,0,0.5,3,0.2,15,0.7647058823529411,0,16,completed,1
R000378,E0075,EV_038,2025-01-23,,completed,100,95.0,,self,Frontend Engineer,Senior,office,kk,2018-10-22,course,online,16,False,2285,1,0,0,0.25,0.25,0.25,0.25,0,0.5,0,0.5,11,0.8461538461538461,0,80,completed,1
R000379,E0194,EV_037,2025-01-23,,completed,100,,4.0,self,Frontend Engineer,Senior,remote,ru,2021-07-14,mentoring,online,12,False,1289,1,0,0,0.25,0.25,0.25,0.25,0,0.5,0,0.5,13,0.7333333333333333,0,80,completed,1
R000380,E0094,EV_034,2025-01-27,,dropped,70,,,self,Sales Manager,Senior,hybrid,ru,2022-01-12,workshop,online,4,False,1111,1,0,1,0.4,0.2,0.2,0.2,1,0.6666666666666666,0,0.5,8,0.7,0,66,dropped,0
R000381,E0112,EV_037,2025-01-27,,dropped,25,,,manager,Customer Support Specialist,Senior,hybrid,ru,2019-12-30,mentoring,online,12,False,1855,1,0,2,0.5,0.16666666666666666,0.16666666666666666,0.16666666666666666,2,0.75,0,0.5,14,0.75,0,18,dropped,0
R000382,E0199,EV_036,2025-01-27,,completed,100,,,self,Data Analyst,Senior,hybrid,ru,2019-12-24,meetup,offline,2,False,1861,1,0,1,0.4,0.2,0.2,0.2,0,0.5,0,0.5,13,0.7333333333333333,0,49,completed,1
R000383,E0056,EV_039,2025-01-28,,completed,100,,4.0,self,Sales Manager,Middle,office,ru,2022-07-18,workshop,online,3,False,925,1,0,1,0.2,0.2,0.4,0.2,1,0.3333333333333333,0,0.5,10,0.6666666666666666,0,85,completed,1
R000384,E0069,EV_039,2025-01-28,,no_show,0,,,manager,Backend Engineer,Middle,hybrid,en,2023-09-20,workshop,online,3,False,496,1,0,1,0.4,0.2,0.2,0.2,0,0.5,1,0.6666666666666666,10,0.6666666666666666,0,18,no_show,0
R000385,E0176,EV_022,2025-01-28,,completed,100,65.0,5.0,self,Product Manager,Junior,hybrid,ru,2024-04-29,course,online,12,False,274,1,0,1,0.4,0.2,0.2,0.2,1,0.6666666666666666,0,0.5,2,0.75,0,85,completed,1
R000386,E0187,EV_012,2025-01-28,,dropped,90,,,manager,Data Analyst,Junior,office,ru,2024-03-25,course,self_paced,24,False,309,1,0,0,0.25,0.25,0.25,0.25,0,0.5,0,0.5,4,0.6666666666666666,0,85,dropped,0
R000387,E0198,EV_034,2025-01-28,,no_show,0,,,self,Sales Manager,Junior,office,ru,2024-06-26,workshop,online,4,False,216,1,0,4,0.625,0.125,0.125,0.125,2,0.75,3,0.8,9,0.6363636363636364,0,69,no_show,0
R000388,E0011,EV_037,2025-01-29,,completed,100,,2.0,self,Data Analyst,Senior,office,kk,2021-01-11,mentoring,online,12,False,1479,1,0,1,0.4,0.2,0.2,0.2,1,0.6666666666666666,0,0.5,15,0.7058823529411765,0,43,completed,1
R000389,E0085,EV_021,2025-01-30,,completed,100,,4.0,self,Data Analyst,Lead,hybrid,ru,2018-05-23,workshop,online,6,False,2444,1,0,0,0.25,0.25,0.25,0.25,0,0.5,0,0.5,2,0.75,0,87,completed,1
R000390,E0093,EV_035,2025-01-30,,dropped,20,,,manager,Customer Support Specialist,Middle,hybrid,kk,2022-08-31,course,online,16,False,883,1,0,1,0.4,0.2,0.2,0.2,1,0.6666666666666666,0,0.5,6,0.5,0,42,dropped,0
R000391,E0118,EV_008,2025-01-30,,completed,100,,5.0,self,Frontend Engineer,Middle,hybrid,ru,2021-11-01,workshop,online,4,False,1186,1,0,3,0.42857142857142855,0.14285714285714285,0.2857142857142857,0.14285714285714285,2,0.5,2,0.75,17,0.7368421052631579,0,44,completed,1
R000392,E0181,EV_001,2025-01-30,2025-03-01,completed,100,82.0,,hr,Product Manager,Senior,office,ru,2025-01-27,compliance,self_paced,2,True,3,1,0,0,0.25,0.25,0.25,0.25,0,0.5,0,0.5,0,0.5,1,-1,not_training_eligible,
R000393,E0181,EV_002,2025-01-30,2025-03-01,completed,100,97.0,,hr,Product Manager,Senior,office,ru,2025-01-27,compliance,self_paced,2,True,3,1,0,0,0.25,0.25,0.25,0.25,0,0.5,0,0.5,0,0.5,1,-1,not_training_eligible,
R000394,E0181,EV_003,2025-01-30,2025-03-01,completed,100,82.0,,hr,Product Manager,Senior,office,ru,2025-01-27,compliance,self_paced,2,True,3,1,0,0,0.25,0.25,0.25,0.25,0,0.5,0,0.5,0,0.5,1,-1,not_training_eligible,
R000395,E0005,EV_036,2025-02-03,,completed,100,,5.0,self,Backend Engineer,Middle,hybrid,kk,2024-06-12,meetup,offline,2,False,236,1,0,2,0.3333333333333333,0.16666666666666666,0.3333333333333333,0.16666666666666666,2,0.5,0,0.5,14,0.75,0,40,completed,1
R000396,E0073,EV_021,2025-02-03,,no_show,0,,,hr,Data Analyst,Senior,office,ru,2022-08-29,workshop,online,6,False,889,1,0,4,0.375,0.375,0.125,0.125,2,0.75,2,0.5,3,0.8,0,60,no_show,0
R000397,E0083,EV_001,2025-02-03,2025-03-05,completed,100,99.0,,hr,Customer Support Specialist,Senior,hybrid,ru,2025-01-30,compliance,self_paced,2,True,4,1,0,0,0.25,0.25,0.25,0.25,0,0.5,0,0.5,0,0.5,1,-1,not_training_eligible,
R000398,E0083,EV_002,2025-02-03,2025-03-05,completed,100,71.0,,hr,Customer Support Specialist,Senior,hybrid,ru,2025-01-30,compliance,self_paced,2,True,4,1,0,0,0.25,0.25,0.25,0.25,0,0.5,0,0.5,0,0.5,1,-1,not_training_eligible,
R000399,E0083,EV_003,2025-02-03,2025-03-05,completed,100,83.0,,hr,Customer Support Specialist,Senior,hybrid,ru,2025-01-30,compliance,self_paced,2,True,4,1,0,0,0.25,0.25,0.25,0.25,0,0.5,0,0.5,0,0.5,1,-1,not_training_eligible,
R000400,E0177,EV_039,2025-02-03,,declined,0,,,manager,Customer Support Specialist,Middle,office,ru,2024-08-12,workshop,online,3,False,175,1,0,1,0.4,0.2,0.2,0.2,1,0.6666666666666666,0,0.5,12,0.6428571428571429,0,42,declined,0
R000401,E0023,EV_012,2025-02-04,,completed,100,99.0,,self,Backend Engineer,Junior,office,kk,2024-11-18,course,self_paced,24,False,78,1,0,2,0.5,0.16666666666666666,0.16666666666666666,0.16666666666666666,0,0.5,1,0.6666666666666666,5,0.5714285714285714,0,13,completed,1
R000402,E0047,EV_011,2025-02-04,,dropped,15,,,self,Backend Engineer,Middle,office,ru,2022-12-22,workshop,offline,6,False,775,1,0,2,0.5,0.16666666666666666,0.16666666666666666,0.16666666666666666,0,0.5,0,0.5,2,0.5,0,36,dropped,0
R000403,E0100,EV_023,2025-02-04,,dropped,90,,,manager,Product Manager,Junior,office,ru,2024-11-18,workshop,offline,6,False,78,1,0,0,0.25,0.25,0.25,0.25,0,0.5,0,0.5,3,0.6,0,64,dropped,0
R000404,E0046,EV_037,2025-02-06,,completed,100,,5.0,self,Sales Manager,Middle,hybrid,ru,2024-02-26,mentoring,online,12,False,346,1,0,2,0.5,0.16666666666666666,0.16666666666666666,0.16666666666666666,1,0.6666666666666666,0,0.5,16,0.7222222222222222,0,21,completed,1
R000405,E0085,EV_040,2025-02-06,,completed,100,,4.0,self,Data Analyst,Lead,hybrid,ru,2018-05-23,workshop,offline,4,False,2451,1,0,1,0.4,0.2,0.2,0.2,0,0.5,1,0.6666666666666666,25,0.6666666666666666,0,7,completed,1
R000406,E0106,EV_040,2025-02-06,,no_show,0,,,self,Backend Engineer,Senior,remote,kk,2020-02-13,workshop,offline,4,False,1820,1,0,0,0.25,0.25,0.25,0.25,0,0.5,0,0.5,25,0.6666666666666666,0,94,no_show,0
R000407,E0008,EV_038,2025-02-07,,completed,100,64.0,4.0,self,Frontend Engineer,Senior,remote,en,2024-11-11,course,online,16,False,88,1,0,1,0.4,0.2,0.2,0.2,1,0.6666666666666666,0,0.5,12,0.8571428571428571,0,28,completed,1
R000408,E0148,EV_038,2025-02-07,,completed,100,87.0,,hr,Sales Manager,Lead,office,kk,2020-08-18,course,online,16,False,1634,2,1,3,0.42857142857142855,0.14285714285714285,0.2857142857142857,0.14285714285714285,2,0.5,1,0.3333333333333333,12,0.8571428571428571,0,56,completed,1
R000409,E0186,EV_006,2025-02-07,,completed,100,,,self,Backend Engineer,Middle,hybrid,ru,2022-06-16,workshop,offline,12,False,967,1,0,1,0.2,0.2,0.2,0.4,0,0.5,0,0.5,2,0.5,0,71,completed,1
R000410,E0144,EV_039,2025-02-10,,completed,100,,,self,Customer Support Specialist,Junior,office,ru,2024-09-16,workshop,online,3,False,147,1,0,2,0.5,0.16666666666666666,0.16666666666666666,0.16666666666666666,1,0.6666666666666666,2,0.75,13,0.6,0,62,completed,1
R000411,E0154,EV_036,2025-02-10,,completed,100,,5.0,self,Frontend Engineer,Middle,office,ru,2023-08-16,meetup,offline,2,False,544,1,0,3,0.42857142857142855,0.14285714285714285,0.14285714285714285,0.2857142857142857,1,0.3333333333333333,0,0.5,15,0.7647058823529411,0,27,completed,1
R000412,E0071,EV_037,2025-02-11,,completed,100,,2.0,manager,Product Manager,Middle,office,kk,2022-11-14,mentoring,online,12,False,820,1,0,3,0.5714285714285714,0.14285714285714285,0.14285714285714285,0.14285714285714285,1,0.6666666666666666,0,0.5,17,0.7368421052631579,0,25,completed,1
R000413,E0186,EV_019,2025-02-11,,completed,100,,5.0,manager,Backend Engineer,Middle,hybrid,ru,2022-06-16,workshop,offline,8,False,971,1,0,2,0.3333333333333333,0.16666666666666666,0.16666666666666666,0.3333333333333333,1,0.6666666666666666,1,0.6666666666666666,5,0.2857142857142857,0,4,completed,1
R000414,E0021,EV_039,2025-02-12,,completed,100,,4.0,self,Customer Support Specialist,Middle,remote,ru,2024-09-12,workshop,online,3,False,153,1,0,0,0.25,0.25,0.25,0.25,0,0.5,0,0.5,14,0.625,0,100,completed,1
R000415,E0140,EV_040,2025-02-12,,completed,100,,2.0,manager,Backend Engineer,Middle,office,ru,2024-06-21,workshop,offline,4,False,236,1,0,2,0.16666666666666666,0.5,0.16666666666666666,0.16666666666666666,0,0.5,0,0.5,27,0.6551724137931034,0,23,completed,1
R000416,E0035,EV_039,2025-02-14,,completed,100,,,self,Customer Support Specialist,Lead,hybrid,ru,2021-08-26,workshop,online,3,False,1268,1,0,1,0.4,0.2,0.2,0.2,0,0.5,1,0.6666666666666666,15,0.6470588235294118,0,38,completed,1
R000417,E0065,EV_009,2025-02-14,,declined,0,,,manager,QA Engineer,Middle,hybrid,en,2022-08-01,certification,self_paced,40,False,928,1,0,1,0.4,0.2,0.2,0.2,0,0.5,0,0.5,6,0.625,0,102,declined,0
R000418,E0181,EV_004,2025-02-14,2025-02-26,completed,100,,5.0,hr,Product Manager,Senior,office,ru,2025-01-27,onboarding,offline,8,True,18,1,0,0,0.25,0.25,0.25,0.25,0,0.5,0,0.5,0,0.5,0,15,not_training_eligible,
R000419,E0005,EV_037,2025-02-17,,declined,0,,,manager,Backend Engineer,Middle,hybrid,kk,2024-06-12,mentoring,online,12,False,250,1,0,3,0.42857142857142855,0.14285714285714285,0.2857142857142857,0.14285714285714285,0,0.5,0,0.5,18,0.75,0,14,declined,0
R000420,E0066,EV_018,2025-02-17,,completed,100,92.0,4.0,manager,QA Engineer,Middle,office,en,2024-05-14,course,online,24,False,279,1,0,1,0.4,0.2,0.2,0.2,1,0.6666666666666666,0,0.5,1,0.3333333333333333,0,68,completed,1
R000421,E0071,EV_040,2025-02-17,,completed,100,,4.0,manager,Product Manager,Middle,office,kk,2022-11-14,workshop,offline,4,False,826,1,0,4,0.625,0.125,0.125,0.125,2,0.75,2,0.75,28,0.6666666666666666,0,6,completed,1
R000422,E0113,EV_001,2025-02-17,2025-03-19,completed,100,91.0,,hr,Product Manager,Junior,office,ru,2025-02-14,compliance,self_paced,2,True,3,1,0,0,0.25,0.25,0.25,0.25,0,0.5,0,0.5,0,0.5,1,-1,not_training_eligible,
R000423,E0113,EV_002,2025-02-17,2025-03-19,completed,100,92.0,,hr,Product Manager,Junior,office,ru,2025-02-14,compliance,self_paced,2,True,3,1,0,0,0.25,0.25,0.25,0.25,0,0.5,0,0.5,0,0.5,1,-1,not_training_eligible,
R000424,E0113,EV_003,2025-02-17,2025-03-19,completed,100,91.0,,hr,Product Manager,Junior,office,ru,2025-02-14,compliance,self_paced,2,True,3,1,0,0,0.25,0.25,0.25,0.25,0,0.5,0,0.5,0,0.5,1,-1,not_training_eligible,
R000425,E0115,EV_001,2025-02-17,2025-03-19,completed,100,85.0,,hr,Frontend Engineer,Junior,hybrid,ru,2025-02-12,compliance,self_paced,2,True,5,1,0,0,0.25,0.25,0.25,0.25,0,0.5,0,0.5,0,0.5,1,-1,not_training_eligible,
R000426,E0115,EV_002,2025-02-17,2025-03-19,completed,100,81.0,,hr,Frontend Engineer,Junior,hybrid,ru,2025-02-12,compliance,self_paced,2,True,5,1,0,0,0.25,0.25,0.25,0.25,0,0.5,0,0.5,0,0.5,1,-1,not_training_eligible,
R000427,E0115,EV_003,2025-02-17,2025-03-19,completed,100,96.0,,hr,Frontend Engineer,Junior,hybrid,ru,2025-02-12,compliance,self_paced,2,True,5,1,0,0,0.25,0.25,0.25,0.25,0,0.5,0,0.5,0,0.5,1,-1,not_training_eligible,
R000428,E0176,EV_026,2025-02-17,,completed,100,,5.0,self,Product Manager,Junior,hybrid,ru,2024-04-29,workshop,offline,8,False,294,1,0,2,0.5,0.16666666666666666,0.16666666666666666,0.16666666666666666,0,0.5,1,0.6666666666666666,1,0.6666666666666666,0,20,completed,1
R000429,E0047,EV_006,2025-02-18,,dropped,15,,3.0,self,Backend Engineer,Middle,office,ru,2022-12-22,workshop,offline,12,False,789,1,0,3,0.42857142857142855,0.2857142857142857,0.14285714285714285,0.14285714285714285,1,0.3333333333333333,1,0.3333333333333333,3,0.6,0,14,dropped,0
R000430,E0160,EV_040,2025-02-18,,completed,100,,5.0,self,Customer Support Specialist,Junior,hybrid,ru,2024-11-13,workshop,offline,4,False,97,1,0,1,0.4,0.2,0.2,0.2,0,0.5,1,0.6666666666666666,29,0.6774193548387096,0,32,completed,1
R000431,E0186,EV_005,2025-02-18,,no_show,0,,,manager,Backend Engineer,Middle,hybrid,ru,2022-06-16,course,online,16,False,978,1,0,3,0.42857142857142855,0.14285714285714285,0.14285714285714285,0.2857142857142857,0,0.5,0,0.5,3,0.4,0,7,no_show,0
R000432,E0081,EV_034,2025-02-19,,no_show,0,,,manager,Customer Support Specialist,Middle,hybrid,kk,2023-12-29,workshop,online,4,False,418,1,0,0,0.25,0.25,0.25,0.25,0,0.5,0,0.5,10,0.5833333333333334,0,107,no_show,0
R000433,E0153,EV_039,2025-02-19,,completed,100,,5.0,hr,Sales Manager,Middle,office,ru,2022-10-17,workshop,online,3,False,856,1,0,2,0.5,0.16666666666666666,0.16666666666666666,0.16666666666666666,1,0.6666666666666666,1,0.6666666666666666,16,0.6666666666666666,0,106,completed,1
R000434,E0025,EV_008,2025-02-20,,completed,100,,,hr,Data Analyst,Junior,office,kk,2024-04-22,workshop,online,4,False,304,1,0,0,0.25,0.25,0.25,0.25,0,0.5,0,0.5,18,0.75,0,108,completed,1
R000435,E0124,EV_001,2025-02-20,2025-03-22,completed,100,83.0,,hr,Data Analyst,Middle,office,kk,2025-02-17,compliance,self_paced,2,True,3,1,0,0,0.25,0.25,0.25,0.25,0,0.5,0,0.5,0,0.5,1,-1,not_training_eligible,
R000436,E0124,EV_002,2025-02-20,2025-03-22,completed,100,98.0,,hr,Data Analyst,Middle,office,kk,2025-02-17,compliance,self_paced,2,True,3,1,0,0,0.25,0.25,0.25,0.25,0,0.5,0,0.5,0,0.5,1,-1,not_training_eligible,
R000437,E0124,EV_003,2025-02-20,2025-03-22,completed,100,91.0,,hr,Data Analyst,Middle,office,kk,2025-02-17,compliance,self_paced,2,True,3,1,0,0,0.25,0.25,0.25,0.25,0,0.5,0,0.5,0,0.5,1,-1,not_training_eligible,
R000438,E0137,EV_001,2025-02-20,2025-03-22,completed,100,99.0,,hr,Backend Engineer,Middle,remote,kk,2025-02-17,compliance,self_paced,2,True,3,1,0,0,0.25,0.25,0.25,0.25,0,0.5,0,0.5,0,0.5,1,-1,not_training_eligible,
R000439,E0137,EV_002,2025-02-20,2025-03-22,completed,100,84.0,,hr,Backend Engineer,Middle,remote,kk,2025-02-17,compliance,self_paced,2,True,3,1,0,0,0.25,0.25,0.25,0.25,0,0.5,0,0.5,0,0.5,1,-1,not_training_eligible,
R000440,E0137,EV_003,2025-02-20,2025-03-22,completed,100,77.0,,hr,Backend Engineer,Middle,remote,kk,2025-02-17,compliance,self_paced,2,True,3,1,0,0,0.25,0.25,0.25,0.25,0,0.5,0,0.5,0,0.5,1,-1,not_training_eligible,
R000441,E0171,EV_011,2025-02-20,,completed,100,,5.0,manager,QA Engineer,Middle,hybrid,ru,2024-11-18,workshop,offline,6,False,94,1,0,1,0.2,0.4,0.2,0.2,0,0.5,1,0.3333333333333333,3,0.4,0,42,completed,1
R000442,E0050,EV_037,2025-02-21,,completed,100,,5.0,manager,Backend Engineer,Lead,hybrid,ru,2017-01-24,mentoring,online,12,False,2950,1,0,3,0.42857142857142855,0.14285714285714285,0.2857142857142857,0.14285714285714285,3,0.6,0,0.5,19,0.7142857142857143,0,30,completed,1
R000443,E0051,EV_032,2025-02-21,,completed,100,,3.0,self,Sales Manager,Senior,office,kk,2023-01-30,workshop,offline,8,False,753,1,0,1,0.4,0.2,0.2,0.2,0,0.5,1,0.6666666666666666,6,0.875,0,109,completed,1
R000444,E0112,EV_039,2025-02-21,,completed,100,,4.0,self,Customer Support Specialist,Senior,hybrid,ru,2019-12-30,workshop,online,3,False,1880,1,0,3,0.42857142857142855,0.2857142857142857,0.14285714285714285,0.14285714285714285,3,0.6,0,0.5,17,0.6842105263157895,0,25,completed,1
R000445,E0133,EV_008,2025-02-21,,completed,100,,5.0,self,HR Business Partner,Lead,office,ru,2019-08-23,workshop,online,4,False,2009,1,0,0,0.25,0.25,0.25,0.25,0,0.5,0,0.5,19,0.7619047619047619,0,109,completed,1
R000446,E0184,EV_010,2025-02-21,,declined,0,,,manager,Backend Engineer,Middle,office,ru,2024-10-30,course,online,20,False,114,1,0,0,0.25,0.25,0.25,0.25,0,0.5,0,0.5,3,0.6,0,108,declined,0
R000447,E0185,EV_008,2025-02-21,,completed,100,,4.0,manager,Customer Support Specialist,Middle,remote,kk,2024-10-21,workshop,online,4,False,123,1,0,0,0.25,0.25,0.25,0.25,0,0.5,0,0.5,19,0.7619047619047619,0,109,completed,1
R000448,E0050,EV_009,2025-02-24,,completed,100,67.0,4.0,self,Backend Engineer,Lead,hybrid,ru,2017-01-24,certification,self_paced,40,False,2953,1,0,4,0.5,0.125,0.25,0.125,0,0.5,0,0.5,7,0.5555555555555556,0,3,completed,1
R000449,E0055,EV_036,2025-02-24,,no_show,0,,,hr,Product Manager,Lead,hybrid,en,2023-02-22,meetup,offline,2,False,733,1,0,3,0.5714285714285714,0.14285714285714285,0.14285714285714285,0.14285714285714285,0,0.5,0,0.5,16,0.7777777777777778,0,53,no_show,0
R000450,E0083,EV_004,2025-02-24,2025-03-01,completed,100,,,hr,Customer Support Specialist,Senior,hybrid,ru,2025-01-30,onboarding,offline,8,True,25,1,0,0,0.25,0.25,0.25,0.25,0,0.5,0,0.5,0,0.5,0,21,not_training_eligible,
R000451,E0116,EV_001,2025-02-24,2025-03-26,completed,100,76.0,,hr,Product Manager,Middle,office,kk,2025-02-20,compliance,self_paced,2,True,4,1,0,0,0.25,0.25,0.25,0.25,0,0.5,0,0.5,0,0.5,1,-1,not_training_eligible,
R000452,E0116,EV_002,2025-02-24,2025-03-26,completed,100,76.0,,hr,Product Manager,Middle,office,kk,2025-02-20,compliance,self_paced,2,True,4,1,0,0,0.25,0.25,0.25,0.25,0,0.5,0,0.5,0,0.5,1,-1,not_training_eligible,
R000453,E0116,EV_003,2025-02-24,2025-03-26,completed,100,96.0,,hr,Product Manager,Middle,office,kk,2025-02-20,compliance,self_paced,2,True,4,1,0,0,0.25,0.25,0.25,0.25,0,0.5,0,0.5,0,0.5,1,-1,not_training_eligible,
R000454,E0166,EV_001,2025-02-24,2025-03-26,completed,100,87.0,,hr,Sales Manager,Senior,office,kk,2025-02-21,compliance,self_paced,2,True,3,1,0,0,0.25,0.25,0.25,0.25,0,0.5,0,0.5,0,0.5,1,-1,not_training_eligible,
R000455,E0166,EV_002,2025-02-24,2025-03-26,completed,100,90.0,,hr,Sales Manager,Senior,office,kk,2025-02-21,compliance,self_paced,2,True,3,1,0,0,0.25,0.25,0.25,0.25,0,0.5,0,0.5,0,0.5,1,-1,not_training_eligible,
R000456,E0166,EV_003,2025-02-24,2025-03-26,completed,100,71.0,,hr,Sales Manager,Senior,office,kk,2025-02-21,compliance,self_paced,2,True,3,1,0,0,0.25,0.25,0.25,0.25,0,0.5,0,0.5,0,0.5,1,-1,not_training_eligible,
R000457,E0199,EV_025,2025-02-24,,completed,100,94.0,,manager,Data Analyst,Senior,hybrid,ru,2019-12-24,course,online,10,False,1889,1,0,2,0.5,0.16666666666666666,0.16666666666666666,0.16666666666666666,1,0.6666666666666666,0,0.5,3,0.6,0,28,completed,1
R000458,E0095,EV_031,2025-02-26,,declined,0,,,manager,HR Business Partner,Middle,office,kk,2021-12-20,workshop,online,6,False,1164,1,0,2,0.3333333333333333,0.16666666666666666,0.3333333333333333,0.16666666666666666,2,0.5,2,0.5,1,0.6666666666666666,0,85,declined,0
R000459,E0116,EV_004,2025-02-26,2025-03-22,completed,100,,5.0,hr,Product Manager,Middle,office,kk,2025-02-20,onboarding,offline,8,True,6,1,0,0,0.25,0.25,0.25,0.25,0,0.5,0,0.5,0,0.5,0,2,not_training_eligible,
R000460,E0181,EV_027,2025-02-26,,no_show,0,,,self,Product Manager,Senior,office,ru,2025-01-27,workshop,online,6,False,30,1,0,0,0.25,0.25,0.25,0.25,0,0.5,0,0.5,5,0.8571428571428571,0,12,no_show,0
R000461,E0003,EV_040,2025-02-27,,completed,100,,4.0,self,Customer Support Specialist,Senior,hybrid,kk,2019-09-16,workshop,offline,4,False,1991,1,0,1,0.4,0.2,0.2,0.2,0,0.5,1,0.6666666666666666,30,0.6875,0,115,completed,1
R000462,E0059,EV_037,2025-02-27,,dropped,85,,1.0,manager,Sales Manager,Middle,remote,ru,2023-06-28,mentoring,online,12,False,610,1,0,3,0.42857142857142855,0.14285714285714285,0.2857142857142857,0.14285714285714285,2,0.75,0,0.5,20,0.7272727272727273,0,78,dropped,0
R000463,E0064,EV_038,2025-02-27,,dropped,40,,,self,Backend Engineer,Senior,office,ru,2021-10-20,course,online,16,False,1226,1,0,0,0.25,0.25,0.25,0.25,0,0.5,0,0.5,14,0.875,0,115,dropped,0
R000464,E0026,EV_036,2025-02-28,,completed,100,,,self,Backend Engineer,Senior,hybrid,kk,2022-04-25,meetup,offline,2,False,1040,1,0,0,0.25,0.25,0.25,0.25,0,0.5,0,0.5,17,0.7368421052631579,0,116,completed,1
R000465,E0079,EV_034,2025-02-28,,completed,100,,5.0,self,Sales Manager,Junior,office,ru,2024-10-14,workshop,online,4,False,137,1,0,1,0.4,0.2,0.2,0.2,1,0.6666666666666666,0,0.5,11,0.5384615384615384,0,72,completed,1
R000466,E0102,EV_016,2025-02-28,,completed,100,,5.0,self,Frontend Engineer,Junior,remote,ru,2024-05-30,workshop,online,4,False,274,1,0,1,0.2,0.2,0.4,0.2,0,0.5,1,0.3333333333333333,7,0.7777777777777778,0,63,completed,1
R000467,E0002,EV_002,2025-03-03,2025-04-02,completed,100,93.0,,hr,Backend Engineer,Middle,remote,ru,2023-04-25,compliance,self_paced,2,True,678,1,0,1,0.2,0.4,0.2,0.2,0,0.5,0,0.5,0,0.5,0,96,not_training_eligible,
R000468,E0003,EV_002,2025-03-03,2025-04-02,completed,100,83.0,,hr,Customer Support Specialist,Senior,hybrid,kk,2019-09-16,compliance,self_paced,2,True,1995,1,0,2,0.5,0.16666666666666666,0.16666666666666666,0.16666666666666666,0,0.5,0,0.5,0,0.5,0,4,not_training_eligible,
R000469,E0004,EV_002,2025-03-03,2025-04-02,completed,100,72.0,,hr,Data Analyst,Middle,office,ru,2021-10-21,compliance,self_paced,2,True,1229,1,0,1,0.4,0.2,0.2,0.2,0,0.5,0,0.5,0,0.5,0,119,not_training_eligible,
R000470,E0005,EV_002,2025-03-03,2025-04-02,completed,100,92.0,,hr,Backend Engineer,Middle,hybrid,kk,2024-06-12,compliance,self_paced,2,True,264,1,0,4,0.375,0.125,0.25,0.25,0,0.5,0,0.5,0,0.5,0,14,not_training_eligible,
R000471,E0006,EV_002,2025-03-03,2025-04-02,completed,100,90.0,,hr,Frontend Engineer,Lead,office,kk,2018-01-16,compliance,self_paced,2,True,2603,1,0,3,0.42857142857142855,0.14285714285714285,0.14285714285714285,0.2857142857142857,2,0.75,0,0.5,0,0.5,0,48,not_training_eligible,
R000472,E0007,EV_002,2025-03-03,2025-04-02,completed,100,82.0,,hr,Backend Engineer,Senior,office,kk,2018-10-26,compliance,self_paced,2,True,2320,1,0,2,0.5,0.16666666666666666,0.16666666666666666,0.16666666666666666,1,0.6666666666666666,0,0.5,0,0.5,0,88,not_training_eligible,
R000473,E0010,EV_002,2025-03-03,2025-04-02,completed,100,100.0,,hr,Customer Support Specialist,Middle,remote,ru,2023-11-24,compliance,self_paced,2,True,465,1,0,1,0.2,0.4,0.2,0.2,0,0.5,0,0.5,0,0.5,0,119,not_training_eligible,
R000474,E0011,EV_002,2025-03-03,2025-04-02,completed,100,77.0,,hr,Data Analyst,Senior,office,kk,2021-01-11,compliance,self_paced,2,True,1512,1,0,2,0.5,0.16666666666666666,0.16666666666666666,0.16666666666666666,0,0.5,0,0.5,0,0.5,0,33,not_training_eligible,
R000475,E0012,EV_002,2025-03-03,2025-04-02,completed,100,82.0,,hr,Sales Manager,Middle,hybrid,ru,2022-01-19,compliance,self_paced,2,True,1139,1,0,0,0.25,0.25,0.25,0.25,0,0.5,0,0.5,0,0.5,0,119,not_training_eligible,
R000476,E0013,EV_002,2025-03-03,2025-04-02,completed,100,76.0,,hr,Backend Engineer,Senior,office,ru,2020-12-28,compliance,self_paced,2,True,1526,1,0,3,0.2857142857142857,0.14285714285714285,0.2857142857142857,0.2857142857142857,1,0.3333333333333333,0,0.5,0,0.5,0,88,not_training_eligible,
R000477,E0014,EV_002,2025-03-03,2025-04-02,completed,100,84.0,,hr,HR Business Partner,Lead,office,en,2019-10-02,compliance,self_paced,2,True,1979,1,0,2,0.5,0.16666666666666666,0.16666666666666666,0.16666666666666666,0,0.5,0,0.5,0,0.5,0,74,not_training_eligible,
R000478,E0015,EV_002,2025-03-03,2025-04-02,completed,100,88.0,,hr,Frontend Engineer,Middle,office,ru,2024-03-20,compliance,self_paced,2,True,348,1,0,1,0.4,0.2,0.2,0.2,0,0.5,0,0.5,0,0.5,0,69,not_training_eligible,
R000479,E0017,EV_002,2025-03-03,2025-04-02,completed,100,100.0,,hr,Product Manager,Senior,office,ru,2019-02-26,compliance,self_paced,2,True,2197,1,0,1,0.4,0.2,0.2,0.2,0,0.5,0,0.5,0,0.5,0,119,not_training_eligible,
R000480,E0018,EV_002,2025-03-03,2025-04-02,completed,100,91.0,,hr,Customer Support Specialist,Junior,remote,en,2024-03-26,compliance,self_paced,2,True,342,1,0,2,0.3333333333333333,0.16666666666666666,0.16666666666666666,0.3333333333333333,0,0.5,0,0.5,0,0.5,0,117,not_training_eligible,
R000481,E0020,EV_002,2025-03-03,2025-04-02,completed,100,97.0,,hr,Product Manager,Junior,remote,ru,2024-05-22,compliance,self_paced,2,True,285,1,0,2,0.5,0.16666666666666666,0.16666666666666666,0.16666666666666666,0,0.5,0,0.5,0,0.5,0,67,not_training_eligible,
R000482,E0021,EV_002,2025-03-03,2025-04-02,completed,100,75.0,,hr,Customer Support Specialist,Middle,remote,ru,2024-09-12,compliance,self_paced,2,True,172,1,0,1,0.4,0.2,0.2,0.2,0,0.5,0,0.5,0,0.5,0,19,not_training_eligible,
R000483,E0025,EV_002,2025-03-03,2025-04-02,completed,100,75.0,,hr,Data Analyst,Junior,office,kk,2024-04-22,compliance,self_paced,2,True,315,1,0,1,0.4,0.2,0.2,0.2,0,0.5,0,0.5,0,0.5,0,11,not_training_eligible,
R000484,E0026,EV_002,2025-03-03,2025-04-02,completed,100,82.0,,hr,Backend Engineer,Senior,hybrid,kk,2022-04-25,compliance,self_paced,2,True,1043,1,0,1,0.4,0.2,0.2,0.2,0,0.5,0,0.5,0,0.5,0,3,not_training_eligible,
R000485,E0028,EV_002,2025-03-03,2025-04-02,completed,100,71.0,,hr,Backend Engineer,Middle,hybrid,kk,2022-05-23,compliance,self_paced,2,True,1015,1,0,1,0.2,0.2,0.4,0.2,0,0.5,0,0.5,0,0.5,0,119,not_training_eligible,
R000486,E0032,EV_002,2025-03-03,2025-04-02,completed,100,81.0,,hr,Data Analyst,Junior,hybrid,kk,2024-07-18,compliance,self_paced,2,True,228,1,0,1,0.4,0.2,0.2,0.2,0,0.5,0,0.5,0,0.5,0,108,not_training_eligible,
R000487,E0035,EV_002,2025-03-03,2025-04-02,completed,100,81.0,,hr,Customer Support Specialist,Lead,hybrid,ru,2021-08-26,compliance,self_paced,2,True,1285,1,0,2,0.5,0.16666666666666666,0.16666666666666666,0.16666666666666666,0,0.5,0,0.5,0,0.5,0,17,not_training_eligible,
R000488,E0038,EV_002,2025-03-03,2025-04-02,completed,100,100.0,,hr,Product Manager,Senior,hybrid,kk,2022-06-24,compliance,self_paced,2,True,983,1,0,0,0.25,0.25,0.25,0.25,0,0.5,0,0.5,0,0.5,0,119,not_training_eligible,
R000489,E0039,EV_002,2025-03-03,2025-04-02,completed,100,94.0,,hr,Data Analyst,Middle,hybrid,ru,2022-08-29,compliance,self_paced,2,True,917,1,0,1,0.2,0.2,0.4,0.2,0,0.5,0,0.5,0,0.5,0,83,not_training_eligible,
R000490,E0041,EV_002,2025-03-03,2025-04-02,completed,100,80.0,,hr,Product Manager,Senior,office,kk,2023-09-22,compliance,self_paced,2,True,528,1,0,0,0.25,0.25,0.25,0.25,0,0.5,0,0.5,0,0.5,0,119,not_training_eligible,
R000491,E0042,EV_002,2025-03-03,2025-04-02,completed,100,70.0,,hr,Frontend Engineer,Junior,hybrid,ru,2024-08-21,compliance,self_paced,2,True,194,1,0,0,0.25,0.25,0.25,0.25,0,0.5,0,0.5,0,0.5,0,119,not_training_eligible,
R000492,E0043,EV_002,2025-03-03,2025-04-02,completed,100,77.0,,hr,Frontend Engineer,Senior,hybrid,ru,2021-08-13,compliance,self_paced,2,True,1298,1,0,3,0.5714285714285714,0.14285714285714285,0.14285714285714285,0.14285714285714285,1,0.6666666666666666,0,0.5,0,0.5,0,41,not_training_eligible,
R000493,E0044,EV_002,2025-03-03,2025-04-02,completed,100,90.0,,hr,Frontend Engineer,Lead,office,kk,2022-10-17,compliance,self_paced,2,True,868,1,0,1,0.4,0.2,0.2,0.2,0,0.5,0,0.5,0,0.5,0,119,not_training_eligible,
R000494,E0046,EV_002,2025-03-03,2025-04-02,completed,100,96.0,,hr,Sales Manager,Middle,hybrid,ru,2024-02-26,compliance,self_paced,2,True,371,1,0,3,0.5714285714285714,0.14285714285714285,0.14285714285714285,0.14285714285714285,0,0.5,0,0.5,0,0.5,0,25,not_training_eligible,
R000495,E0047,EV_002,2025-03-03,2025-04-02,completed,100,100.0,,hr,Backend Engineer,Middle,office,ru,2022-12-22,compliance,self_paced,2,True,802,1,0,4,0.375,0.375,0.125,0.125,2,0.75,0,0.5,0,0.5,0,13,not_training_eligible,
R000496,E0050,EV_002,2025-03-03,2025-04-02,completed,100,72.0,,hr,Backend Engineer,Lead,hybrid,ru,2017-01-24,compliance,self_paced,2,True,2960,1,0,5,0.5555555555555556,0.1111111111111111,0.2222222222222222,0.1111111111111111,1,0.6666666666666666,0,0.5,0,0.5,0,7,not_training_eligible,
R000497,E0051,EV_002,2025-03-03,2025-04-02,completed,100,85.0,,hr,Sales Manager,Senior,office,kk,2023-01-30,compliance,self_paced,2,True,763,1,0,2,0.5,0.16666666666666666,0.16666666666666666,0.16666666666666666,0,0.5,0,0.5,0,0.5,0,10,not_training_eligible,
R000498,E0053,EV_002,2025-03-03,2025-04-02,completed,100,98.0,,hr,QA Engineer,Junior,remote,kk,2024-05-28,compliance,self_paced,2,True,279,1,0,4,0.25,0.125,0.5,0.125,0,0.5,0,0.5,0,0.5,0,40,not_training_eligible,
R000499,E0054,EV_002,2025-03-03,2025-04-02,completed,100,97.0,,hr,Data Analyst,Senior,hybrid,kk,2022-11-30,compliance,self_paced,2,True,824,1,0,3,0.42857142857142855,0.14285714285714285,0.14285714285714285,0.2857142857142857,0,0.5,0,0.5,0,0.5,0,88,not_training_eligible,
R000500,E0055,EV_002,2025-03-03,2025-04-02,completed,100,83.0,,hr,Product Manager,Lead,hybrid,en,2023-02-22,compliance,self_paced,2,True,740,1,0,4,0.5,0.125,0.25,0.125,0,0.5,0,0.5,0,0.5,0,7,not_training_eligible,
R000501,E0056,EV_002,2025-03-03,2025-04-02,completed,100,86.0,,hr,Sales Manager,Middle,office,ru,2022-07-18,compliance,self_paced,2,True,959,1,0,2,0.3333333333333333,0.16666666666666666,0.3333333333333333,0.16666666666666666,0,0.5,0,0.5,0,0.5,0,34,not_training_eligible,
R000502,E0057,EV_002,2025-03-03,2025-04-02,completed,100,73.0,,hr,Sales Manager,Senior,hybrid,kk,2023-10-19,compliance,self_paced,2,True,501,1,0,4,0.625,0.125,0.125,0.125,0,0.5,0,0.5,0,0.5,0,91,not_training_eligible,
R000503,E0059,EV_002,2025-03-03,2025-04-02,completed,100,70.0,,hr,Sales Manager,Middle,remote,ru,2023-06-28,compliance,self_paced,2,True,614,1,0,4,0.375,0.25,0.25,0.125,0,0.5,0,0.5,0,0.5,0,4,not_training_eligible,
R000504,E0060,EV_002,2025-03-03,2025-04-02,completed,100,84.0,,hr,Product Manager,Lead,office,kk,2021-10-18,compliance,self_paced,2,True,1232,1,0,3,0.5714285714285714,0.14285714285714285,0.14285714285714285,0.14285714285714285,0,0.5,0,0.5,0,0.5,0,66,not_training_eligible,
R000505,E0061,EV_002,2025-03-03,2025-04-02,completed,100,82.0,,hr,Data Analyst,Lead,remote,kk,2023-07-17,compliance,self_paced,2,True,595,1,0,1,0.4,0.2,0.2,0.2,0,0.5,0,0.5,0,0.5,0,119,not_training_eligible,
R000506,E0062,EV_002,2025-03-03,2025-04-02,completed,100,76.0,,hr,Sales Manager,Middle,office,ru,2022-06-22,compliance,self_paced,2,True,985,1,0,2,0.5,0.16666666666666666,0.16666666666666666,0.16666666666666666,0,0.5,0,0.5,0,0.5,0,56,not_training_eligible,
R000507,E0063,EV_002,2025-03-03,2025-04-02,completed,100,84.0,,hr,QA Engineer,Lead,office,kk,2023-08-29,compliance,self_paced,2,True,552,1,0,2,0.3333333333333333,0.3333333333333333,0.16666666666666666,0.16666666666666666,0,0.5,0,0.5,0,0.5,0,110,not_training_eligible,
R000508,E0064,EV_002,2025-03-03,2025-04-02,completed,100,99.0,,hr,Backend Engineer,Senior,office,ru,2021-10-20,compliance,self_paced,2,True,1230,1,0,1,0.2,0.4,0.2,0.2,0,0.5,0,0.5,0,0.5,0,4,not_training_eligible,
R000509,E0065,EV_002,2025-03-03,2025-04-02,completed,100,87.0,,hr,QA Engineer,Middle,hybrid,en,2022-08-01,compliance,self_paced,2,True,945,1,0,2,0.3333333333333333,0.16666666666666666,0.16666666666666666,0.3333333333333333,1,0.3333333333333333,0,0.5,0,0.5,0,17,not_training_eligible,
R000510,E0066,EV_002,2025-03-03,2025-04-02,completed,100,95.0,,hr,QA Engineer,Middle,office,en,2024-05-14,compliance,self_paced,2,True,293,1,0,2,0.5,0.16666666666666666,0.16666666666666666,0.16666666666666666,0,0.5,0,0.5,0,0.5,0,14,not_training_eligible,
R000511,E0067,EV_002,2025-03-03,2025-04-02,completed,100,76.0,,hr,Frontend Engineer,Middle,hybrid,ru,2024-10-16,compliance,self_paced,2,True,138,2,1,0,0.25,0.25,0.25,0.25,0,0.5,0,0.5,0,0.5,0,112,not_training_eligible,
R000512,E0069,EV_002,2025-03-03,2025-04-02,completed,100,93.0,,hr,Backend Engineer,Middle,hybrid,en,2023-09-20,compliance,self_paced,2,True,530,1,0,2,0.3333333333333333,0.16666666666666666,0.3333333333333333,0.16666666666666666,0,0.5,0,0.5,0,0.5,0,34,not_training_eligible,
R000513,E0070,EV_002,2025-03-03,2025-04-02,completed,100,86.0,,hr,Customer Support Specialist,Senior,hybrid,kk,2022-11-30,compliance,self_paced,2,True,824,1,0,2,0.3333333333333333,0.16666666666666666,0.16666666666666666,0.3333333333333333,0,0.5,0,0.5,0,0.5,0,55,not_training_eligible,
R000514,E0071,EV_002,2025-03-03,2025-04-02,completed,100,82.0,,hr,Product Manager,Middle,office,kk,2022-11-14,compliance,self_paced,2,True,840,1,0,5,0.6666666666666666,0.1111111111111111,0.1111111111111111,0.1111111111111111,0,0.5,0,0.5,0,0.5,0,14,not_training_eligible,
R000515,E0072,EV_002,2025-03-03,2025-04-02,completed,100,85.0,,hr,QA Engineer,Middle,office,ru,2024-04-15,compliance,self_paced,2,True,322,1,0,0,0.25,0.25,0.25,0.25,0,0.5,0,0.5,0,0.5,0,119,not_training_eligible,
R000516,E0073,EV_002,2025-03-03,2025-04-02,completed,100,85.0,,hr,Data Analyst,Senior,office,ru,2022-08-29,compliance,self_paced,2,True,917,1,0,5,0.3333333333333333,0.3333333333333333,0.2222222222222222,0.1111111111111111,1,0.3333333333333333,0,0.5,0,0.5,0,28,not_training_eligible,
R000517,E0074,EV_002,2025-03-03,2025-04-02,completed,100,82.0,,hr,Product Manager,Middle,office,kk,2022-04-20,compliance,self_paced,2,True,1048,1,0,0,0.25,0.25,0.25,0.25,0,0.5,0,0.5,0,0.5,0,119,not_training_eligible,
R000518,E0075,EV_002,2025-03-03,2025-04-02,completed,100,82.0,,hr,Frontend Engineer,Senior,office,kk,2018-10-22,compliance,self_paced,2,True,2324,1,0,1,0.4,0.2,0.2,0.2,0,0.5,0,0.5,0,0.5,0,39,not_training_eligible,
R000519,E0079,EV_002,2025-03-03,2025-04-02,completed,100,80.0,,hr,Sales Manager,Junior,office,ru,2024-10-14,compliance,self_paced,2,True,140,2,1,2,0.5,0.16666666666666666,0.16666666666666666,0.16666666666666666,0,0.5,0,0.5,0,0.5,0,3,not_training_eligible,
R000520,E0080,EV_002,2025-03-03,2025-04-02,completed,100,87.0,,hr,Data Analyst,Senior,hybrid,ru,2018-08-15,compliance,self_paced,2,True,2392,1,0,1,0.2,0.4,0.2,0.2,1,0.3333333333333333,0,0.5,0,0.5,0,75,not_training_eligible,
R000521,E0081,EV_002,2025-03-03,2025-04-02,completed,100,81.0,,hr,Customer Support Specialist,Middle,hybrid,kk,2023-12-29,compliance,self_paced,2,True,430,1,0,1,0.2,0.2,0.4,0.2,0,0.5,0,0.5,0,0.5,0,12,not_training_eligible,
R000522,E0085,EV_002,2025-03-03,2025-04-02,completed,100,75.0,,hr,Data Analyst,Lead,hybrid,ru,2018-05-23,compliance,self_paced,2,True,2476,1,0,2,0.5,0.16666666666666666,0.16666666666666666,0.16666666666666666,0,0.5,0,0.5,0,0.5,0,25,not_training_eligible,
R000523,E0088,EV_002,2025-03-03,2025-04-02,completed,100,93.0,,hr,Backend Engineer,Senior,remote,kk,2019-04-22,compliance,self_paced,2,True,2142,1,0,3,0.5714285714285714,0.14285714285714285,0.14285714285714285,0.14285714285714285,0,0.5,0,0.5,0,0.5,0,42,not_training_eligible,
R000524,E0091,EV_002,2025-03-03,2025-04-02,completed,100,90.0,,hr,QA Engineer,Senior,hybrid,kk,2024-05-28,compliance,self_paced,2,True,279,1,0,1,0.2,0.4,0.2,0.2,0,0.5,0,0.5,0,0.5,0,49,not_training_eligible,
R000525,E0091,EV_037,2025-03-03,,completed,100,,,self,QA Engineer,Senior,hybrid,kk,2024-05-28,mentoring,online,12,False,279,1,0,1,0.2,0.4,0.2,0.2,1,0.3333333333333333,0,0.5,21,0.6956521739130435,0,49,completed,1
R000526,E0092,EV_002,2025-03-03,2025-04-02,completed,100,100.0,,hr,Backend Engineer,Middle,office,en,2024-10-11,compliance,self_paced,2,True,143,2,1,0,0.25,0.25,0.25,0.25,0,0.5,0,0.5,0,0.5,0,130,not_training_eligible,
R000527,E0093,EV_002,2025-03-03,2025-04-02,completed,100,72.0,,hr,Customer Support Specialist,Middle,hybrid,kk,2022-08-31,compliance,self_paced,2,True,915,1,0,2,0.3333333333333333,0.3333333333333333,0.16666666666666666,0.16666666666666666,0,0.5,0,0.5,0,0.5,0,32,not_training_eligible,
R000528,E0094,EV_002,2025-03-03,2025-04-02,completed,100,82.0,,hr,Sales Manager,Senior,hybrid,ru,2022-01-12,compliance,self_paced,2,True,1146,1,0,2,0.3333333333333333,0.3333333333333333,0.16666666666666666,0.16666666666666666,0,0.5,0,0.5,0,0.5,0,35,not_training_eligible,
R000529,E0095,EV_002,2025-03-03,2025-04-02,completed,100,76.0,,hr,HR Business Partner,Middle,office,kk,2021-12-20,compliance,self_paced,2,True,1169,1,0,3,0.2857142857142857,0.14285714285714285,0.2857142857142857,0.2857142857142857,0,0.5,0,0.5,0,0.5,0,5,not_training_eligible,
R000530,E0097,EV_002,2025-03-03,2025-04-02,completed,100,98.0,,hr,Backend Engineer,Senior,office,kk,2024-02-16,compliance,self_paced,2,True,381,1,0,2,0.5,0.16666666666666666,0.16666666666666666,0.16666666666666666,0,0.5,0,0.5,0,0.5,0,46,not_training_eligible,
R000531,E0098,EV_002,2025-03-03,2025-04-02,completed,100,74.0,,hr,QA Engineer,Middle,hybrid,kk,2023-04-18,compliance,self_paced,2,True,685,1,0,1,0.4,0.2,0.2,0.2,0,0.5,0,0.5,0,0.5,0,67,not_training_eligible,
R000532,E0099,EV_002,2025-03-03,2025-04-02,completed,100,96.0,,hr,HR Business Partner,Middle,hybrid,ru,2022-05-17,compliance,self_paced,2,True,1021,1,0,3,0.2857142857142857,0.2857142857142857,0.2857142857142857,0.14285714285714285,1,0.6666666666666666,0,0.5,0,0.5,0,115,not_training_eligible,
R000533,E0102,EV_002,2025-03-03,2025-04-02,completed,100,100.0,,hr,Frontend Engineer,Junior,remote,ru,2024-05-30,compliance,self_paced,2,True,277,1,0,2,0.3333333333333333,0.16666666666666666,0.3333333333333333,0.16666666666666666,0,0.5,0,0.5,0,0.5,0,3,not_training_eligible,
R000534,E0103,EV_002,2025-03-03,2025-04-02,completed,100,73.0,,hr,QA Engineer,Senior,remote,ru,2021-08-17,compliance,self_paced,2,True,1294,1,0,3,0.42857142857142855,0.14285714285714285,0.2857142857142857,0.14285714285714285,0,0.5,0,0.5,0,0.5,0,52,not_training_eligible,
R000535,E0105,EV_002,2025-03-03,2025-04-02,completed,100,87.0,,hr,HR Business Partner,Senior,office,kk,2024-04-22,compliance,self_paced,2,True,315,1,0,1,0.2,0.4,0.2,0.2,0,0.5,0,0.5,0,0.5,0,41,not_training_eligible,
R000536,E0106,EV_002,2025-03-03,2025-04-02,completed,100,73.0,,hr,Backend Engineer,Senior,remote,kk,2020-02-13,compliance,self_paced,2,True,1845,1,0,1,0.2,0.2,0.4,0.2,0,0.5,0,0.5,0,0.5,0,25,not_training_eligible,
R000537,E0107,EV_002,2025-03-03,2025-04-02,completed,100,96.0,,hr,Product Manager,Middle,office,ru,2022-04-25,compliance,self_paced,2,True,1043,1,0,3,0.5714285714285714,0.14285714285714285,0.14285714285714285,0.14285714285714285,0,0.5,0,0.5,0,0.5,0,68,not_training_eligible,
R000538,E0108,EV_002,2025-03-03,2025-04-02,completed,100,85.0,,hr,Product Manager,Middle,office,ru,2022-04-18,compliance,self_paced,2,True,1050,1,0,0,0.25,0.25,0.25,0.25,0,0.5,0,0.5,0,0.5,0,119,not_training_eligible,
R000539,E0109,EV_002,2025-03-03,2025-04-02,completed,100,91.0,,hr,Frontend Engineer,Middle,office,ru,2023-12-21,compliance,self_paced,2,True,438,1,0,3,0.42857142857142855,0.2857142857142857,0.14285714285714285,0.14285714285714285,0,0.5,0,0.5,0,0.5,0,83,not_training_eligible,
R000540,E0111,EV_002,2025-03-03,2025-04-02,completed,100,76.0,,hr,QA Engineer,Middle,office,ru,2024-06-19,compliance,self_paced,2,True,257,1,0,2,0.5,0.16666666666666666,0.16666666666666666,0.16666666666666666,1,0.6666666666666666,0,0.5,0,0.5,0,60,not_training_eligible,
R000541,E0112,EV_002,2025-03-03,2025-04-02,completed,100,87.0,,hr,Customer Support Specialist,Senior,hybrid,ru,2019-12-30,compliance,self_paced,2,True,1890,1,0,4,0.5,0.25,0.125,0.125,0,0.5,0,0.5,0,0.5,0,10,not_training_eligible,
R000542,E0115,EV_004,2025-03-03,2025-03-14,completed,100,,4.0,hr,Frontend Engineer,Junior,hybrid,ru,2025-02-12,onboarding,offline,8,True,19,1,0,0,0.25,0.25,0.25,0.25,0,0.5,0,0.5,0,0.5,0,14,not_training_eligible,
R000543,E0118,EV_002,2025-03-03,2025-04-02,completed,100,70.0,,hr,Frontend Engineer,Middle,hybrid,ru,2021-11-01,compliance,self_paced,2,True,1218,1,0,4,0.5,0.125,0.25,0.125,0,0.5,0,0.5,0,0.5,0,32,not_training_eligible,
R000544,E0120,EV_002,2025-03-03,2025-04-02,completed,100,84.0,,hr,Frontend Engineer,Senior,hybrid,ru,2019-11-25,compliance,self_paced,2,True,1925,1,0,3,0.5714285714285714,0.14285714285714285,0.14285714285714285,0.14285714285714285,1,0.6666666666666666,0,0.5,0,0.5,0,80,not_training_eligible,
R000545,E0122,EV_002,2025-03-03,2025-04-02,completed,100,91.0,,hr,Frontend Engineer,Senior,hybrid,kk,2024-04-22,compliance,self_paced,2,True,315,1,0,0,0.25,0.25,0.25,0.25,0,0.5,0,0.5,0,0.5,0,119,not_training_eligible,
R000546,E0123,EV_002,2025-03-03,2025-04-02,completed,100,93.0,,hr,Frontend Engineer,Senior,hybrid,kk,2021-04-15,compliance,self_paced,2,True,1418,1,0,3,0.42857142857142855,0.14285714285714285,0.2857142857142857,0.14285714285714285,0,0.5,0,0.5,0,0.5,0,104,not_training_eligible,
R000547,E0127,EV_002,2025-03-03,2025-04-02,completed,100,78.0,,hr,Backend Engineer,Middle,remote,kk,2022-06-29,compliance,self_paced,2,True,978,1,0,1,0.4,0.2,0.2,0.2,0,0.5,0,0.5,0,0.5,0,119,not_training_eligible,
R000548,E0128,EV_002,2025-03-03,2025-04-02,completed,100,73.0,,hr,Backend Engineer,Senior,hybrid,kk,2024-07-29,compliance,self_paced,2,True,217,1,0,0,0.25,0.25,0.25,0.25,0,0.5,0,0.5,0,0.5,0,119,not_training_eligible,
R000549,E0131,EV_002,2025-03-03,2025-04-02,completed,100,79.0,,hr,HR Business Partner,Middle,office,ru,2022-10-31,compliance,self_paced,2,True,854,1,0,2,0.5,0.16666666666666666,0.16666666666666666,0.16666666666666666,0,0.5,0,0.5,0,0.5,0,66,not_training_eligible,
R000550,E0132,EV_002,2025-03-03,2025-04-02,completed,100,77.0,,hr,Data Analyst,Senior,remote,en,2019-08-02,compliance,self_paced,2,True,2040,1,0,0,0.25,0.25,0.25,0.25,0,0.5,0,0.5,0,0.5,0,119,not_training_eligible,
R000551,E0133,EV_002,2025-03-03,2025-04-02,completed,100,96.0,,hr,HR Business Partner,Lead,office,ru,2019-08-23,compliance,self_paced,2,True,2019,1,0,1,0.4,0.2,0.2,0.2,0,0.5,0,0.5,0,0.5,0,10,not_training_eligible,
R000552,E0134,EV_002,2025-03-03,2025-04-02,completed,100,70.0,,hr,Product Manager,Middle,hybrid,ru,2023-05-01,compliance,self_paced,2,True,672,1,0,2,0.3333333333333333,0.16666666666666666,0.3333333333333333,0.16666666666666666,0,0.5,0,0.5,0,0.5,0,94,not_training_eligible,
R000553,E0136,EV_002,2025-03-03,2025-04-02,completed,100,92.0,,hr,Backend Engineer,Senior,hybrid,kk,2024-04-01,compliance,self_paced,2,True,336,1,0,1,0.4,0.2,0.2,0.2,0,0.5,0,0.5,0,0.5,0,83,not_training_eligible,
R000554,E0138,EV_002,2025-03-03,2025-04-02,completed,100,83.0,,hr,Sales Manager,Senior,remote,ru,2020-10-21,compliance,self_paced,2,True,1594,1,0,1,0.2,0.2,0.2,0.4,0,0.5,0,0.5,0,0.5,0,119,not_training_eligible,
R000555,E0140,EV_002,2025-03-03,2025-04-02,completed,100,71.0,,hr,Backend Engineer,Middle,office,ru,2024-06-21,compliance,self_paced,2,True,255,1,0,3,0.2857142857142857,0.42857142857142855,0.14285714285714285,0.14285714285714285,0,0.5,0,0.5,0,0.5,0,19,not_training_eligible,
R000556,E0143,EV_002,2025-03-03,2025-04-02,completed,100,83.0,,hr,Customer Support Specialist,Middle,office,kk,2023-08-15,compliance,self_paced,2,True,566,1,0,1,0.2,0.4,0.2,0.2,0,0.5,0,0.5,0,0.5,0,111,not_training_eligible,
R000557,E0144,EV_002,2025-03-03,2025-04-02,completed,100,81.0,,hr,Customer Support Specialist,Junior,office,ru,2024-09-16,compliance,self_paced,2,True,168,1,0,3,0.5714285714285714,0.14285714285714285,0.14285714285714285,0.14285714285714285,0,0.5,0,0.5,0,0.5,0,21,not_training_eligible,
R000558,E0145,EV_002,2025-03-03,2025-04-02,completed,100,100.0,,hr,QA Engineer,Senior,office,kk,2023-10-12,compliance,self_paced,2,True,508,1,0,1,0.2,0.2,0.2,0.4,0,0.5,0,0.5,0,0.5,0,70,not_training_eligible,
R000559,E0147,EV_002,2025-03-03,2025-04-02,completed,100,91.0,,hr,Frontend Engineer,Middle,office,ru,2024-05-27,compliance,self_paced,2,True,280,1,0,3,0.5714285714285714,0.14285714285714285,0.14285714285714285,0.14285714285714285,1,0.6666666666666666,0,0.5,0,0.5,0,76,not_training_eligible,
R000560,E0148,EV_002,2025-03-03,2025-04-02,completed,100,86.0,,hr,Sales Manager,Lead,office,kk,2020-08-18,compliance,self_paced,2,True,1658,1,0,4,0.5,0.125,0.25,0.125,0,0.5,0,0.5,0,0.5,0,24,not_training_eligible,
R000561,E0149,EV_002,2025-03-03,2025-04-02,completed,100,90.0,,hr,Sales Manager,Middle,office,ru,2022-10-26,compliance,self_paced,2,True,859,1,0,3,0.42857142857142855,0.14285714285714285,0.2857142857142857,0.14285714285714285,0,0.5,0,0.5,0,0.5,0,82,not_training_eligible,
R000562,E0150,EV_002,2025-03-03,2025-04-02,completed,100,94.0,,hr,Backend Engineer,Middle,office,ru,2023-07-03,compliance,self_paced,2,True,609,1,0,4,0.625,0.125,0.125,0.125,1,0.6666666666666666,0,0.5,0,0.5,0,41,not_training_eligible,
R000563,E0153,EV_002,2025-03-03,2025-04-02,completed,100,86.0,,hr,Sales Manager,Middle,office,ru,2022-10-17,compliance,self_paced,2,True,868,1,0,3,0.5714285714285714,0.14285714285714285,0.14285714285714285,0.14285714285714285,0,0.5,0,0.5,0,0.5,0,12,not_training_eligible,
R000564,E0154,EV_002,2025-03-03,2025-04-02,completed,100,97.0,,hr,Frontend Engineer,Middle,office,ru,2023-08-16,compliance,self_paced,2,True,565,1,0,4,0.5,0.125,0.125,0.25,0,0.5,0,0.5,0,0.5,0,21,not_training_eligible,
R000565,E0155,EV_002,2025-03-03,2025-04-02,completed,100,90.0,,hr,Backend Engineer,Middle,hybrid,kk,2023-06-19,compliance,self_paced,2,True,623,1,0,1,0.2,0.2,0.4,0.2,0,0.5,0,0.5,0,0.5,0,67,not_training_eligible,
R000566,E0158,EV_002,2025-03-03,2025-04-02,completed,100,76.0,,hr,Sales Manager,Senior,office,kk,2018-08-27,compliance,self_paced,2,True,2380,1,0,2,0.16666666666666666,0.16666666666666666,0.3333333333333333,0.3333333333333333,0,0.5,0,0.5,0,0.5,0,108,not_training_eligible,
R000567,E0161,EV_002,2025-03-03,2025-04-02,completed,100,75.0,,hr,Sales Manager,Senior,remote,ru,2024-05-15,compliance,self_paced,2,True,292,1,0,0,0.25,0.25,0.25,0.25,0,0.5,0,0.5,0,0.5,0,119,not_training_eligible,
R000568,E0162,EV_002,2025-03-03,2025-04-02,completed,100,87.0,,hr,Data Analyst,Middle,hybrid,kk,2024-01-15,compliance,self_paced,2,True,413,1,0,1,0.4,0.2,0.2,0.2,0,0.5,0,0.5,0,0.5,0,119,not_training_eligible,
R000569,E0162,EV_023,2025-03-03,,completed,100,,4.0,self,Data Analyst,Middle,hybrid,kk,2024-01-15,workshop,offline,6,False,413,1,0,1,0.4,0.2,0.2,0.2,0,0.5,1,0.6666666666666666,4,0.5,0,119,completed,1
R000570,E0163,EV_002,2025-03-03,2025-04-02,completed,100,72.0,,hr,Sales Manager,Middle,office,ru,2022-05-25,compliance,self_paced,2,True,1013,1,0,2,0.3333333333333333,0.16666666666666666,0.16666666666666666,0.3333333333333333,0,0.5,0,0.5,0,0.5,0,46,not_training_eligible,
R000571,E0164,EV_002,2025-03-03,2025-04-02,completed,100,80.0,,hr,Backend Engineer,Middle,hybrid,ru,2022-08-26,compliance,self_paced,2,True,920,1,0,2,0.3333333333333333,0.16666666666666666,0.3333333333333333,0.16666666666666666,0,0.5,0,0.5,0,0.5,0,42,not_training_eligible,
R000572,E0165,EV_002,2025-03-03,2025-04-02,completed,100,90.0,,hr,Product Manager,Junior,office,ru,2024-08-30,compliance,self_paced,2,True,185,1,0,1,0.4,0.2,0.2,0.2,0,0.5,0,0.5,0,0.5,0,119,not_training_eligible,
R000573,E0168,EV_002,2025-03-03,2025-04-02,completed,100,83.0,,hr,Customer Support Specialist,Middle,remote,kk,2023-07-19,compliance,self_paced,2,True,593,1,0,1,0.4,0.2,0.2,0.2,0,0.5,0,0.5,0,0.5,0,75,not_training_eligible,
R000574,E0169,EV_002,2025-03-03,2025-04-02,completed,100,74.0,,hr,Sales Manager,Lead,office,kk,2020-04-29,compliance,self_paced,2,True,1769,1,0,4,0.5,0.125,0.125,0.25,0,0.5,0,0.5,0,0.5,0,49,not_training_eligible,
R000575,E0172,EV_002,2025-03-03,2025-04-02,completed,100,70.0,,hr,HR Business Partner,Senior,remote,ru,2018-08-27,compliance,self_paced,2,True,2380,1,0,1,0.4,0.2,0.2,0.2,0,0.5,0,0.5,0,0.5,0,119,not_training_eligible,
R000576,E0173,EV_002,2025-03-03,2025-04-02,completed,100,91.0,,hr,HR Business Partner,Senior,remote,kk,2019-04-25,compliance,self_paced,2,True,2139,1,0,0,0.25,0.25,0.25,0.25,0,0.5,0,0.5,0,0.5,0,119,not_training_eligible,
R000577,E0175,EV_002,2025-03-03,2025-04-02,completed,100,82.0,,hr,Backend Engineer,Lead,hybrid,kk,2016-10-03,compliance,self_paced,2,True,3073,1,0,0,0.25,0.25,0.25,0.25,0,0.5,0,0.5,0,0.5,0,119,not_training_eligible,
R000578,E0176,EV_002,2025-03-03,2025-04-02,completed,100,83.0,,hr,Product Manager,Junior,hybrid,ru,2024-04-29,compliance,self_paced,2,True,308,1,0,3,0.5714285714285714,0.14285714285714285,0.14285714285714285,0.14285714285714285,0,0.5,0,0.5,0,0.5,0,14,not_training_eligible,
R000579,E0177,EV_002,2025-03-03,2025-04-02,completed,100,95.0,,hr,Customer Support Specialist,Middle,office,ru,2024-08-12,compliance,self_paced,2,True,203,1,0,2,0.3333333333333333,0.16666666666666666,0.16666666666666666,0.3333333333333333,0,0.5,0,0.5,0,0.5,0,28,not_training_eligible,
R000580,E0179,EV_002,2025-03-03,2025-04-02,completed,100,100.0,,hr,QA Engineer,Lead,hybrid,ru,2020-01-30,compliance,self_paced,2,True,1859,1,0,2,0.3333333333333333,0.16666666666666666,0.16666666666666666,0.3333333333333333,0,0.5,0,0.5,0,0.5,0,42,not_training_eligible,
R000581,E0180,EV_002,2025-03-03,2025-04-02,completed,100,91.0,,hr,Customer Support Specialist,Lead,hybrid,kk,2020-05-14,compliance,self_paced,2,True,1754,1,0,1,0.4,0.2,0.2,0.2,0,0.5,0,0.5,0,0.5,0,119,not_training_eligible,
R000582,E0182,EV_002,2025-03-03,2025-04-02,completed,100,93.0,,hr,Frontend Engineer,Middle,office,ru,2024-06-14,compliance,self_paced,2,True,262,1,0,1,0.4,0.2,0.2,0.2,0,0.5,0,0.5,0,0.5,0,105,not_training_eligible,
R000583,E0185,EV_002,2025-03-03,2025-04-02,completed,100,92.0,,hr,Customer Support Specialist,Middle,remote,kk,2024-10-21,compliance,self_paced,2,True,133,2,1,1,0.4,0.2,0.2,0.2,0,0.5,0,0.5,0,0.5,0,10,not_training_eligible,
R000584,E0186,EV_002,2025-03-03,2025-04-02,completed,100,70.0,,hr,Backend Engineer,Middle,hybrid,ru,2022-06-16,compliance,self_paced,2,True,991,1,0,4,0.375,0.125,0.25,0.25,1,0.3333333333333333,0,0.5,0,0.5,0,13,not_training_eligible,
R000585,E0187,EV_002,2025-03-03,2025-04-02,completed,100,93.0,,hr,Data Analyst,Junior,office,ru,2024-03-25,compliance,self_paced,2,True,343,1,0,1,0.2,0.4,0.2,0.2,1,0.3333333333333333,0,0.5,0,0.5,0,34,not_training_eligible,
R000586,E0189,EV_002,2025-03-03,2025-04-02,completed,100,78.0,,hr,QA Engineer,Senior,office,ru,2019-11-18,compliance,self_paced,2,True,1932,1,0,1,0.4,0.2,0.2,0.2,0,0.5,0,0.5,0,0.5,0,119,not_training_eligible,
R000587,E0190,EV_002,2025-03-03,2025-04-02,completed,100,76.0,,hr,Backend Engineer,Senior,office,kk,2023-11-30,compliance,self_paced,2,True,459,1,0,1,0.2,0.4,0.2,0.2,0,0.5,0,0.5,0,0.5,0,89,not_training_eligible,
R000588,E0191,EV_002,2025-03-03,2025-04-02,completed,100,74.0,,hr,Sales Manager,Middle,office,ru,2022-03-15,compliance,self_paced,2,True,1084,1,0,0,0.25,0.25,0.25,0.25,0,0.5,0,0.5,0,0.5,0,119,not_training_eligible,
R000589,E0193,EV_002,2025-03-03,2025-04-02,completed,100,80.0,,hr,Data Analyst,Middle,office,ru,2022-08-01,compliance,self_paced,2,True,945,1,0,1,0.4,0.2,0.2,0.2,0,0.5,0,0.5,0,0.5,0,55,not_training_eligible,
R000590,E0194,EV_002,2025-03-03,2025-04-02,completed,100,95.0,,hr,Frontend Engineer,Senior,remote,ru,2021-07-14,compliance,self_paced,2,True,1328,1,0,1,0.4,0.2,0.2,0.2,0,0.5,0,0.5,0,0.5,0,39,not_training_eligible,
R000591,E0196,EV_001,2025-03-03,2025-04-02,completed,100,79.0,,hr,Backend Engineer,Junior,hybrid,ru,2025-02-26,compliance,self_paced,2,True,5,1,0,0,0.25,0.25,0.25,0.25,0,0.5,0,0.5,0,0.5,1,-1,not_training_eligible,
R000592,E0196,EV_002,2025-03-03,2025-04-02,completed,100,82.0,,hr,Backend Engineer,Junior,hybrid,ru,2025-02-26,compliance,self_paced,2,True,5,1,0,0,0.25,0.25,0.25,0.25,0,0.5,0,0.5,0,0.5,1,-1,not_training_eligible,
R000593,E0196,EV_003,2025-03-03,2025-04-02,completed,100,99.0,,hr,Backend Engineer,Junior,hybrid,ru,2025-02-26,compliance,self_paced,2,True,5,1,0,0,0.25,0.25,0.25,0.25,0,0.5,0,0.5,0,0.5,1,-1,not_training_eligible,
R000594,E0197,EV_002,2025-03-03,2025-04-02,completed,100,87.0,,hr,QA Engineer,Middle,hybrid,ru,2022-08-15,compliance,self_paced,2,True,931,1,0,1,0.2,0.2,0.4,0.2,0,0.5,0,0.5,0,0.5,0,89,not_training_eligible,
R000595,E0198,EV_002,2025-03-03,2025-04-02,completed,100,74.0,,hr,Sales Manager,Junior,office,ru,2024-06-26,compliance,self_paced,2,True,250,1,0,5,0.5555555555555556,0.1111111111111111,0.2222222222222222,0.1111111111111111,0,0.5,0,0.5,0,0.5,0,34,not_training_eligible,
R000596,E0199,EV_002,2025-03-03,2025-04-02,completed,100,83.0,,hr,Data Analyst,Senior,hybrid,ru,2019-12-24,compliance,self_paced,2,True,1896,1,0,3,0.5714285714285714,0.14285714285714285,0.14285714285714285,0.14285714285714285,0,0.5,0,0.5,0,0.5,0,7,not_training_eligible,
R000597,E0005,EV_011,2025-03-04,,completed,100,,3.0,self,Backend Engineer,Middle,hybrid,kk,2024-06-12,workshop,offline,6,False,265,2,1,4,0.375,0.125,0.25,0.25,3,0.6,2,0.5,4,0.5,0,1,completed,1
R000598,E0013,EV_007,2025-03-04,,completed,100,,,manager,Backend Engineer,Senior,office,ru,2020-12-28,mentoring,online,8,False,1527,1,0,3,0.2857142857142857,0.14285714285714285,0.2857142857142857,0.2857142857142857,1,0.3333333333333333,0,0.5,3,0.4,0,1,completed,1
R000599,E0041,EV_026,2025-03-04,,completed,100,,4.0,manager,Product Manager,Senior,office,kk,2023-09-22,workshop,offline,8,False,529,1,0,0,0.25,0.25,0.25,0.25,0,0.5,0,0.5,2,0.75,0,1,completed,1
R000600,E0065,EV_018,2025-03-04,,completed,100,88.0,,self,QA Engineer,Middle,hybrid,en,2022-08-01,course,online,24,False,946,1,0,2,0.3333333333333333,0.16666666666666666,0.16666666666666666,0.3333333333333333,0,0.5,0,0.5,2,0.5,0,1,completed,1
R000601,E0070,EV_034,2025-03-04,,completed,100,,,manager,Customer Support Specialist,Senior,hybrid,kk,2022-11-30,workshop,online,4,False,825,1,0,2,0.3333333333333333,0.16666666666666666,0.16666666666666666,0.3333333333333333,2,0.5,1,0.6666666666666666,12,0.5714285714285714,0,1,completed,1
R000602,E0165,EV_026,2025-03-04,,completed,100,,4.0,hr,Product Manager,Junior,office,ru,2024-08-30,workshop,offline,8,False,186,1,0,1,0.4,0.2,0.2,0.2,1,0.6666666666666666,0,0.5,2,0.75,0,1,completed,1
R000603,E0199,EV_020,2025-03-04,,completed,100,74.0,,manager,Data Analyst,Senior,hybrid,ru,2019-12-24,course,self_paced,40,False,1897,1,0,3,0.5714285714285714,0.14285714285714285,0.14285714285714285,0.14285714285714285,0,0.5,1,0.6666666666666666,1,0.3333333333333333,0,1,completed,1
R000604,E0005,EV_012,2025-03-05,,dropped,75,,,self,Backend Engineer,Middle,hybrid,kk,2024-06-12,course,self_paced,24,False,266,1,0,5,0.4444444444444444,0.1111111111111111,0.2222222222222222,0.2222222222222222,0,0.5,0,0.5,6,0.625,0,1,dropped,0
R000605,E0008,EV_040,2025-03-05,,no_show,0,,,manager,Frontend Engineer,Senior,remote,en,2024-11-11,workshop,offline,4,False,114,1,0,2,0.5,0.16666666666666666,0.16666666666666666,0.16666666666666666,0,0.5,1,0.6666666666666666,31,0.696969696969697,0,26,no_show,0
R000606,E0012,EV_039,2025-03-05,,completed,100,,,hr,Sales Manager,Middle,hybrid,ru,2022-01-19,workshop,online,3,False,1141,1,0,0,0.25,0.25,0.25,0.25,0,0.5,0,0.5,18,0.7,0,2,completed,1
R000607,E0102,EV_015,2025-03-05,,completed,100,74.0,4.0,self,Frontend Engineer,Junior,remote,ru,2024-05-30,course,self_paced,6,False,279,1,0,2,0.3333333333333333,0.16666666666666666,0.3333333333333333,0.16666666666666666,0,0.5,0,0.5,3,0.8,0,2,completed,1
R000608,E0127,EV_037,2025-03-05,,no_show,0,,,manager,Backend Engineer,Middle,remote,kk,2022-06-29,mentoring,online,12,False,980,1,0,1,0.4,0.2,0.2,0.2,0,0.5,0,0.5,22,0.7083333333333334,0,2,no_show,0
R000609,E0158,EV_034,2025-03-05,,completed,100,,,self,Sales Manager,Senior,office,kk,2018-08-27,workshop,online,4,False,2382,1,0,2,0.16666666666666666,0.16666666666666666,0.3333333333333333,0.3333333333333333,1,0.3333333333333333,2,0.25,13,0.6,0,2,completed,1
R000610,E0169,EV_037,2025-03-05,,completed,100,,5.0,self,Sales Manager,Lead,office,kk,2020-04-29,mentoring,online,12,False,1771,1,0,4,0.5,0.125,0.125,0.25,1,0.6666666666666666,0,0.5,22,0.7083333333333334,0,2,completed,1
R000611,E0177,EV_037,2025-03-05,,no_show,0,,,manager,Customer Support Specialist,Middle,office,ru,2024-08-12,mentoring,online,12,False,205,1,0,2,0.3333333333333333,0.16666666666666666,0.16666666666666666,0.3333333333333333,2,0.5,0,0.5,22,0.7083333333333334,0,2,no_show,0
R000612,E0006,EV_038,2025-03-06,,no_show,0,,,self,Frontend Engineer,Lead,office,kk,2018-01-16,course,online,16,False,2606,1,0,3,0.42857142857142855,0.14285714285714285,0.14285714285714285,0.2857142857142857,0,0.5,1,0.6666666666666666,15,0.8235294117647058,0,3,no_show,0
R000613,E0118,EV_013,2025-03-06,,dropped,70,,3.0,manager,Frontend Engineer,Middle,hybrid,ru,2021-11-01,course,online,12,False,1221,1,0,4,0.5,0.125,0.25,0.125,3,0.6,1,0.3333333333333333,0,0.5,0,3,dropped,0
R000614,E0172,EV_038,2025-03-06,,completed,100,69.0,,self,HR Business Partner,Senior,remote,ru,2018-08-27,course,online,16,False,2383,1,0,1,0.4,0.2,0.2,0.2,1,0.6666666666666666,0,0.5,15,0.8235294117647058,0,3,completed,1
R000615,E0176,EV_040,2025-03-06,,completed,100,,5.0,manager,Product Manager,Junior,hybrid,ru,2024-04-29,workshop,offline,4,False,311,1,0,3,0.5714285714285714,0.14285714285714285,0.14285714285714285,0.14285714285714285,1,0.6666666666666666,2,0.75,32,0.6764705882352942,0,3,completed,1
R000616,E0197,EV_019,2025-03-06,,completed,100,,3.0,manager,QA Engineer,Middle,hybrid,ru,2022-08-15,workshop,offline,8,False,934,1,0,1,0.2,0.2,0.4,0.2,1,0.3333333333333333,1,0.3333333333333333,6,0.375,0,3,completed,1
R000617,E0133,EV_028,2025-03-07,,completed,100,,4.0,self,HR Business Partner,Lead,office,ru,2019-08-23,workshop,online,4,False,2023,1,0,1,0.4,0.2,0.2,0.2,1,0.6666666666666666,1,0.6666666666666666,3,0.6,0,4,completed,1
R000618,E0134,EV_036,2025-03-07,,no_show,0,,,manager,Product Manager,Middle,hybrid,ru,2023-05-01,meetup,offline,2,False,676,1,0,2,0.3333333333333333,0.16666666666666666,0.3333333333333333,0.16666666666666666,1,0.3333333333333333,0,0.5,18,0.75,0,4,no_show,0
R000619,E0166,EV_004,2025-03-07,2025-03-23,completed,100,,,hr,Sales Manager,Senior,office,kk,2025-02-21,onboarding,offline,8,True,14,1,0,0,0.25,0.25,0.25,0.25,0,0.5,0,0.5,0,0.5,0,11,not_training_eligible,
R000620,E0187,EV_021,2025-03-07,,declined,0,,,manager,Data Analyst,Junior,office,ru,2024-03-25,workshop,online,6,False,347,1,0,1,0.2,0.4,0.2,0.2,0,0.5,0,0.5,4,0.6666666666666666,0,4,declined,0
R000621,E0194,EV_009,2025-03-07,,completed,100,74.0,,self,Frontend Engineer,Senior,remote,ru,2021-07-14,certification,self_paced,40,False,1332,1,0,1,0.4,0.2,0.2,0.2,0,0.5,0,0.5,8,0.6,0,4,completed,1
R000622,E0095,EV_037,2025-03-10,,completed,100,,,self,HR Business Partner,Middle,office,kk,2021-12-20,mentoring,online,12,False,1176,1,0,3,0.2857142857142857,0.14285714285714285,0.2857142857142857,0.2857142857142857,3,0.4,0,0.5,25,0.6666666666666666,0,7,completed,1
R000623,E0097,EV_025,2025-03-10,,completed,100,95.0,5.0,self,Backend Engineer,Senior,office,kk,2024-02-16,course,online,10,False,388,1,0,2,0.5,0.16666666666666666,0.16666666666666666,0.16666666666666666,2,0.75,1,0.6666666666666666,4,0.6666666666666666,0,7,completed,1
R000624,E0113,EV_004,2025-03-10,2025-03-16,completed,100,,,hr,Product Manager,Junior,office,ru,2025-02-14,onboarding,offline,8,True,24,1,0,0,0.25,0.25,0.25,0.25,0,0.5,0,0.5,0,0.5,0,21,not_training_eligible,
R000625,E0124,EV_004,2025-03-11,2025-03-19,completed,100,,3.0,hr,Data Analyst,Middle,office,kk,2025-02-17,onboarding,offline,8,True,22,1,0,0,0.25,0.25,0.25,0.25,0,0.5,0,0.5,0,0.5,0,19,not_training_eligible,
R000626,E0137,EV_004,2025-03-11,2025-03-19,completed,100,,5.0,hr,Backend Engineer,Middle,remote,kk,2025-02-17,onboarding,offline,8,True,22,1,0,0,0.25,0.25,0.25,0.25,0,0.5,0,0.5,0,0.5,0,19,not_training_eligible,
R000627,E0197,EV_018,2025-03-12,,dropped,70,,2.0,manager,QA Engineer,Middle,hybrid,ru,2022-08-15,course,online,24,False,940,1,0,2,0.3333333333333333,0.16666666666666666,0.3333333333333333,0.16666666666666666,0,0.5,0,0.5,3,0.6,0,6,dropped,0
R000628,E0015,EV_013,2025-03-13,,no_show,0,,,self,Frontend Engineer,Middle,office,ru,2024-03-20,course,online,12,False,358,1,0,1,0.4,0.2,0.2,0.2,1,0.6666666666666666,0,0.5,1,0.3333333333333333,0,10,no_show,0
R000629,E0059,EV_040,2025-03-13,,no_show,0,,,self,Sales Manager,Middle,remote,ru,2023-06-28,workshop,offline,4,False,624,2,1,4,0.375,0.25,0.25,0.125,1,0.3333333333333333,3,0.6,33,0.6857142857142857,0,10,no_show,0
R000630,E0185,EV_039,2025-03-13,,completed,100,,4.0,manager,Customer Support Specialist,Middle,remote,kk,2024-10-21,workshop,online,3,False,143,1,0,1,0.4,0.2,0.2,0.2,1,0.6666666666666666,1,0.6666666666666666,19,0.7142857142857143,0,10,completed,1
R000631,E0006,EV_036,2025-03-14,,completed,100,,,self,Frontend Engineer,Lead,office,kk,2018-01-16,meetup,offline,2,False,2614,1,0,4,0.375,0.125,0.25,0.25,1,0.3333333333333333,0,0.5,19,0.7142857142857143,0,8,completed,1
R000632,E0132,EV_037,2025-03-14,,completed,100,,3.0,manager,Data Analyst,Senior,remote,en,2019-08-02,mentoring,online,12,False,2051,1,0,0,0.25,0.25,0.25,0.25,0,0.5,0,0.5,26,0.6785714285714286,0,11,completed,1
R000633,E0153,EV_008,2025-03-14,,completed,100,,5.0,self,Sales Manager,Middle,office,ru,2022-10-17,workshop,online,4,False,879,1,0,3,0.5714285714285714,0.14285714285714285,0.14285714285714285,0.14285714285714285,2,0.75,2,0.75,21,0.782608695652174,0,11,completed,1
R000634,E0008,EV_040,2025-03-17,,no_show,0,,,hr,Frontend Engineer,Senior,remote,en,2024-11-11,workshop,offline,4,False,126,2,1,3,0.42857142857142855,0.14285714285714285,0.2857142857142857,0.14285714285714285,1,0.3333333333333333,2,0.5,34,0.6666666666666666,0,12,no_show,0
R000635,E0029,EV_001,2025-03-17,2025-04-16,completed,100,85.0,,hr,Customer Support Specialist,Senior,hybrid,kk,2025-03-13,compliance,self_paced,2,True,4,1,0,0,0.25,0.25,0.25,0.25,0,0.5,0,0.5,0,0.5,1,-1,not_training_eligible,
R000636,E0029,EV_002,2025-03-17,2025-04-16,completed,100,98.0,,hr,Customer Support Specialist,Senior,hybrid,kk,2025-03-13,compliance,self_paced,2,True,4,1,0,0,0.25,0.25,0.25,0.25,0,0.5,0,0.5,0,0.5,1,-1,not_training_eligible,
R000637,E0029,EV_003,2025-03-17,2025-04-16,completed,100,86.0,,hr,Customer Support Specialist,Senior,hybrid,kk,2025-03-13,compliance,self_paced,2,True,4,1,0,0,0.25,0.25,0.25,0.25,0,0.5,0,0.5,0,0.5,1,-1,not_training_eligible,
R000638,E0186,EV_009,2025-03-17,,completed,100,67.0,3.0,self,Backend Engineer,Middle,hybrid,ru,2022-06-16,certification,self_paced,40,False,1005,2,1,4,0.375,0.125,0.25,0.25,1,0.3333333333333333,1,0.3333333333333333,9,0.6363636363636364,0,14,completed,1
R000639,E0169,EV_036,2025-03-18,,no_show,0,,,manager,Sales Manager,Lead,office,kk,2020-04-29,meetup,offline,2,False,1784,4,3,5,0.5555555555555556,0.1111111111111111,0.1111111111111111,0.2222222222222222,3,0.6,3,0.6,20,0.7272727272727273,0,13,no_show,0
R000640,E0180,EV_037,2025-03-18,,completed,100,,5.0,manager,Customer Support Specialist,Lead,hybrid,kk,2020-05-14,mentoring,online,12,False,1769,1,0,1,0.4,0.2,0.2,0.2,1,0.6666666666666666,0,0.5,27,0.6896551724137931,0,15,completed,1
R000641,E0184,EV_005,2025-03-18,,completed,100,70.0,3.0,manager,Backend Engineer,Middle,office,ru,2024-10-30,course,online,16,False,139,1,0,1,0.2,0.2,0.2,0.4,1,0.3333333333333333,1,0.3333333333333333,4,0.3333333333333333,0,25,completed,1
R000642,E0011,EV_021,2025-03-19,,completed,100,,3.0,manager,Data Analyst,Senior,office,kk,2021-01-11,workshop,online,6,False,1528,1,0,2,0.5,0.16666666666666666,0.16666666666666666,0.16666666666666666,2,0.75,0,0.5,5,0.5714285714285714,0,16,completed,1
R000643,E0196,EV_004,2025-03-20,2025-03-28,completed,100,,4.0,hr,Backend Engineer,Junior,hybrid,ru,2025-02-26,onboarding,offline,8,True,22,1,0,0,0.25,0.25,0.25,0.25,0,0.5,0,0.5,0,0.5,0,17,not_training_eligible,
R000644,E0199,EV_024,2025-03-20,,completed,100,96.0,5.0,self,Data Analyst,Senior,hybrid,ru,2019-12-24,course,self_paced,30,False,1913,1,0,4,0.625,0.125,0.125,0.125,1,0.6666666666666666,2,0.75,1,0.3333333333333333,0,16,completed,1
R000645,E0027,EV_001,2025-03-21,2025-04-20,completed,100,73.0,,hr,HR Business Partner,Middle,remote,ru,2025-03-18,compliance,self_paced,2,True,3,1,0,0,0.25,0.25,0.25,0.25,0,0.5,0,0.5,0,0.5,1,-1,not_training_eligible,
R000646,E0027,EV_002,2025-03-21,2025-04-20,completed,100,93.0,,hr,HR Business Partner,Middle,remote,ru,2025-03-18,compliance,self_paced,2,True,3,1,0,0,0.25,0.25,0.25,0.25,0,0.5,0,0.5,0,0.5,1,-1,not_training_eligible,
R000647,E0027,EV_003,2025-03-21,2025-04-20,completed,100,97.0,,hr,HR Business Partner,Middle,remote,ru,2025-03-18,compliance,self_paced,2,True,3,1,0,0,0.25,0.25,0.25,0.25,0,0.5,0,0.5,0,0.5,1,-1,not_training_eligible,
R000648,E0073,EV_021,2025-03-21,,dropped,80,,,self,Data Analyst,Senior,office,ru,2022-08-29,workshop,online,6,False,935,2,1,5,0.3333333333333333,0.3333333333333333,0.2222222222222222,0.1111111111111111,3,0.6,3,0.4,6,0.625,0,18,dropped,0
R000649,E0185,EV_037,2025-03-21,,completed,100,,4.0,hr,Customer Support Specialist,Middle,remote,kk,2024-10-21,mentoring,online,12,False,151,1,0,2,0.5,0.16666666666666666,0.16666666666666666,0.16666666666666666,2,0.75,0,0.5,28,0.7,0,8,completed,1
R000650,E0189,EV_009,2025-03-24,,completed,100,63.0,4.0,self,QA Engineer,Senior,office,ru,2019-11-18,certification,self_paced,40,False,1953,1,0,1,0.4,0.2,0.2,0.2,0,0.5,0,0.5,10,0.6666666666666666,0,21,completed,1
R000651,E0191,EV_036,2025-03-24,,completed,100,,,self,Sales Manager,Middle,office,ru,2022-03-15,meetup,offline,2,False,1105,1,0,0,0.25,0.25,0.25,0.25,0,0.5,0,0.5,21,0.6956521739130435,0,21,completed,1
R000652,E0160,EV_008,2025-03-25,,completed,100,,,self,Customer Support Specialist,Junior,hybrid,ru,2024-11-13,workshop,online,4,False,132,1,0,2,0.5,0.16666666666666666,0.16666666666666666,0.16666666666666666,1,0.6666666666666666,2,0.75,22,0.7916666666666666,0,35,completed,1
R000653,E0051,EV_036,2025-03-26,,no_show,0,,,manager,Sales Manager,Senior,office,kk,2023-01-30,meetup,offline,2,False,786,1,0,2,0.5,0.16666666666666666,0.16666666666666666,0.16666666666666666,1,0.6666666666666666,0,0.5,22,0.7083333333333334,0,23,no_show,0
R000654,E0075,EV_016,2025-03-26,,completed,100,,5.0,manager,Frontend Engineer,Senior,office,kk,2018-10-22,workshop,online,4,False,2347,1,0,1,0.4,0.2,0.2,0.2,1,0.6666666666666666,0,0.5,8,0.8,0,23,completed,1
R000655,E0013,EV_006,2025-03-27,,completed,100,,4.0,manager,Backend Engineer,Senior,office,ru,2020-12-28,workshop,offline,12,False,1550,1,0,4,0.375,0.125,0.25,0.25,1,0.6666666666666666,1,0.6666666666666666,4,0.5,0,23,completed,1
R000656,E0018,EV_039,2025-03-27,,completed,100,,4.0,self,Customer Support Specialist,Junior,remote,en,2024-03-26,workshop,online,3,False,366,2,1,2,0.3333333333333333,0.16666666666666666,0.16666666666666666,0.3333333333333333,2,0.5,1,0.3333333333333333,20,0.7272727272727273,0,24,completed,1
R000657,E0035,EV_034,2025-03-27,,declined,0,,,manager,Customer Support Specialist,Lead,hybrid,ru,2021-08-26,workshop,online,4,False,1309,1,0,2,0.5,0.16666666666666666,0.16666666666666666,0.16666666666666666,1,0.6666666666666666,2,0.75,14,0.625,0,24,declined,0
R000658,E0136,EV_011,2025-03-27,,no_show,0,,,self,Backend Engineer,Senior,hybrid,kk,2024-04-01,workshop,offline,6,False,360,1,0,1,0.4,0.2,0.2,0.2,0,0.5,0,0.5,5,0.5714285714285714,0,24,no_show,0
R000659,E0013,EV_008,2025-03-28,,completed,100,,4.0,hr,Backend Engineer,Senior,office,ru,2020-12-28,workshop,online,4,False,1551,1,0,5,0.4444444444444444,0.1111111111111111,0.2222222222222222,0.2222222222222222,2,0.5,2,0.75,23,0.8,0,1,completed,1
R000660,E0138,EV_036,2025-03-28,,completed,100,,1.0,self,Sales Manager,Senior,remote,ru,2020-10-21,meetup,offline,2,False,1619,1,0,1,0.2,0.2,0.2,0.4,0,0.5,0,0.5,23,0.68,0,25,completed,1
R000661,E0139,EV_001,2025-03-28,2025-04-27,completed,100,96.0,,hr,Customer Support Specialist,Senior,office,kk,2025-03-25,compliance,self_paced,2,True,3,1,0,0,0.25,0.25,0.25,0.25,0,0.5,0,0.5,0,0.5,1,-1,not_training_eligible,
R000662,E0139,EV_002,2025-03-28,2025-04-27,completed,100,71.0,,hr,Customer Support Specialist,Senior,office,kk,2025-03-25,compliance,self_paced,2,True,3,1,0,0,0.25,0.25,0.25,0.25,0,0.5,0,0.5,0,0.5,1,-1,not_training_eligible,
R000663,E0139,EV_003,2025-03-28,2025-04-27,completed,100,71.0,,hr,Customer Support Specialist,Senior,office,kk,2025-03-25,compliance,self_paced,2,True,3,1,0,0,0.25,0.25,0.25,0.25,0,0.5,0,0.5,0,0.5,1,-1,not_training_eligible,
R000664,E0140,EV_010,2025-03-28,,completed,100,62.0,4.0,hr,Backend Engineer,Middle,office,ru,2024-06-21,course,online,20,False,280,2,1,3,0.2857142857142857,0.42857142857142855,0.14285714285714285,0.14285714285714285,2,0.25,1,0.3333333333333333,4,0.5,0,25,completed,1
R000665,E0164,EV_006,2025-03-28,,dropped,70,,3.0,manager,Backend Engineer,Middle,hybrid,ru,2022-08-26,workshop,offline,12,False,945,1,0,2,0.3333333333333333,0.16666666666666666,0.3333333333333333,0.16666666666666666,2,0.5,1,0.3333333333333333,5,0.5714285714285714,0,25,dropped,0
R000666,E0027,EV_004,2025-03-31,2025-04-17,completed,100,,,hr,HR Business Partner,Middle,remote,ru,2025-03-18,onboarding,offline,8,True,13,1,0,0,0.25,0.25,0.25,0.25,0,0.5,0,0.5,0,0.5,0,10,not_training_eligible,
R000667,E0045,EV_001,2025-03-31,2025-04-30,completed,100,73.0,,hr,Sales Manager,Junior,office,kk,2025-03-28,compliance,self_paced,2,True,3,1,0,0,0.25,0.25,0.25,0.25,0,0.5,0,0.5,0,0.5,1,-1,not_training_eligible,
R000668,E0045,EV_002,2025-03-31,2025-04-30,completed,100,99.0,,hr,Sales Manager,Junior,office,kk,2025-03-28,compliance,self_paced,2,True,3,1,0,0,0.25,0.25,0.25,0.25,0,0.5,0,0.5,0,0.5,1,-1,not_training_eligible,
R000669,E0045,EV_003,2025-03-31,2025-04-30,completed,100,99.0,,hr,Sales Manager,Junior,office,kk,2025-03-28,compliance,self_paced,2,True,3,1,0,0,0.25,0.25,0.25,0.25,0,0.5,0,0.5,0,0.5,1,-1,not_training_eligible,
R000670,E0051,EV_036,2025-03-31,,declined,0,,,hr,Sales Manager,Senior,office,kk,2023-01-30,meetup,offline,2,False,791,2,1,3,0.42857142857142855,0.14285714285714285,0.2857142857142857,0.14285714285714285,2,0.5,1,0.3333333333333333,24,0.6923076923076923,0,5,declined,0
R000671,E0061,EV_009,2025-03-31,,declined,0,,,manager,Data Analyst,Lead,remote,kk,2023-07-17,certification,self_paced,40,False,623,1,0,1,0.4,0.2,0.2,0.2,0,0.5,0,0.5,11,0.6923076923076923,0,28,declined,0
R000672,E0082,EV_001,2025-03-31,2025-04-30,completed,100,83.0,,hr,Frontend Engineer,Middle,office,ru,2025-03-27,compliance,self_paced,2,True,4,1,0,0,0.25,0.25,0.25,0.25,0,0.5,0,0.5,0,0.5,1,-1,not_training_eligible,
R000673,E0082,EV_002,2025-03-31,2025-04-30,completed,100,77.0,,hr,Frontend Engineer,Middle,office,ru,2025-03-27,compliance,self_paced,2,True,4,1,0,0,0.25,0.25,0.25,0.25,0,0.5,0,0.5,0,0.5,1,-1,not_training_eligible,
R000674,E0082,EV_003,2025-03-31,2025-04-30,completed,100,78.0,,hr,Frontend Engineer,Middle,office,ru,2025-03-27,compliance,self_paced,2,True,4,1,0,0,0.25,0.25,0.25,0.25,0,0.5,0,0.5,0,0.5,1,-1,not_training_eligible,
R000675,E0137,EV_040,2025-03-31,,completed,100,,4.0,manager,Backend Engineer,Middle,remote,kk,2025-02-17,workshop,offline,4,False,42,1,0,0,0.25,0.25,0.25,0.25,0,0.5,0,0.5,35,0.6486486486486487,0,20,completed,1
R000676,E0163,EV_036,2025-04-01,,declined,0,,,manager,Sales Manager,Middle,office,ru,2022-05-25,meetup,offline,2,False,1042,3,2,2,0.3333333333333333,0.16666666666666666,0.16666666666666666,0.3333333333333333,2,0.5,2,0.5,25,0.6666666666666666,0,29,declined,0
R000677,E0017,EV_026,2025-04-02,,completed,100,,4.0,manager,Product Manager,Senior,office,ru,2019-02-26,workshop,offline,8,False,2227,1,0,1,0.4,0.2,0.2,0.2,0,0.5,1,0.6666666666666666,4,0.8333333333333334,0,30,completed,1
R000678,E0037,EV_016,2025-04-02,,completed,100,,5.0,self,Frontend Engineer,Junior,remote,ru,2024-11-11,workshop,online,4,False,142,1,0,0,0.25,0.25,0.25,0.25,0,0.5,0,0.5,9,0.8181818181818182,0,127,completed,1
R000679,E0052,EV_030,2025-04-02,,completed,100,,4.0,hr,HR Business Partner,Middle,office,kk,2025-01-13,workshop,online,4,False,79,1,0,0,0.25,0.25,0.25,0.25,0,0.5,0,0.5,2,0.5,0,72,completed,1
R000680,E0169,EV_036,2025-04-02,,completed,100,,4.0,self,Sales Manager,Lead,office,kk,2020-04-29,meetup,offline,2,False,1799,5,4,6,0.5,0.1,0.2,0.2,4,0.5,4,0.5,26,0.6428571428571429,0,15,completed,1
R000681,E0019,EV_001,2025-04-03,2025-05-03,completed,100,79.0,,hr,Frontend Engineer,Junior,office,kk,2025-03-31,compliance,self_paced,2,True,3,1,0,0,0.25,0.25,0.25,0.25,0,0.5,0,0.5,0,0.5,1,-1,not_training_eligible,
R000682,E0019,EV_002,2025-04-03,2025-05-03,completed,100,93.0,,hr,Frontend Engineer,Junior,office,kk,2025-03-31,compliance,self_paced,2,True,3,1,0,0,0.25,0.25,0.25,0.25,0,0.5,0,0.5,0,0.5,1,-1,not_training_eligible,
R000683,E0019,EV_003,2025-04-03,2025-05-03,completed,100,94.0,,hr,Frontend Engineer,Junior,office,kk,2025-03-31,compliance,self_paced,2,True,3,1,0,0,0.25,0.25,0.25,0.25,0,0.5,0,0.5,0,0.5,1,-1,not_training_eligible,
R000684,E0023,EV_039,2025-04-03,,completed,100,,5.0,manager,Backend Engineer,Junior,office,kk,2024-11-18,workshop,online,3,False,136,1,0,3,0.5714285714285714,0.14285714285714285,0.14285714285714285,0.14285714285714285,1,0.6666666666666666,1,0.6666666666666666,21,0.7391304347826086,0,58,completed,1
R000685,E0099,EV_008,2025-04-03,,dropped,85,,,hr,HR Business Partner,Middle,hybrid,ru,2022-05-17,workshop,online,4,False,1052,2,1,3,0.2857142857142857,0.2857142857142857,0.2857142857142857,0.14285714285714285,2,0.25,2,0.25,24,0.8076923076923077,0,31,dropped,0
R000686,E0008,EV_040,2025-04-04,,completed,100,,,self,Frontend Engineer,Senior,remote,en,2024-11-11,workshop,offline,4,False,144,3,2,4,0.375,0.125,0.375,0.125,2,0.25,3,0.4,36,0.6578947368421053,0,18,completed,1
R000687,E0064,EV_006,2025-04-04,,completed,100,,5.0,self,Backend Engineer,Senior,office,ru,2021-10-20,workshop,offline,12,False,1262,1,0,1,0.2,0.4,0.2,0.2,0,0.5,0,0.5,6,0.5,0,32,completed,1
R000688,E0158,EV_033,2025-04-04,,declined,0,,,manager,Sales Manager,Senior,office,kk,2018-08-27,course,online,10,False,2412,1,0,3,0.2857142857142857,0.14285714285714285,0.2857142857142857,0.2857142857142857,2,0.5,0,0.5,6,0.75,0,30,declined,0
R000689,E0168,EV_040,2025-04-04,,no_show,0,,,hr,Customer Support Specialist,Middle,remote,kk,2023-07-19,workshop,offline,4,False,625,1,0,1,0.4,0.2,0.2,0.2,0,0.5,1,0.6666666666666666,36,0.6578947368421053,0,32,no_show,0
R000690,E0008,EV_005,2025-04-07,,no_show,0,,,manager,Frontend Engineer,Senior,remote,en,2024-11-11,course,online,16,False,147,1,0,5,0.4444444444444444,0.1111111111111111,0.3333333333333333,0.1111111111111111,2,0.75,1,0.6666666666666666,5,0.42857142857142855,0,3,no_show,0
R000691,E0029,EV_004,2025-04-07,2025-04-12,completed,100,,,hr,Customer Support Specialist,Senior,hybrid,kk,2025-03-13,onboarding,offline,8,True,25,1,0,0,0.25,0.25,0.25,0.25,0,0.5,0,0.5,0,0.5,0,21,not_training_eligible,
R000692,E0079,EV_032,2025-04-07,,completed,100,,4.0,self,Sales Manager,Junior,office,ru,2024-10-14,workshop,offline,8,False,175,1,0,2,0.5,0.16666666666666666,0.16666666666666666,0.16666666666666666,0,0.5,1,0.6666666666666666,7,0.8888888888888888,0,35,completed,1
R000693,E0007,EV_010,2025-04-08,,completed,100,94.0,4.0,manager,Backend Engineer,Senior,office,kk,2018-10-26,course,online,20,False,2356,1,0,2,0.5,0.16666666666666666,0.16666666666666666,0.16666666666666666,1,0.6666666666666666,1,0.6666666666666666,5,0.5714285714285714,0,36,completed,1
R000694,E0019,EV_004,2025-04-08,2025-04-30,completed,100,,,hr,Frontend Engineer,Junior,office,kk,2025-03-31,onboarding,offline,8,True,8,1,0,0,0.25,0.25,0.25,0.25,0,0.5,0,0.5,0,0.5,0,5,not_training_eligible,
R000695,E0035,EV_034,2025-04-08,,completed,100,,3.0,self,Customer Support Specialist,Lead,hybrid,ru,2021-08-26,workshop,online,4,False,1321,2,1,3,0.42857142857142855,0.14285714285714285,0.14285714285714285,0.2857142857142857,2,0.5,3,0.6,15,0.5882352941176471,0,12,completed,1
R000696,E0080,EV_023,2025-04-08,,completed,100,,2.0,manager,Data Analyst,Senior,hybrid,ru,2018-08-15,workshop,offline,6,False,2428,1,0,1,0.2,0.4,0.2,0.2,0,0.5,0,0.5,5,0.5714285714285714,0,36,completed,1
R000697,E0095,EV_028,2025-04-08,,dropped,55,,,self,HR Business Partner,Middle,office,kk,2021-12-20,workshop,online,4,False,1205,2,1,4,0.375,0.125,0.25,0.25,4,0.5,3,0.4,4,0.6666666666666666,0,29,dropped,0
R000698,E0173,EV_037,2025-04-08,,completed,100,,,manager,HR Business Partner,Senior,remote,kk,2019-04-25,mentoring,online,12,False,2175,1,0,0,0.25,0.25,0.25,0.25,0,0.5,0,0.5,29,0.7096774193548387,0,36,completed,1
R000699,E0181,EV_038,2025-04-08,,declined,0,,,manager,Product Manager,Senior,office,ru,2025-01-27,course,online,16,False,71,1,0,1,0.2,0.2,0.4,0.2,1,0.3333333333333333,0,0.5,17,0.7894736842105263,0,41,declined,0
R000700,E0059,EV_037,2025-04-09,,completed,100,,4.0,self,Sales Manager,Middle,remote,ru,2023-06-28,mentoring,online,12,False,651,2,1,5,0.3333333333333333,0.2222222222222222,0.3333333333333333,0.1111111111111111,3,0.6,1,0.3333333333333333,30,0.71875,0,27,completed,1
R000701,E0140,EV_019,2025-04-09,,dropped,85,,,self,Backend Engineer,Middle,office,ru,2024-06-21,workshop,offline,8,False,292,1,0,4,0.375,0.375,0.125,0.125,1,0.6666666666666666,1,0.6666666666666666,7,0.4444444444444444,0,12,dropped,0
R000702,E0175,EV_025,2025-04-09,,completed,100,83.0,2.0,manager,Backend Engineer,Lead,hybrid,kk,2016-10-03,course,online,10,False,3110,1,0,0,0.25,0.25,0.25,0.25,0,0.5,0,0.5,5,0.7142857142857143,0,37,completed,1
R000703,E0050,EV_040,2025-04-11,,completed,100,,4.0,self,Backend Engineer,Lead,hybrid,ru,2017-01-24,workshop,offline,4,False,2999,1,0,5,0.5555555555555556,0.1111111111111111,0.2222222222222222,0.1111111111111111,0,0.5,1,0.3333333333333333,38,0.65,0,39,completed,1
R000704,E0094,EV_034,2025-04-11,,completed,100,,4.0,self,Sales Manager,Senior,hybrid,ru,2022-01-12,workshop,online,4,False,1185,2,1,2,0.3333333333333333,0.3333333333333333,0.16666666666666666,0.16666666666666666,2,0.5,1,0.3333333333333333,16,0.6111111111111112,0,39,completed,1
R000705,E0131,EV_040,2025-04-11,,completed,100,,4.0,self,HR Business Partner,Middle,office,ru,2022-10-31,workshop,offline,4,False,893,1,0,2,0.5,0.16666666666666666,0.16666666666666666,0.16666666666666666,0,0.5,2,0.75,38,0.65,0,39,completed,1
R000706,E0008,EV_005,2025-04-15,,declined,0,,,hr,Frontend Engineer,Senior,remote,en,2024-11-11,course,online,16,False,155,2,1,6,0.4,0.1,0.4,0.1,3,0.6,2,0.5,6,0.375,0,8,declined,0
R000707,E0037,EV_005,2025-04-15,,completed,100,65.0,4.0,manager,Frontend Engineer,Junior,remote,ru,2024-11-11,course,online,16,False,155,1,0,1,0.4,0.2,0.2,0.2,1,0.6666666666666666,0,0.5,6,0.375,0,13,completed,1
R000708,E0082,EV_004,2025-04-15,2025-04-26,completed,100,,,hr,Frontend Engineer,Middle,office,ru,2025-03-27,onboarding,offline,8,True,19,1,0,0,0.25,0.25,0.25,0.25,0,0.5,0,0.5,0,0.5,0,15,not_training_eligible,
R000709,E0097,EV_007,2025-04-15,,completed,100,,5.0,manager,Backend Engineer,Senior,office,kk,2024-02-16,mentoring,online,8,False,424,1,0,3,0.5714285714285714,0.14285714285714285,0.14285714285714285,0.14285714285714285,3,0.8,1,0.6666666666666666,4,0.5,0,36,completed,1
R000710,E0139,EV_004,2025-04-15,2025-04-24,completed,100,,4.0,hr,Customer Support Specialist,Senior,office,kk,2025-03-25,onboarding,offline,8,True,21,1,0,0,0.25,0.25,0.25,0.25,0,0.5,0,0.5,0,0.5,0,18,not_training_eligible,
R000711,E0075,EV_005,2025-04-16,,completed,100,95.0,5.0,self,Frontend Engineer,Senior,office,kk,2018-10-22,course,online,16,False,2368,1,0,2,0.5,0.16666666666666666,0.16666666666666666,0.16666666666666666,2,0.75,1,0.6666666666666666,8,0.4,0,21,completed,1
R000712,E0123,EV_038,2025-04-16,,completed,100,80.0,5.0,self,Frontend Engineer,Senior,hybrid,kk,2021-04-15,course,online,16,False,1462,1,0,3,0.42857142857142855,0.14285714285714285,0.2857142857142857,0.14285714285714285,1,0.3333333333333333,0,0.5,18,0.75,0,44,completed,1
R000713,E0166,EV_036,2025-04-16,,completed,100,,4.0,self,Sales Manager,Senior,office,kk,2025-02-21,meetup,offline,2,False,54,1,0,0,0.25,0.25,0.25,0.25,0,0.5,0,0.5,27,0.6551724137931034,0,40,completed,1
R000714,E0198,EV_036,2025-04-17,,completed,100,,,self,Sales Manager,Junior,office,ru,2024-06-26,meetup,offline,2,False,295,1,0,5,0.5555555555555556,0.1111111111111111,0.2222222222222222,0.1111111111111111,2,0.75,0,0.5,28,0.6666666666666666,0,45,completed,1
R000715,E0087,EV_001,2025-04-18,2025-05-18,completed,100,100.0,,hr,Backend Engineer,Middle,office,ru,2025-04-15,compliance,self_paced,2,True,3,1,0,0,0.25,0.25,0.25,0.25,0,0.5,0,0.5,0,0.5,1,-1,not_training_eligible,
R000716,E0087,EV_002,2025-04-18,2025-05-18,completed,100,75.0,,hr,Backend Engineer,Middle,office,ru,2025-04-15,compliance,self_paced,2,True,3,1,0,0,0.25,0.25,0.25,0.25,0,0.5,0,0.5,0,0.5,1,-1,not_training_eligible,
R000717,E0087,EV_003,2025-04-18,2025-05-18,completed,100,92.0,,hr,Backend Engineer,Middle,office,ru,2025-04-15,compliance,self_paced,2,True,3,1,0,0,0.25,0.25,0.25,0.25,0,0.5,0,0.5,0,0.5,1,-1,not_training_eligible,
R000718,E0132,EV_022,2025-04-18,,no_show,0,,,hr,Data Analyst,Senior,remote,en,2019-08-02,course,online,12,False,2086,1,0,1,0.4,0.2,0.2,0.2,1,0.6666666666666666,0,0.5,3,0.8,0,35,no_show,0
R000719,E0140,EV_005,2025-04-21,,dropped,70,,,self,Backend Engineer,Middle,office,ru,2024-06-21,course,online,16,False,304,1,0,5,0.3333333333333333,0.4444444444444444,0.1111111111111111,0.1111111111111111,3,0.4,2,0.5,9,0.45454545454545453,0,12,dropped,0
R000720,E0150,EV_011,2025-04-21,,completed,100,,5.0,manager,Backend Engineer,Middle,office,ru,2023-07-03,workshop,offline,6,False,658,1,0,4,0.625,0.125,0.125,0.125,1,0.6666666666666666,2,0.75,6,0.5,0,49,completed,1
R000721,E0045,EV_004,2025-04-22,2025-04-27,completed,100,,2.0,hr,Sales Manager,Junior,office,kk,2025-03-28,onboarding,offline,8,True,25,1,0,0,0.25,0.25,0.25,0.25,0,0.5,0,0.5,0,0.5,0,22,not_training_eligible,
R000722,E0047,EV_037,2025-04-22,,completed,100,,5.0,self,Backend Engineer,Middle,office,ru,2022-12-22,mentoring,online,12,False,852,1,0,4,0.375,0.375,0.125,0.125,0,0.5,0,0.5,31,0.7272727272727273,0,50,completed,1
R000723,E0053,EV_019,2025-04-22,,dropped,75,,2.0,manager,QA Engineer,Junior,remote,kk,2024-05-28,workshop,offline,8,False,329,4,3,4,0.25,0.125,0.5,0.125,3,0.2,4,0.3333333333333333,8,0.4,0,50,dropped,0
R000724,E0192,EV_040,2025-04-22,,declined,0,,,manager,Backend Engineer,Junior,hybrid,ru,2024-12-11,workshop,offline,4,False,132,1,0,0,0.25,0.25,0.25,0.25,0,0.5,0,0.5,40,0.6666666666666666,0,106,declined,0
R000725,E0062,EV_008,2025-04-23,,completed,100,,,hr,Sales Manager,Middle,office,ru,2022-06-22,workshop,online,4,False,1036,1,0,2,0.5,0.16666666666666666,0.16666666666666666,0.16666666666666666,1,0.6666666666666666,2,0.75,25,0.7777777777777778,0,51,completed,1
R000726,E0164,EV_040,2025-04-23,,completed,100,,4.0,manager,Backend Engineer,Middle,hybrid,ru,2022-08-26,workshop,offline,4,False,971,2,1,3,0.2857142857142857,0.2857142857142857,0.2857142857142857,0.14285714285714285,3,0.4,2,0.25,41,0.6511627906976745,0,26,completed,1
R000727,E0052,EV_037,2025-04-24,,dropped,80,,3.0,self,HR Business Partner,Middle,office,kk,2025-01-13,mentoring,online,12,False,101,1,0,1,0.4,0.2,0.2,0.2,1,0.6666666666666666,0,0.5,32,0.7352941176470589,0,22,dropped,0
R000728,E0122,EV_036,2025-04-24,,completed,100,,,self,Frontend Engineer,Senior,hybrid,kk,2024-04-22,meetup,offline,2,False,367,1,0,0,0.25,0.25,0.25,0.25,0,0.5,0,0.5,29,0.6774193548387096,0,52,completed,1
R000729,E0128,EV_007,2025-04-24,,completed,100,,5.0,self,Backend Engineer,Senior,hybrid,kk,2024-07-29,mentoring,online,8,False,269,1,0,0,0.25,0.25,0.25,0.25,0,0.5,0,0.5,5,0.5714285714285714,0,52,completed,1
R000730,E0154,EV_036,2025-04-24,,no_show,0,,,self,Frontend Engineer,Middle,office,ru,2023-08-16,meetup,offline,2,False,617,2,1,4,0.5,0.125,0.125,0.25,2,0.5,1,0.6666666666666666,29,0.6774193548387096,0,52,no_show,0
R000731,E0195,EV_001,2025-04-24,2025-05-24,completed,100,90.0,,hr,Product Manager,Middle,office,kk,2025-04-21,compliance,self_paced,2,True,3,1,0,0,0.25,0.25,0.25,0.25,0,0.5,0,0.5,0,0.5,1,-1,not_training_eligible,
R000732,E0195,EV_002,2025-04-24,2025-05-24,completed,100,74.0,,hr,Product Manager,Middle,office,kk,2025-04-21,compliance,self_paced,2,True,3,1,0,0,0.25,0.25,0.25,0.25,0,0.5,0,0.5,0,0.5,1,-1,not_training_eligible,
R000733,E0195,EV_003,2025-04-24,2025-05-24,completed,100,89.0,,hr,Product Manager,Middle,office,kk,2025-04-21,compliance,self_paced,2,True,3,1,0,0,0.25,0.25,0.25,0.25,0,0.5,0,0.5,0,0.5,1,-1,not_training_eligible,
R000734,E0050,EV_038,2025-04-25,,completed,100,67.0,,self,Backend Engineer,Lead,hybrid,ru,2017-01-24,course,online,16,False,3013,1,0,6,0.6,0.1,0.2,0.1,4,0.6666666666666666,2,0.75,19,0.7619047619047619,0,14,completed,1
R000735,E0057,EV_038,2025-04-25,,no_show,0,,,manager,Sales Manager,Senior,hybrid,kk,2023-10-19,course,online,16,False,554,1,0,4,0.625,0.125,0.125,0.125,3,0.8,1,0.6666666666666666,19,0.7619047619047619,0,53,no_show,0
R000736,E0144,EV_008,2025-04-25,,completed,100,,5.0,manager,Customer Support Specialist,Junior,office,ru,2024-09-16,workshop,online,4,False,221,1,0,3,0.5714285714285714,0.14285714285714285,0.14285714285714285,0.14285714285714285,2,0.75,3,0.8,26,0.7857142857142857,0,53,completed,1
R000737,E0180,EV_039,2025-04-25,,completed,100,,5.0,hr,Customer Support Specialist,Lead,hybrid,kk,2020-05-14,workshop,online,3,False,1807,1,0,2,0.5,0.16666666666666666,0.16666666666666666,0.16666666666666666,2,0.75,0,0.5,22,0.75,0,38,completed,1
R000738,E0002,EV_019,2025-04-28,,dropped,40,,,manager,Backend Engineer,Middle,remote,ru,2023-04-25,workshop,offline,8,False,734,1,0,1,0.2,0.4,0.2,0.2,0,0.5,0,0.5,9,0.36363636363636365,0,56,dropped,0
R000739,E0149,EV_039,2025-04-28,,completed,100,,3.0,hr,Sales Manager,Middle,office,ru,2022-10-26,workshop,online,3,False,915,2,1,3,0.42857142857142855,0.14285714285714285,0.2857142857142857,0.14285714285714285,2,0.5,1,0.3333333333333333,23,0.76,0,56,completed,1
R000740,E0155,EV_007,2025-04-28,,dropped,25,,3.0,manager,Backend Engineer,Middle,hybrid,kk,2023-06-19,mentoring,online,8,False,679,2,1,1,0.2,0.2,0.4,0.2,1,0.3333333333333333,1,0.3333333333333333,6,0.625,0,56,dropped,0
R000741,E0170,EV_001,2025-04-28,2025-05-28,completed,100,91.0,,hr,Frontend Engineer,Middle,hybrid,ru,2025-04-24,compliance,self_paced,2,True,4,1,0,0,0.25,0.25,0.25,0.25,0,0.5,0,0.5,0,0.5,1,-1,not_training_eligible,
R000742,E0170,EV_002,2025-04-28,2025-05-28,completed,100,82.0,,hr,Frontend Engineer,Middle,hybrid,ru,2025-04-24,compliance,self_paced,2,True,4,1,0,0,0.25,0.25,0.25,0.25,0,0.5,0,0.5,0,0.5,1,-1,not_training_eligible,
R000743,E0170,EV_003,2025-04-28,2025-05-28,completed,100,74.0,,hr,Frontend Engineer,Middle,hybrid,ru,2025-04-24,compliance,self_paced,2,True,4,1,0,0,0.25,0.25,0.25,0.25,0,0.5,0,0.5,0,0.5,1,-1,not_training_eligible,
R000744,E0195,EV_004,2025-04-28,2025-05-21,completed,100,,5.0,hr,Product Manager,Middle,office,kk,2025-04-21,onboarding,offline,8,True,7,1,0,0,0.25,0.25,0.25,0.25,0,0.5,0,0.5,0,0.5,0,4,not_training_eligible,
R000745,E0005,EV_009,2025-04-29,,completed,100,82.0,3.0,self,Backend Engineer,Middle,hybrid,kk,2024-06-12,certification,self_paced,40,False,321,1,0,6,0.4,0.2,0.2,0.2,1,0.3333333333333333,0,0.5,12,0.6428571428571429,0,55,completed,1
R000746,E0014,EV_029,2025-04-29,,dropped,70,,,self,HR Business Partner,Lead,office,en,2019-10-02,course,self_paced,12,False,2036,1,0,2,0.5,0.16666666666666666,0.16666666666666666,0.16666666666666666,0,0.5,0,0.5,1,0.6666666666666666,0,57,dropped,0
R000747,E0120,EV_005,2025-04-29,,completed,100,80.0,,manager,Frontend Engineer,Senior,hybrid,ru,2019-11-25,course,online,16,False,1982,1,0,3,0.5714285714285714,0.14285714285714285,0.14285714285714285,0.14285714285714285,2,0.75,3,0.8,10,0.4166666666666667,0,57,completed,1
R000748,E0080,EV_024,2025-04-30,,dropped,30,,,self,Data Analyst,Senior,hybrid,ru,2018-08-15,course,self_paced,30,False,2450,2,1,2,0.3333333333333333,0.3333333333333333,0.16666666666666666,0.16666666666666666,1,0.3333333333333333,1,0.3333333333333333,2,0.5,0,22,dropped,0
R000749,E0123,EV_016,2025-04-30,,declined,0,,,manager,Frontend Engineer,Senior,hybrid,kk,2021-04-15,workshop,online,4,False,1476,2,1,4,0.5,0.125,0.25,0.125,2,0.5,2,0.5,10,0.8333333333333334,0,14,declined,0
R000750,E0166,EV_034,2025-04-30,,completed,100,,,self,Sales Manager,Senior,office,kk,2025-02-21,workshop,online,4,False,68,1,0,1,0.4,0.2,0.2,0.2,0,0.5,0,0.5,17,0.631578947368421,0,14,completed,1
R000751,E0173,EV_031,2025-04-30,,no_show,0,,,hr,HR Business Partner,Senior,remote,kk,2019-04-25,workshop,online,6,False,2197,1,0,1,0.4,0.2,0.2,0.2,1,0.6666666666666666,0,0.5,2,0.5,0,22,no_show,0
R000752,E0087,EV_004,2025-05-01,2025-05-15,completed,100,,,hr,Backend Engineer,Middle,office,ru,2025-04-15,onboarding,offline,8,True,16,1,0,0,0.25,0.25,0.25,0.25,0,0.5,0,0.5,0,0.5,0,13,not_training_eligible,
R000753,E0176,EV_023,2025-05-01,,declined,0,,,manager,Product Manager,Junior,hybrid,ru,2024-04-29,workshop,offline,6,False,367,1,0,4,0.625,0.125,0.125,0.125,2,0.75,3,0.8,6,0.625,0,56,declined,0
R000754,E0193,EV_022,2025-05-01,,completed,100,96.0,4.0,self,Data Analyst,Middle,office,ru,2022-08-01,course,online,12,False,1004,1,0,1,0.4,0.2,0.2,0.2,0,0.5,0,0.5,4,0.6666666666666666,0,59,completed,1
R000755,E0056,EV_036,2025-05-02,,completed,100,,5.0,manager,Sales Manager,Middle,office,ru,2022-07-18,meetup,offline,2,False,1019,1,0,2,0.3333333333333333,0.16666666666666666,0.3333333333333333,0.16666666666666666,0,0.5,0,0.5,31,0.6666666666666666,0,60,completed,1
R000756,E0105,EV_034,2025-05-02,,completed,100,,5.0,self,HR Business Partner,Senior,office,kk,2024-04-22,workshop,online,4,False,375,1,0,1,0.2,0.4,0.2,0.2,1,0.3333333333333333,1,0.3333333333333333,18,0.65,0,60,completed,1
R000757,E0149,EV_036,2025-05-02,,completed,100,,4.0,self,Sales Manager,Middle,office,ru,2022-10-26,meetup,offline,2,False,919,2,1,4,0.5,0.125,0.25,0.125,1,0.6666666666666666,1,0.6666666666666666,31,0.6666666666666666,0,4,completed,1
R000758,E0180,EV_008,2025-05-02,,completed,100,,5.0,manager,Customer Support Specialist,Lead,hybrid,kk,2020-05-14,workshop,online,4,False,1814,1,0,3,0.5714285714285714,0.14285714285714285,0.14285714285714285,0.14285714285714285,3,0.8,1,0.6666666666666666,27,0.7931034482758621,0,7,completed,1
R000759,E0091,EV_019,2025-05-05,,completed,100,,5.0,manager,QA Engineer,Senior,hybrid,kk,2024-05-28,workshop,offline,8,False,342,1,0,2,0.3333333333333333,0.3333333333333333,0.16666666666666666,0.16666666666666666,0,0.5,0,0.5,10,0.3333333333333333,0,63,completed,1
R000760,E0003,EV_037,2025-05-07,,completed,100,,,self,Customer Support Specialist,Senior,hybrid,kk,2019-09-16,mentoring,online,12,False,2060,1,0,2,0.5,0.16666666666666666,0.16666666666666666,0.16666666666666666,1,0.6666666666666666,0,0.5,33,0.7142857142857143,0,65,completed,1
R000761,E0160,EV_035,2025-05-07,,completed,100,62.0,3.0,self,Customer Support Specialist,Junior,hybrid,ru,2024-11-13,course,online,16,False,175,1,0,3,0.5714285714285714,0.14285714285714285,0.14285714285714285,0.14285714285714285,2,0.75,0,0.5,7,0.4444444444444444,0,43,completed,1
R000762,E0162,EV_036,2025-05-07,,no_show,0,,,self,Data Analyst,Middle,hybrid,kk,2024-01-15,meetup,offline,2,False,478,1,0,2,0.5,0.16666666666666666,0.16666666666666666,0.16666666666666666,1,0.6666666666666666,0,0.5,33,0.6857142857142857,0,65,no_show,0
R000763,E0199,EV_008,2025-05-08,,completed,100,,,hr,Data Analyst,Senior,hybrid,ru,2019-12-24,workshop,online,4,False,1962,1,0,5,0.6666666666666666,0.1111111111111111,0.1111111111111111,0.1111111111111111,2,0.75,0,0.5,28,0.8,0,49,completed,1
R000764,E0047,EV_010,2025-05-12,,completed,100,93.0,,manager,Backend Engineer,Middle,office,ru,2022-12-22,course,online,20,False,872,1,0,5,0.4444444444444444,0.3333333333333333,0.1111111111111111,0.1111111111111111,1,0.6666666666666666,1,0.6666666666666666,6,0.625,0,20,completed,1
R000765,E0067,EV_036,2025-05-12,,completed,100,,5.0,self,Frontend Engineer,Middle,hybrid,ru,2024-10-16,meetup,offline,2,False,208,1,0,0,0.25,0.25,0.25,0.25,0,0.5,0,0.5,34,0.6666666666666666,0,70,completed,1
R000766,E0046,EV_032,2025-05-13,,dropped,55,,,hr,Sales Manager,Middle,hybrid,ru,2024-02-26,workshop,offline,8,False,442,1,0,3,0.5714285714285714,0.14285714285714285,0.14285714285714285,0.14285714285714285,1,0.6666666666666666,0,0.5,8,0.9,0,71,dropped,0
R000767,E0081,EV_035,2025-05-13,,dropped,30,,3.0,manager,Customer Support Specialist,Middle,hybrid,kk,2023-12-29,course,online,16,False,501,1,0,1,0.2,0.2,0.4,0.2,1,0.3333333333333333,0,0.5,8,0.5,0,71,dropped,0
R000768,E0102,EV_013,2025-05-14,,no_show,0,,,self,Frontend Engineer,Junior,remote,ru,2024-05-30,course,online,12,False,349,1,0,3,0.42857142857142855,0.14285714285714285,0.2857142857142857,0.14285714285714285,1,0.6666666666666666,1,0.6666666666666666,2,0.25,0,70,no_show,0
R000769,E0112,EV_008,2025-05-14,,completed,100,,4.0,self,Customer Support Specialist,Senior,hybrid,ru,2019-12-30,workshop,online,4,False,1962,1,0,4,0.5,0.25,0.125,0.125,4,0.6666666666666666,1,0.6666666666666666,29,0.8064516129032258,0,72,completed,1
R000770,E0098,EV_009,2025-05-15,,dropped,85,,1.0,self,QA Engineer,Middle,hybrid,kk,2023-04-18,certification,self_paced,40,False,758,1,0,1,0.4,0.2,0.2,0.2,0,0.5,0,0.5,13,0.6666666666666666,0,73,dropped,0
R000771,E0197,EV_008,2025-05-15,,completed,100,,4.0,self,QA Engineer,Middle,hybrid,ru,2022-08-15,workshop,online,4,False,1004,1,0,3,0.2857142857142857,0.2857142857142857,0.2857142857142857,0.14285714285714285,1,0.3333333333333333,2,0.5,30,0.8125,0,64,completed,1
R000772,E0021,EV_036,2025-05-16,,completed,100,,2.0,self,Customer Support Specialist,Middle,remote,ru,2024-09-12,meetup,offline,2,False,246,1,0,1,0.4,0.2,0.2,0.2,0,0.5,0,0.5,35,0.6756756756756757,0,74,completed,1
R000773,E0062,EV_039,2025-05-16,,completed,100,,4.0,manager,Sales Manager,Middle,office,ru,2022-06-22,workshop,online,3,False,1059,1,0,3,0.5714285714285714,0.14285714285714285,0.14285714285714285,0.14285714285714285,2,0.75,3,0.8,24,0.7692307692307693,0,23,completed,1
R000774,E0075,EV_036,2025-05-16,,no_show,0,,,self,Frontend Engineer,Senior,office,kk,2018-10-22,meetup,offline,2,False,2398,1,0,3,0.5714285714285714,0.14285714285714285,0.14285714285714285,0.14285714285714285,0,0.5,0,0.5,35,0.6756756756756757,0,30,no_show,0
R000775,E0111,EV_037,2025-05-16,,completed,100,,5.0,self,QA Engineer,Middle,office,ru,2024-06-19,mentoring,online,12,False,331,1,0,2,0.5,0.16666666666666666,0.16666666666666666,0.16666666666666666,0,0.5,0,0.5,34,0.7222222222222222,0,74,completed,1
R000776,E0038,EV_026,2025-05-19,,completed,100,,3.0,self,Product Manager,Senior,hybrid,kk,2022-06-24,workshop,offline,8,False,1060,1,0,0,0.25,0.25,0.25,0.25,0,0.5,0,0.5,5,0.8571428571428571,0,77,completed,1
R000777,E0087,EV_006,2025-05-19,,dropped,70,,3.0,self,Backend Engineer,Middle,office,ru,2025-04-15,workshop,offline,12,False,34,1,0,0,0.25,0.25,0.25,0.25,0,0.5,0,0.5,7,0.5555555555555556,0,18,dropped,0
R000778,E0111,EV_040,2025-05-19,,completed,100,,5.0,self,QA Engineer,Middle,office,ru,2024-06-19,workshop,offline,4,False,334,1,0,3,0.5714285714285714,0.14285714285714285,0.14285714285714285,0.14285714285714285,1,0.6666666666666666,1,0.6666666666666666,42,0.6590909090909091,0,3,completed,1
R000779,E0170,EV_004,2025-05-19,2025-05-24,completed,100,,,hr,Frontend Engineer,Middle,hybrid,ru,2025-04-24,onboarding,offline,8,True,25,1,0,0,0.25,0.25,0.25,0.25,0,0.5,0,0.5,0,0.5,0,21,not_training_eligible,
R000780,E0008,EV_005,2025-05-21,,completed,100,79.0,4.0,manager,Frontend Engineer,Senior,remote,en,2024-11-11,course,online,16,False,191,3,2,7,0.36363636363636365,0.09090909090909091,0.36363636363636365,0.18181818181818182,4,0.5,3,0.4,11,0.46153846153846156,0,36,completed,1
R000781,E0149,EV_032,2025-05-21,,completed,100,,5.0,self,Sales Manager,Middle,office,ru,2022-10-26,workshop,offline,8,False,938,1,0,5,0.5555555555555556,0.1111111111111111,0.2222222222222222,0.1111111111111111,2,0.75,2,0.5,9,0.8181818181818182,0,19,completed,1
R000782,E0192,EV_040,2025-05-21,,completed,100,,5.0,hr,Backend Engineer,Junior,hybrid,ru,2024-12-11,workshop,offline,4,False,161,2,1,1,0.2,0.2,0.2,0.4,1,0.3333333333333333,1,0.3333333333333333,43,0.6666666666666666,0,29,completed,1
R000783,E0075,EV_013,2025-05-22,,completed,100,96.0,3.0,manager,Frontend Engineer,Senior,office,kk,2018-10-22,course,online,12,False,2404,1,0,4,0.5,0.125,0.25,0.125,3,0.8,2,0.75,3,0.2,0,6,completed,1
R000784,E0144,EV_035,2025-05-22,,completed,100,77.0,4.0,self,Customer Support Specialist,Junior,office,ru,2024-09-16,course,online,16,False,248,1,0,4,0.625,0.125,0.125,0.125,3,0.8,0,0.5,9,0.45454545454545453,0,27,completed,1
R000785,E0149,EV_036,2025-05-22,,completed,100,,,self,Sales Manager,Middle,office,ru,2022-10-26,meetup,offline,2,False,939,3,2,6,0.6,0.1,0.2,0.1,3,0.8,2,0.75,37,0.6666666666666666,0,1,completed,1
R000786,E0017,EV_038,2025-05-23,,completed,100,67.0,3.0,self,Product Manager,Senior,office,ru,2019-02-26,course,online,16,False,2278,1,0,2,0.5,0.16666666666666666,0.16666666666666666,0.16666666666666666,1,0.6666666666666666,0,0.5,21,0.7391304347826086,0,51,completed,1
R000787,E0031,EV_001,2025-05-26,2025-06-25,completed,100,76.0,,hr,Customer Support Specialist,Middle,office,kk,2025-05-21,compliance,self_paced,2,True,5,1,0,0,0.25,0.25,0.25,0.25,0,0.5,0,0.5,0,0.5,1,-1,not_training_eligible,
R000788,E0031,EV_002,2025-05-26,2025-06-25,completed,100,73.0,,hr,Customer Support Specialist,Middle,office,kk,2025-05-21,compliance,self_paced,2,True,5,1,0,0,0.25,0.25,0.25,0.25,0,0.5,0,0.5,0,0.5,1,-1,not_training_eligible,
R000789,E0031,EV_003,2025-05-26,2025-06-25,completed,100,86.0,,hr,Customer Support Specialist,Middle,office,kk,2025-05-21,compliance,self_paced,2,True,5,1,0,0,0.25,0.25,0.25,0.25,0,0.5,0,0.5,0,0.5,1,-1,not_training_eligible,
R000790,E0133,EV_034,2025-05-26,,dropped,45,,3.0,self,HR Business Partner,Lead,office,ru,2019-08-23,workshop,online,4,False,2103,1,0,2,0.5,0.16666666666666666,0.16666666666666666,0.16666666666666666,2,0.75,2,0.75,19,0.6666666666666666,0,80,dropped,0
R000791,E0188,EV_001,2025-05-26,2025-06-25,completed,100,86.0,,hr,Data Analyst,Junior,hybrid,ru,2025-05-21,compliance,self_paced,2,True,5,1,0,0,0.25,0.25,0.25,0.25,0,0.5,0,0.5,0,0.5,1,-1,not_training_eligible,
R000792,E0188,EV_002,2025-05-26,2025-06-25,completed,100,96.0,,hr,Data Analyst,Junior,hybrid,ru,2025-05-21,compliance,self_paced,2,True,5,1,0,0,0.25,0.25,0.25,0.25,0,0.5,0,0.5,0,0.5,1,-1,not_training_eligible,
R000793,E0188,EV_003,2025-05-26,2025-06-25,completed,100,87.0,,hr,Data Analyst,Junior,hybrid,ru,2025-05-21,compliance,self_paced,2,True,5,1,0,0,0.25,0.25,0.25,0.25,0,0.5,0,0.5,0,0.5,1,-1,not_training_eligible,
R000794,E0093,EV_034,2025-05-27,,completed,100,,,self,Customer Support Specialist,Middle,hybrid,kk,2022-08-31,workshop,online,4,False,1000,1,0,2,0.3333333333333333,0.3333333333333333,0.16666666666666666,0.16666666666666666,2,0.5,0,0.5,20,0.6363636363636364,0,85,completed,1
R000795,E0038,EV_027,2025-05-28,,completed,100,,4.0,manager,Product Manager,Senior,hybrid,kk,2022-06-24,workshop,online,6,False,1069,1,0,1,0.4,0.2,0.2,0.2,0,0.5,1,0.6666666666666666,6,0.75,0,9,completed,1
R000796,E0075,EV_009,2025-05-28,,completed,100,87.0,,manager,Frontend Engineer,Senior,office,kk,2018-10-22,certification,self_paced,40,False,2410,1,0,5,0.5555555555555556,0.1111111111111111,0.2222222222222222,0.1111111111111111,0,0.5,0,0.5,14,0.625,0,6,completed,1
R000797,E0080,EV_038,2025-05-28,,no_show,0,,,self,Data Analyst,Senior,hybrid,ru,2018-08-15,course,online,16,False,2478,1,0,3,0.2857142857142857,0.42857142857142855,0.14285714285714285,0.14285714285714285,0,0.5,2,0.25,22,0.75,0,28,no_show,0
R000798,E0163,EV_032,2025-05-28,,completed,100,,5.0,self,Sales Manager,Middle,office,ru,2022-05-25,workshop,offline,8,False,1099,1,0,3,0.2857142857142857,0.14285714285714285,0.14285714285714285,0.42857142857142855,3,0.4,0,0.5,10,0.8333333333333334,0,57,completed,1
R000799,E0179,EV_037,2025-05-28,,completed,100,,3.0,manager,QA Engineer,Lead,hybrid,ru,2020-01-30,mentoring,online,12,False,1945,1,0,2,0.3333333333333333,0.16666666666666666,0.16666666666666666,0.3333333333333333,0,0.5,0,0.5,35,0.7297297297297297,0,86,completed,1
R000800,E0005,EV_037,2025-05-29,,completed,100,,4.0,self,Backend Engineer,Middle,hybrid,kk,2024-06-12,mentoring,online,12,False,351,2,1,7,0.45454545454545453,0.18181818181818182,0.18181818181818182,0.18181818181818182,1,0.3333333333333333,1,0.3333333333333333,36,0.7368421052631579,0,30,completed,1
R000801,E0008,EV_009,2025-05-29,,dropped,20,,,self,Frontend Engineer,Senior,remote,en,2024-11-11,certification,self_paced,40,False,199,1,0,8,0.4166666666666667,0.08333333333333333,0.3333333333333333,0.16666666666666666,0,0.5,0,0.5,15,0.6470588235294118,0,8,dropped,0
R000802,E0042,EV_036,2025-05-29,,completed,100,,3.0,manager,Frontend Engineer,Junior,hybrid,ru,2024-08-21,meetup,offline,2,False,281,1,0,0,0.25,0.25,0.25,0.25,0,0.5,0,0.5,38,0.675,0,87,completed,1
R000803,E0044,EV_016,2025-05-29,,completed,100,,,self,Frontend Engineer,Lead,office,kk,2022-10-17,workshop,online,4,False,955,1,0,1,0.4,0.2,0.2,0.2,0,0.5,1,0.6666666666666666,11,0.7692307692307693,0,87,completed,1
R000804,E0046,EV_034,2025-05-29,,dropped,25,,,self,Sales Manager,Middle,hybrid,ru,2024-02-26,workshop,online,4,False,458,1,0,4,0.5,0.25,0.125,0.125,2,0.75,1,0.3333333333333333,21,0.6521739130434783,0,16,dropped,0
R000805,E0086,EV_001,2025-05-29,2025-06-28,completed,100,70.0,,hr,Customer Support Specialist,Junior,office,kk,2025-05-26,compliance,self_paced,2,True,3,1,0,0,0.25,0.25,0.25,0.25,0,0.5,0,0.5,0,0.5,1,-1,not_training_eligible,
R000806,E0086,EV_002,2025-05-29,2025-06-28,completed,100,90.0,,hr,Customer Support Specialist,Junior,office,kk,2025-05-26,compliance,self_paced,2,True,3,1,0,0,0.25,0.25,0.25,0.25,0,0.5,0,0.5,0,0.5,1,-1,not_training_eligible,
R000807,E0086,EV_003,2025-05-29,2025-06-28,completed,100,70.0,,hr,Customer Support Specialist,Junior,office,kk,2025-05-26,compliance,self_paced,2,True,3,1,0,0,0.25,0.25,0.25,0.25,0,0.5,0,0.5,0,0.5,1,-1,not_training_eligible,
R000808,E0170,EV_017,2025-05-29,,dropped,65,,,self,Frontend Engineer,Middle,hybrid,ru,2025-04-24,course,online,16,False,35,1,0,0,0.25,0.25,0.25,0.25,0,0.5,0,0.5,3,0.6,0,10,dropped,0
R000809,E0186,EV_005,2025-05-29,,dropped,45,,,self,Backend Engineer,Middle,hybrid,ru,2022-06-16,course,online,16,False,1078,2,1,5,0.4444444444444444,0.1111111111111111,0.2222222222222222,0.2222222222222222,1,0.3333333333333333,1,0.3333333333333333,12,0.5,0,73,dropped,0
R000810,E0189,EV_018,2025-05-29,,completed,100,66.0,5.0,self,QA Engineer,Senior,office,ru,2019-11-18,course,online,24,False,2019,1,0,2,0.5,0.16666666666666666,0.16666666666666666,0.16666666666666666,1,0.6666666666666666,0,0.5,4,0.5,0,66,completed,1
R000811,E0109,EV_037,2025-05-30,,completed,100,,5.0,self,Frontend Engineer,Middle,office,ru,2023-12-21,mentoring,online,12,False,526,1,0,3,0.42857142857142855,0.2857142857142857,0.14285714285714285,0.14285714285714285,2,0.5,0,0.5,37,0.7435897435897436,0,88,completed,1
R000812,E0123,EV_005,2025-05-30,,dropped,40,,,self,Frontend Engineer,Senior,hybrid,kk,2021-04-15,course,online,16,False,1506,1,0,5,0.4444444444444444,0.1111111111111111,0.2222222222222222,0.2222222222222222,3,0.4,1,0.6666666666666666,13,0.4666666666666667,0,30,dropped,0
R000813,E0002,EV_003,2025-06-02,2025-07-02,completed,100,97.0,,hr,Backend Engineer,Middle,remote,ru,2023-04-25,compliance,self_paced,2,True,769,1,0,2,0.16666666666666666,0.5,0.16666666666666666,0.16666666666666666,0,0.5,0,0.5,0,0.5,0,35,not_training_eligible,
R000814,E0002,EV_012,2025-06-02,,completed,100,91.0,4.0,self,Backend Engineer,Middle,remote,ru,2023-04-25,course,self_paced,24,False,769,1,0,2,0.16666666666666666,0.5,0.16666666666666666,0.16666666666666666,0,0.5,1,0.3333333333333333,7,0.5555555555555556,0,35,completed,1
R000815,E0003,EV_003,2025-06-02,2025-07-02,completed,100,82.0,,hr,Customer Support Specialist,Senior,hybrid,kk,2019-09-16,compliance,self_paced,2,True,2086,1,0,3,0.5714285714285714,0.14285714285714285,0.14285714285714285,0.14285714285714285,0,0.5,0,0.5,0,0.5,0,26,not_training_eligible,
R000816,E0004,EV_003,2025-06-02,2025-07-02,completed,100,74.0,,hr,Data Analyst,Middle,office,ru,2021-10-21,compliance,self_paced,2,True,1320,1,0,1,0.4,0.2,0.2,0.2,0,0.5,0,0.5,0,0.5,0,91,not_training_eligible,
R000817,E0005,EV_003,2025-06-02,2025-07-02,completed,100,87.0,,hr,Backend Engineer,Middle,hybrid,kk,2024-06-12,compliance,self_paced,2,True,355,1,0,8,0.5,0.16666666666666666,0.16666666666666666,0.16666666666666666,2,0.5,0,0.5,0,0.5,0,4,not_training_eligible,
R000818,E0006,EV_003,2025-06-02,2025-07-02,completed,100,95.0,,hr,Frontend Engineer,Lead,office,kk,2018-01-16,compliance,self_paced,2,True,2694,1,0,5,0.4444444444444444,0.1111111111111111,0.2222222222222222,0.2222222222222222,2,0.75,0,0.5,0,0.5,0,80,not_training_eligible,
R000819,E0007,EV_003,2025-06-02,2025-07-02,completed,100,85.0,,hr,Backend Engineer,Senior,office,kk,2018-10-26,compliance,self_paced,2,True,2411,1,0,3,0.5714285714285714,0.14285714285714285,0.14285714285714285,0.14285714285714285,1,0.6666666666666666,0,0.5,0,0.5,0,55,not_training_eligible,
R000820,E0007,EV_038,2025-06-02,,no_show,0,,,self,Backend Engineer,Senior,office,kk,2018-10-26,course,online,16,False,2411,1,0,3,0.5714285714285714,0.14285714285714285,0.14285714285714285,0.14285714285714285,2,0.75,2,0.75,23,0.72,0,55,no_show,0
R000821,E0008,EV_003,2025-06-02,2025-07-02,completed,100,83.0,,hr,Frontend Engineer,Senior,remote,en,2024-11-11,compliance,self_paced,2,True,203,2,1,9,0.38461538461538464,0.15384615384615385,0.3076923076923077,0.15384615384615385,1,0.3333333333333333,0,0.5,0,0.5,0,4,not_training_eligible,
R000822,E0010,EV_003,2025-06-02,2025-07-02,completed,100,83.0,,hr,Customer Support Specialist,Middle,remote,ru,2023-11-24,compliance,self_paced,2,True,556,1,0,1,0.2,0.4,0.2,0.2,0,0.5,0,0.5,0,0.5,0,91,not_training_eligible,
R000823,E0011,EV_003,2025-06-02,2025-07-02,completed,100,89.0,,hr,Data Analyst,Senior,office,kk,2021-01-11,compliance,self_paced,2,True,1603,1,0,3,0.5714285714285714,0.14285714285714285,0.14285714285714285,0.14285714285714285,0,0.5,0,0.5,0,0.5,0,75,not_training_eligible,
R000824,E0012,EV_003,2025-06-02,2025-07-02,completed,100,75.0,,hr,Sales Manager,Middle,hybrid,ru,2022-01-19,compliance,self_paced,2,True,1230,1,0,1,0.4,0.2,0.2,0.2,0,0.5,0,0.5,0,0.5,0,89,not_training_eligible,
R000825,E0013,EV_003,2025-06-02,2025-07-02,completed,100,80.0,,hr,Backend Engineer,Senior,office,ru,2020-12-28,compliance,self_paced,2,True,1617,1,0,6,0.5,0.1,0.2,0.2,1,0.3333333333333333,0,0.5,0,0.5,0,66,not_training_eligible,
R000826,E0014,EV_003,2025-06-02,2025-07-02,completed,100,95.0,,hr,HR Business Partner,Lead,office,en,2019-10-02,compliance,self_paced,2,True,2070,1,0,3,0.42857142857142855,0.2857142857142857,0.14285714285714285,0.14285714285714285,1,0.3333333333333333,0,0.5,0,0.5,0,34,not_training_eligible,
R000827,E0015,EV_003,2025-06-02,2025-07-02,completed,100,70.0,,hr,Frontend Engineer,Middle,office,ru,2024-03-20,compliance,self_paced,2,True,439,1,0,2,0.3333333333333333,0.16666666666666666,0.3333333333333333,0.16666666666666666,0,0.5,0,0.5,0,0.5,0,81,not_training_eligible,
R000828,E0017,EV_003,2025-06-02,2025-07-02,completed,100,99.0,,hr,Product Manager,Senior,office,ru,2019-02-26,compliance,self_paced,2,True,2288,1,0,3,0.5714285714285714,0.14285714285714285,0.14285714285714285,0.14285714285714285,0,0.5,0,0.5,0,0.5,0,10,not_training_eligible,
R000829,E0018,EV_003,2025-06-02,2025-07-02,completed,100,79.0,,hr,Customer Support Specialist,Junior,remote,en,2024-03-26,compliance,self_paced,2,True,433,1,0,3,0.42857142857142855,0.14285714285714285,0.14285714285714285,0.2857142857142857,0,0.5,0,0.5,0,0.5,0,67,not_training_eligible,
R000830,E0020,EV_003,2025-06-02,2025-07-02,completed,100,89.0,,hr,Product Manager,Junior,remote,ru,2024-05-22,compliance,self_paced,2,True,376,1,0,2,0.5,0.16666666666666666,0.16666666666666666,0.16666666666666666,0,0.5,0,0.5,0,0.5,0,91,not_training_eligible,
R000831,E0021,EV_003,2025-06-02,2025-07-02,completed,100,91.0,,hr,Customer Support Specialist,Middle,remote,ru,2024-09-12,compliance,self_paced,2,True,263,1,0,2,0.5,0.16666666666666666,0.16666666666666666,0.16666666666666666,0,0.5,0,0.5,0,0.5,0,17,not_training_eligible,
R000832,E0023,EV_003,2025-06-02,2025-07-02,completed,100,85.0,,hr,Backend Engineer,Junior,office,kk,2024-11-18,compliance,self_paced,2,True,196,2,1,4,0.625,0.125,0.125,0.125,1,0.6666666666666666,0,0.5,0,0.5,0,60,not_training_eligible,
R000833,E0025,EV_003,2025-06-02,2025-07-02,completed,100,86.0,,hr,Data Analyst,Junior,office,kk,2024-04-22,compliance,self_paced,2,True,406,1,0,1,0.4,0.2,0.2,0.2,0,0.5,0,0.5,0,0.5,0,91,not_training_eligible,
R000834,E0026,EV_003,2025-06-02,2025-07-02,completed,100,93.0,,hr,Backend Engineer,Senior,hybrid,kk,2022-04-25,compliance,self_paced,2,True,1134,1,0,1,0.4,0.2,0.2,0.2,0,0.5,0,0.5,0,0.5,0,91,not_training_eligible,
R000835,E0028,EV_003,2025-06-02,2025-07-02,completed,100,80.0,,hr,Backend Engineer,Middle,hybrid,kk,2022-05-23,compliance,self_paced,2,True,1106,1,0,1,0.2,0.2,0.4,0.2,0,0.5,0,0.5,0,0.5,0,91,not_training_eligible,
R000836,E0030,EV_003,2025-06-02,2025-07-02,completed,100,97.0,,hr,Customer Support Specialist,Middle,office,ru,2024-12-12,compliance,self_paced,2,True,172,2,1,0,0.25,0.25,0.25,0.25,0,0.5,0,0.5,0,0.5,0,147,not_training_eligible,
R000837,E0032,EV_003,2025-06-02,2025-07-02,completed,100,78.0,,hr,Data Analyst,Junior,hybrid,kk,2024-07-18,compliance,self_paced,2,True,319,1,0,1,0.4,0.2,0.2,0.2,0,0.5,0,0.5,0,0.5,0,91,not_training_eligible,
R000838,E0035,EV_003,2025-06-02,2025-07-02,completed,100,88.0,,hr,Customer Support Specialist,Lead,hybrid,ru,2021-08-26,compliance,self_paced,2,True,1376,1,0,4,0.5,0.125,0.125,0.25,0,0.5,0,0.5,0,0.5,0,55,not_training_eligible,
R000839,E0037,EV_003,2025-06-02,2025-07-02,completed,100,99.0,,hr,Frontend Engineer,Junior,remote,ru,2024-11-11,compliance,self_paced,2,True,203,2,1,2,0.5,0.16666666666666666,0.16666666666666666,0.16666666666666666,0,0.5,0,0.5,0,0.5,0,48,not_training_eligible,
R000840,E0038,EV_003,2025-06-02,2025-07-02,completed,100,80.0,,hr,Product Manager,Senior,hybrid,kk,2022-06-24,compliance,self_paced,2,True,1074,1,0,2,0.5,0.16666666666666666,0.16666666666666666,0.16666666666666666,0,0.5,0,0.5,0,0.5,0,5,not_training_eligible,
R000841,E0039,EV_003,2025-06-02,2025-07-02,completed,100,75.0,,hr,Data Analyst,Middle,hybrid,ru,2022-08-29,compliance,self_paced,2,True,1008,1,0,1,0.2,0.2,0.4,0.2,0,0.5,0,0.5,0,0.5,0,91,not_training_eligible,
R000842,E0041,EV_003,2025-06-02,2025-07-02,completed,100,75.0,,hr,Product Manager,Senior,office,kk,2023-09-22,compliance,self_paced,2,True,619,1,0,1,0.4,0.2,0.2,0.2,0,0.5,0,0.5,0,0.5,0,90,not_training_eligible,
R000843,E0042,EV_003,2025-06-02,2025-07-02,completed,100,91.0,,hr,Frontend Engineer,Junior,hybrid,ru,2024-08-21,compliance,self_paced,2,True,285,1,0,1,0.4,0.2,0.2,0.2,0,0.5,0,0.5,0,0.5,0,4,not_training_eligible,
R000844,E0043,EV_003,2025-06-02,2025-07-02,completed,100,83.0,,hr,Frontend Engineer,Senior,hybrid,ru,2021-08-13,compliance,self_paced,2,True,1389,1,0,3,0.5714285714285714,0.14285714285714285,0.14285714285714285,0.14285714285714285,1,0.6666666666666666,0,0.5,0,0.5,0,91,not_training_eligible,
R000845,E0044,EV_003,2025-06-02,2025-07-02,completed,100,79.0,,hr,Frontend Engineer,Lead,office,kk,2022-10-17,compliance,self_paced,2,True,959,1,0,2,0.5,0.16666666666666666,0.16666666666666666,0.16666666666666666,0,0.5,0,0.5,0,0.5,0,4,not_training_eligible,
R000846,E0046,EV_003,2025-06-02,2025-07-02,completed,100,90.0,,hr,Sales Manager,Middle,hybrid,ru,2024-02-26,compliance,self_paced,2,True,462,1,0,5,0.4444444444444444,0.3333333333333333,0.1111111111111111,0.1111111111111111,0,0.5,0,0.5,0,0.5,0,4,not_training_eligible,
R000847,E0047,EV_003,2025-06-02,2025-07-02,completed,100,73.0,,hr,Backend Engineer,Middle,office,ru,2022-12-22,compliance,self_paced,2,True,893,1,0,6,0.5,0.3,0.1,0.1,2,0.75,0,0.5,0,0.5,0,21,not_training_eligible,
R000848,E0048,EV_003,2025-06-02,2025-07-02,completed,100,76.0,,hr,Data Analyst,Middle,hybrid,kk,2024-11-22,compliance,self_paced,2,True,192,2,1,1,0.2,0.4,0.2,0.2,1,0.3333333333333333,0,0.5,0,0.5,0,146,not_training_eligible,
R000849,E0050,EV_003,2025-06-02,2025-07-02,completed,100,94.0,,hr,Backend Engineer,Lead,hybrid,ru,2017-01-24,compliance,self_paced,2,True,3051,1,0,7,0.6363636363636364,0.09090909090909091,0.18181818181818182,0.09090909090909091,1,0.6666666666666666,0,0.5,0,0.5,0,38,not_training_eligible,
R000850,E0051,EV_003,2025-06-02,2025-07-02,completed,100,98.0,,hr,Sales Manager,Senior,office,kk,2023-01-30,compliance,self_paced,2,True,854,1,0,4,0.375,0.125,0.25,0.25,0,0.5,0,0.5,0,0.5,0,63,not_training_eligible,
R000851,E0052,EV_003,2025-06-02,2025-07-02,completed,100,90.0,,hr,HR Business Partner,Middle,office,kk,2025-01-13,compliance,self_paced,2,True,140,2,1,2,0.3333333333333333,0.3333333333333333,0.16666666666666666,0.16666666666666666,0,0.5,0,0.5,0,0.5,0,39,not_training_eligible,
R000852,E0053,EV_003,2025-06-02,2025-07-02,completed,100,91.0,,hr,QA Engineer,Junior,remote,kk,2024-05-28,compliance,self_paced,2,True,370,1,0,5,0.2222222222222222,0.2222222222222222,0.4444444444444444,0.1111111111111111,0,0.5,0,0.5,0,0.5,0,41,not_training_eligible,
R000853,E0054,EV_003,2025-06-02,2025-07-02,completed,100,90.0,,hr,Data Analyst,Senior,hybrid,kk,2022-11-30,compliance,self_paced,2,True,915,1,0,3,0.42857142857142855,0.14285714285714285,0.14285714285714285,0.2857142857142857,0,0.5,0,0.5,0,0.5,0,91,not_training_eligible,
R000854,E0055,EV_003,2025-06-02,2025-07-02,completed,100,73.0,,hr,Product Manager,Lead,hybrid,en,2023-02-22,compliance,self_paced,2,True,831,1,0,4,0.5,0.125,0.25,0.125,0,0.5,0,0.5,0,0.5,0,91,not_training_eligible,
R000855,E0056,EV_003,2025-06-02,2025-07-02,completed,100,80.0,,hr,Sales Manager,Middle,office,ru,2022-07-18,compliance,self_paced,2,True,1050,1,0,3,0.42857142857142855,0.14285714285714285,0.2857142857142857,0.14285714285714285,0,0.5,0,0.5,0,0.5,0,31,not_training_eligible,
R000856,E0057,EV_003,2025-06-02,2025-07-02,completed,100,70.0,,hr,Sales Manager,Senior,hybrid,kk,2023-10-19,compliance,self_paced,2,True,592,1,0,5,0.5555555555555556,0.1111111111111111,0.2222222222222222,0.1111111111111111,0,0.5,0,0.5,0,0.5,0,38,not_training_eligible,
R000857,E0059,EV_003,2025-06-02,2025-07-02,completed,100,84.0,,hr,Sales Manager,Middle,remote,ru,2023-06-28,compliance,self_paced,2,True,705,1,0,6,0.4,0.2,0.3,0.1,0,0.5,0,0.5,0,0.5,0,54,not_training_eligible,
R000858,E0060,EV_003,2025-06-02,2025-07-02,completed,100,71.0,,hr,Product Manager,Lead,office,kk,2021-10-18,compliance,self_paced,2,True,1323,1,0,3,0.5714285714285714,0.14285714285714285,0.14285714285714285,0.14285714285714285,0,0.5,0,0.5,0,0.5,0,91,not_training_eligible,
R000859,E0061,EV_003,2025-06-02,2025-07-02,completed,100,93.0,,hr,Data Analyst,Lead,remote,kk,2023-07-17,compliance,self_paced,2,True,686,1,0,2,0.3333333333333333,0.16666666666666666,0.16666666666666666,0.3333333333333333,1,0.3333333333333333,0,0.5,0,0.5,0,63,not_training_eligible,
R000860,E0062,EV_003,2025-06-02,2025-07-02,completed,100,83.0,,hr,Sales Manager,Middle,office,ru,2022-06-22,compliance,self_paced,2,True,1076,1,0,4,0.625,0.125,0.125,0.125,0,0.5,0,0.5,0,0.5,0,17,not_training_eligible,
R000861,E0063,EV_003,2025-06-02,2025-07-02,completed,100,93.0,,hr,QA Engineer,Lead,office,kk,2023-08-29,compliance,self_paced,2,True,643,1,0,2,0.3333333333333333,0.3333333333333333,0.16666666666666666,0.16666666666666666,0,0.5,0,0.5,0,0.5,0,91,not_training_eligible,
R000862,E0064,EV_003,2025-06-02,2025-07-02,completed,100,70.0,,hr,Backend Engineer,Senior,office,ru,2021-10-20,compliance,self_paced,2,True,1321,1,0,2,0.3333333333333333,0.3333333333333333,0.16666666666666666,0.16666666666666666,0,0.5,0,0.5,0,0.5,0,59,not_training_eligible,
R000863,E0065,EV_003,2025-06-02,2025-07-02,completed,100,89.0,,hr,QA Engineer,Middle,hybrid,en,2022-08-01,compliance,self_paced,2,True,1036,1,0,3,0.42857142857142855,0.14285714285714285,0.14285714285714285,0.2857142857142857,1,0.3333333333333333,0,0.5,0,0.5,0,90,not_training_eligible,
R000864,E0066,EV_003,2025-06-02,2025-07-02,completed,100,73.0,,hr,QA Engineer,Middle,office,en,2024-05-14,compliance,self_paced,2,True,384,1,0,2,0.5,0.16666666666666666,0.16666666666666666,0.16666666666666666,0,0.5,0,0.5,0,0.5,0,91,not_training_eligible,
R000865,E0067,EV_003,2025-06-02,2025-07-02,completed,100,83.0,,hr,Frontend Engineer,Middle,hybrid,ru,2024-10-16,compliance,self_paced,2,True,229,2,1,1,0.4,0.2,0.2,0.2,0,0.5,0,0.5,0,0.5,0,21,not_training_eligible,
R000866,E0069,EV_003,2025-06-02,2025-07-02,completed,100,83.0,,hr,Backend Engineer,Middle,hybrid,en,2023-09-20,compliance,self_paced,2,True,621,1,0,2,0.3333333333333333,0.16666666666666666,0.3333333333333333,0.16666666666666666,0,0.5,0,0.5,0,0.5,0,91,not_training_eligible,
R000867,E0070,EV_003,2025-06-02,2025-07-02,completed,100,72.0,,hr,Customer Support Specialist,Senior,hybrid,kk,2022-11-30,compliance,self_paced,2,True,915,1,0,3,0.42857142857142855,0.14285714285714285,0.14285714285714285,0.2857142857142857,0,0.5,0,0.5,0,0.5,0,90,not_training_eligible,
R000868,E0071,EV_003,2025-06-02,2025-07-02,completed,100,74.0,,hr,Product Manager,Middle,office,kk,2022-11-14,compliance,self_paced,2,True,931,1,0,5,0.6666666666666666,0.1111111111111111,0.1111111111111111,0.1111111111111111,0,0.5,0,0.5,0,0.5,0,91,not_training_eligible,
R000869,E0072,EV_003,2025-06-02,2025-07-02,completed,100,97.0,,hr,QA Engineer,Middle,office,ru,2024-04-15,compliance,self_paced,2,True,413,1,0,0,0.25,0.25,0.25,0.25,0,0.5,0,0.5,0,0.5,0,91,not_training_eligible,
R000870,E0073,EV_003,2025-06-02,2025-07-02,completed,100,75.0,,hr,Data Analyst,Senior,office,ru,2022-08-29,compliance,self_paced,2,True,1008,1,0,6,0.3,0.4,0.2,0.1,1,0.3333333333333333,0,0.5,0,0.5,0,73,not_training_eligible,
R000871,E0074,EV_003,2025-06-02,2025-07-02,completed,100,84.0,,hr,Product Manager,Middle,office,kk,2022-04-20,compliance,self_paced,2,True,1139,1,0,0,0.25,0.25,0.25,0.25,0,0.5,0,0.5,0,0.5,0,91,not_training_eligible,
R000872,E0075,EV_003,2025-06-02,2025-07-02,completed,100,93.0,,hr,Frontend Engineer,Senior,office,kk,2018-10-22,compliance,self_paced,2,True,2415,1,0,6,0.6,0.1,0.2,0.1,1,0.6666666666666666,0,0.5,0,0.5,0,5,not_training_eligible,
R000873,E0078,EV_003,2025-06-02,2025-07-02,completed,100,89.0,,hr,Customer Support Specialist,Junior,hybrid,kk,2024-11-11,compliance,self_paced,2,True,203,2,1,0,0.25,0.25,0.25,0.25,0,0.5,0,0.5,0,0.5,0,195,not_training_eligible,
R000874,E0079,EV_003,2025-06-02,2025-07-02,completed,100,78.0,,hr,Sales Manager,Junior,office,ru,2024-10-14,compliance,self_paced,2,True,231,2,1,3,0.5714285714285714,0.14285714285714285,0.14285714285714285,0.14285714285714285,0,0.5,0,0.5,0,0.5,0,56,not_training_eligible,
R000875,E0080,EV_003,2025-06-02,2025-07-02,completed,100,83.0,,hr,Data Analyst,Senior,hybrid,ru,2018-08-15,compliance,self_paced,2,True,2483,1,0,4,0.25,0.375,0.25,0.125,2,0.25,0,0.5,0,0.5,0,5,not_training_eligible,
R000876,E0081,EV_003,2025-06-02,2025-07-02,completed,100,85.0,,hr,Customer Support Specialist,Middle,hybrid,kk,2023-12-29,compliance,self_paced,2,True,521,1,0,2,0.16666666666666666,0.3333333333333333,0.3333333333333333,0.16666666666666666,0,0.5,0,0.5,0,0.5,0,20,not_training_eligible,
R000877,E0085,EV_003,2025-06-02,2025-07-02,completed,100,99.0,,hr,Data Analyst,Lead,hybrid,ru,2018-05-23,compliance,self_paced,2,True,2567,1,0,2,0.5,0.16666666666666666,0.16666666666666666,0.16666666666666666,0,0.5,0,0.5,0,0.5,0,91,not_training_eligible,
R000878,E0088,EV_003,2025-06-02,2025-07-02,completed,100,97.0,,hr,Backend Engineer,Senior,remote,kk,2019-04-22,compliance,self_paced,2,True,2233,1,0,3,0.5714285714285714,0.14285714285714285,0.14285714285714285,0.14285714285714285,0,0.5,0,0.5,0,0.5,0,91,not_training_eligible,
R000879,E0091,EV_003,2025-06-02,2025-07-02,completed,100,82.0,,hr,QA Engineer,Senior,hybrid,kk,2024-05-28,compliance,self_paced,2,True,370,1,0,3,0.42857142857142855,0.2857142857142857,0.14285714285714285,0.14285714285714285,0,0.5,0,0.5,0,0.5,0,28,not_training_eligible,
R000880,E0092,EV_003,2025-06-02,2025-07-02,completed,100,87.0,,hr,Backend Engineer,Middle,office,en,2024-10-11,compliance,self_paced,2,True,234,2,1,0,0.25,0.25,0.25,0.25,0,0.5,0,0.5,0,0.5,0,91,not_training_eligible,
R000881,E0093,EV_003,2025-06-02,2025-07-02,completed,100,87.0,,hr,Customer Support Specialist,Middle,hybrid,kk,2022-08-31,compliance,self_paced,2,True,1006,1,0,3,0.42857142857142855,0.2857142857142857,0.14285714285714285,0.14285714285714285,0,0.5,0,0.5,0,0.5,0,6,not_training_eligible,
R000882,E0094,EV_003,2025-06-02,2025-07-02,completed,100,82.0,,hr,Sales Manager,Senior,hybrid,ru,2022-01-12,compliance,self_paced,2,True,1237,1,0,3,0.42857142857142855,0.2857142857142857,0.14285714285714285,0.14285714285714285,0,0.5,0,0.5,0,0.5,0,52,not_training_eligible,
R000883,E0095,EV_003,2025-06-02,2025-07-02,completed,100,90.0,,hr,HR Business Partner,Middle,office,kk,2021-12-20,compliance,self_paced,2,True,1260,1,0,5,0.3333333333333333,0.2222222222222222,0.2222222222222222,0.2222222222222222,0,0.5,0,0.5,0,0.5,0,55,not_training_eligible,
R000884,E0097,EV_003,2025-06-02,2025-07-02,completed,100,83.0,,hr,Backend Engineer,Senior,office,kk,2024-02-16,compliance,self_paced,2,True,472,1,0,4,0.625,0.125,0.125,0.125,0,0.5,0,0.5,0,0.5,0,48,not_training_eligible,
R000885,E0098,EV_003,2025-06-02,2025-07-02,completed,100,94.0,,hr,QA Engineer,Middle,hybrid,kk,2023-04-18,compliance,self_paced,2,True,776,1,0,2,0.3333333333333333,0.3333333333333333,0.16666666666666666,0.16666666666666666,1,0.3333333333333333,0,0.5,0,0.5,0,18,not_training_eligible,
R000886,E0099,EV_003,2025-06-02,2025-07-02,completed,100,72.0,,hr,HR Business Partner,Middle,hybrid,ru,2022-05-17,compliance,self_paced,2,True,1112,1,0,4,0.25,0.375,0.25,0.125,1,0.6666666666666666,0,0.5,0,0.5,0,60,not_training_eligible,
R000887,E0100,EV_003,2025-06-02,2025-07-02,completed,100,71.0,,hr,Product Manager,Junior,office,ru,2024-11-18,compliance,self_paced,2,True,196,2,1,1,0.2,0.4,0.2,0.2,0,0.5,0,0.5,0,0.5,0,118,not_training_eligible,
R000888,E0102,EV_003,2025-06-02,2025-07-02,completed,100,90.0,,hr,Frontend Engineer,Junior,remote,ru,2024-05-30,compliance,self_paced,2,True,368,1,0,4,0.375,0.125,0.375,0.125,1,0.6666666666666666,0,0.5,0,0.5,0,19,not_training_eligible,
R000889,E0103,EV_003,2025-06-02,2025-07-02,completed,100,100.0,,hr,QA Engineer,Senior,remote,ru,2021-08-17,compliance,self_paced,2,True,1385,1,0,3,0.42857142857142855,0.14285714285714285,0.2857142857142857,0.14285714285714285,0,0.5,0,0.5,0,0.5,0,91,not_training_eligible,
R000890,E0105,EV_003,2025-06-02,2025-07-02,completed,100,92.0,,hr,HR Business Partner,Senior,office,kk,2024-04-22,compliance,self_paced,2,True,406,1,0,2,0.3333333333333333,0.3333333333333333,0.16666666666666666,0.16666666666666666,0,0.5,0,0.5,0,0.5,0,31,not_training_eligible,
R000891,E0106,EV_003,2025-06-02,2025-07-02,completed,100,97.0,,hr,Backend Engineer,Senior,remote,kk,2020-02-13,compliance,self_paced,2,True,1936,1,0,1,0.2,0.2,0.4,0.2,0,0.5,0,0.5,0,0.5,0,91,not_training_eligible,
R000892,E0107,EV_003,2025-06-02,2025-07-02,completed,100,84.0,,hr,Product Manager,Middle,office,ru,2022-04-25,compliance,self_paced,2,True,1134,1,0,3,0.5714285714285714,0.14285714285714285,0.14285714285714285,0.14285714285714285,0,0.5,0,0.5,0,0.5,0,91,not_training_eligible,
R000893,E0108,EV_003,2025-06-02,2025-07-02,completed,100,84.0,,hr,Product Manager,Middle,office,ru,2022-04-18,compliance,self_paced,2,True,1141,1,0,0,0.25,0.25,0.25,0.25,0,0.5,0,0.5,0,0.5,0,91,not_training_eligible,
R000894,E0109,EV_003,2025-06-02,2025-07-02,completed,100,79.0,,hr,Frontend Engineer,Middle,office,ru,2023-12-21,compliance,self_paced,2,True,529,1,0,4,0.5,0.25,0.125,0.125,0,0.5,0,0.5,0,0.5,0,3,not_training_eligible,
R000895,E0111,EV_003,2025-06-02,2025-07-02,completed,100,95.0,,hr,QA Engineer,Middle,office,ru,2024-06-19,compliance,self_paced,2,True,348,1,0,4,0.625,0.125,0.125,0.125,1,0.6666666666666666,0,0.5,0,0.5,0,14,not_training_eligible,
R000896,E0112,EV_003,2025-06-02,2025-07-02,completed,100,99.0,,hr,Customer Support Specialist,Senior,hybrid,ru,2019-12-30,compliance,self_paced,2,True,1981,1,0,5,0.5555555555555556,0.2222222222222222,0.1111111111111111,0.1111111111111111,0,0.5,0,0.5,0,0.5,0,19,not_training_eligible,
R000897,E0114,EV_003,2025-06-02,2025-07-02,completed,100,87.0,,hr,Customer Support Specialist,Junior,hybrid,en,2024-11-14,compliance,self_paced,2,True,200,2,1,0,0.25,0.25,0.25,0.25,0,0.5,0,0.5,0,0.5,0,182,not_training_eligible,
R000898,E0118,EV_003,2025-06-02,2025-07-02,completed,100,70.0,,hr,Frontend Engineer,Middle,hybrid,ru,2021-11-01,compliance,self_paced,2,True,1309,1,0,5,0.4444444444444444,0.2222222222222222,0.2222222222222222,0.1111111111111111,0,0.5,0,0.5,0,0.5,0,88,not_training_eligible,
R000899,E0120,EV_003,2025-06-02,2025-07-02,completed,100,85.0,,hr,Frontend Engineer,Senior,hybrid,ru,2019-11-25,compliance,self_paced,2,True,2016,1,0,4,0.625,0.125,0.125,0.125,1,0.6666666666666666,0,0.5,0,0.5,0,34,not_training_eligible,
R000900,E0122,EV_003,2025-06-02,2025-07-02,completed,100,93.0,,hr,Frontend Engineer,Senior,hybrid,kk,2024-04-22,compliance,self_paced,2,True,406,1,0,1,0.4,0.2,0.2,0.2,0,0.5,0,0.5,0,0.5,0,39,not_training_eligible,
R000901,E0123,EV_003,2025-06-02,2025-07-02,completed,100,77.0,,hr,Frontend Engineer,Senior,hybrid,kk,2021-04-15,compliance,self_paced,2,True,1509,1,0,6,0.4,0.2,0.2,0.2,0,0.5,0,0.5,0,0.5,0,3,not_training_eligible,
R000902,E0127,EV_003,2025-06-02,2025-07-02,completed,100,74.0,,hr,Backend Engineer,Middle,remote,kk,2022-06-29,compliance,self_paced,2,True,1069,1,0,2,0.3333333333333333,0.16666666666666666,0.3333333333333333,0.16666666666666666,0,0.5,0,0.5,0,0.5,0,89,not_training_eligible,
R000903,E0128,EV_003,2025-06-02,2025-07-02,completed,100,80.0,,hr,Backend Engineer,Senior,hybrid,kk,2024-07-29,compliance,self_paced,2,True,308,1,0,1,0.4,0.2,0.2,0.2,0,0.5,0,0.5,0,0.5,0,39,not_training_eligible,
R000904,E0130,EV_003,2025-06-02,2025-07-02,completed,100,96.0,,hr,QA Engineer,Middle,hybrid,kk,2024-11-18,compliance,self_paced,2,True,196,2,1,0,0.25,0.25,0.25,0.25,0,0.5,0,0.5,0,0.5,0,180,not_training_eligible,
R000905,E0131,EV_003,2025-06-02,2025-07-02,completed,100,96.0,,hr,HR Business Partner,Middle,office,ru,2022-10-31,compliance,self_paced,2,True,945,1,0,3,0.5714285714285714,0.14285714285714285,0.14285714285714285,0.14285714285714285,0,0.5,0,0.5,0,0.5,0,52,not_training_eligible,
R000906,E0132,EV_003,2025-06-02,2025-07-02,completed,100,73.0,,hr,Data Analyst,Senior,remote,en,2019-08-02,compliance,self_paced,2,True,2131,1,0,2,0.3333333333333333,0.16666666666666666,0.3333333333333333,0.16666666666666666,0,0.5,0,0.5,0,0.5,0,45,not_training_eligible,
R000907,E0133,EV_003,2025-06-02,2025-07-02,completed,100,100.0,,hr,HR Business Partner,Lead,office,ru,2019-08-23,compliance,self_paced,2,True,2110,1,0,3,0.42857142857142855,0.2857142857142857,0.14285714285714285,0.14285714285714285,0,0.5,0,0.5,0,0.5,0,7,not_training_eligible,
R000908,E0134,EV_003,2025-06-02,2025-07-02,completed,100,89.0,,hr,Product Manager,Middle,hybrid,ru,2023-05-01,compliance,self_paced,2,True,763,1,0,3,0.2857142857142857,0.14285714285714285,0.42857142857142855,0.14285714285714285,0,0.5,0,0.5,0,0.5,0,87,not_training_eligible,
R000909,E0136,EV_003,2025-06-02,2025-07-02,completed,100,92.0,,hr,Backend Engineer,Senior,hybrid,kk,2024-04-01,compliance,self_paced,2,True,427,1,0,2,0.3333333333333333,0.16666666666666666,0.3333333333333333,0.16666666666666666,0,0.5,0,0.5,0,0.5,0,67,not_training_eligible,
R000910,E0138,EV_003,2025-06-02,2025-07-02,completed,100,89.0,,hr,Sales Manager,Senior,remote,ru,2020-10-21,compliance,self_paced,2,True,1685,1,0,2,0.3333333333333333,0.16666666666666666,0.16666666666666666,0.3333333333333333,0,0.5,0,0.5,0,0.5,0,66,not_training_eligible,
R000911,E0140,EV_003,2025-06-02,2025-07-02,completed,100,71.0,,hr,Backend Engineer,Middle,office,ru,2024-06-21,compliance,self_paced,2,True,346,1,0,6,0.3,0.5,0.1,0.1,0,0.5,0,0.5,0,0.5,0,42,not_training_eligible,
R000912,E0143,EV_003,2025-06-02,2025-07-02,completed,100,82.0,,hr,Customer Support Specialist,Middle,office,kk,2023-08-15,compliance,self_paced,2,True,657,1,0,1,0.2,0.4,0.2,0.2,0,0.5,0,0.5,0,0.5,0,91,not_training_eligible,
R000913,E0144,EV_003,2025-06-02,2025-07-02,completed,100,96.0,,hr,Customer Support Specialist,Junior,office,ru,2024-09-16,compliance,self_paced,2,True,259,1,0,5,0.6666666666666666,0.1111111111111111,0.1111111111111111,0.1111111111111111,0,0.5,0,0.5,0,0.5,0,11,not_training_eligible,
R000914,E0145,EV_003,2025-06-02,2025-07-02,completed,100,71.0,,hr,QA Engineer,Senior,office,kk,2023-10-12,compliance,self_paced,2,True,599,1,0,1,0.2,0.2,0.2,0.4,0,0.5,0,0.5,0,0.5,0,91,not_training_eligible,
R000915,E0147,EV_003,2025-06-02,2025-07-02,completed,100,70.0,,hr,Frontend Engineer,Middle,office,ru,2024-05-27,compliance,self_paced,2,True,371,1,0,3,0.5714285714285714,0.14285714285714285,0.14285714285714285,0.14285714285714285,1,0.6666666666666666,0,0.5,0,0.5,0,91,not_training_eligible,
R000916,E0148,EV_003,2025-06-02,2025-07-02,completed,100,73.0,,hr,Sales Manager,Lead,office,kk,2020-08-18,compliance,self_paced,2,True,1749,1,0,4,0.5,0.125,0.25,0.125,0,0.5,0,0.5,0,0.5,0,91,not_training_eligible,
R000917,E0149,EV_003,2025-06-02,2025-07-02,completed,100,82.0,,hr,Sales Manager,Middle,office,ru,2022-10-26,compliance,self_paced,2,True,950,1,0,7,0.6363636363636364,0.09090909090909091,0.18181818181818182,0.09090909090909091,0,0.5,0,0.5,0,0.5,0,11,not_training_eligible,
R000918,E0150,EV_003,2025-06-02,2025-07-02,completed,100,76.0,,hr,Backend Engineer,Middle,office,ru,2023-07-03,compliance,self_paced,2,True,700,1,0,5,0.6666666666666666,0.1111111111111111,0.1111111111111111,0.1111111111111111,1,0.6666666666666666,0,0.5,0,0.5,0,42,not_training_eligible,
R000919,E0153,EV_003,2025-06-02,2025-07-02,completed,100,98.0,,hr,Sales Manager,Middle,office,ru,2022-10-17,compliance,self_paced,2,True,959,1,0,4,0.625,0.125,0.125,0.125,0,0.5,0,0.5,0,0.5,0,80,not_training_eligible,
R000920,E0154,EV_003,2025-06-02,2025-07-02,completed,100,89.0,,hr,Frontend Engineer,Middle,office,ru,2023-08-16,compliance,self_paced,2,True,656,1,0,5,0.4444444444444444,0.1111111111111111,0.2222222222222222,0.2222222222222222,0,0.5,0,0.5,0,0.5,0,39,not_training_eligible,
R000921,E0155,EV_003,2025-06-02,2025-07-02,completed,100,85.0,,hr,Backend Engineer,Middle,hybrid,kk,2023-06-19,compliance,self_paced,2,True,714,1,0,2,0.16666666666666666,0.3333333333333333,0.3333333333333333,0.16666666666666666,0,0.5,0,0.5,0,0.5,0,35,not_training_eligible,
R000922,E0158,EV_003,2025-06-02,2025-07-02,completed,100,75.0,,hr,Sales Manager,Senior,office,kk,2018-08-27,compliance,self_paced,2,True,2471,1,0,4,0.25,0.125,0.25,0.375,0,0.5,0,0.5,0,0.5,0,59,not_training_eligible,
R000923,E0160,EV_003,2025-06-02,2025-07-02,completed,100,74.0,,hr,Customer Support Specialist,Junior,hybrid,ru,2024-11-13,compliance,self_paced,2,True,201,2,1,4,0.625,0.125,0.125,0.125,0,0.5,0,0.5,0,0.5,0,26,not_training_eligible,
R000924,E0161,EV_003,2025-06-02,2025-07-02,completed,100,74.0,,hr,Sales Manager,Senior,remote,ru,2024-05-15,compliance,self_paced,2,True,383,1,0,0,0.25,0.25,0.25,0.25,0,0.5,0,0.5,0,0.5,0,91,not_training_eligible,
R000925,E0162,EV_003,2025-06-02,2025-07-02,completed,100,100.0,,hr,Data Analyst,Middle,hybrid,kk,2024-01-15,compliance,self_paced,2,True,504,1,0,3,0.42857142857142855,0.14285714285714285,0.2857142857142857,0.14285714285714285,0,0.5,0,0.5,0,0.5,0,26,not_training_eligible,
R000926,E0163,EV_003,2025-06-02,2025-07-02,completed,100,85.0,,hr,Sales Manager,Middle,office,ru,2022-05-25,compliance,self_paced,2,True,1104,1,0,4,0.375,0.125,0.125,0.375,0,0.5,0,0.5,0,0.5,0,5,not_training_eligible,
R000927,E0164,EV_003,2025-06-02,2025-07-02,completed,100,90.0,,hr,Backend Engineer,Middle,hybrid,ru,2022-08-26,compliance,self_paced,2,True,1011,1,0,4,0.375,0.25,0.25,0.125,0,0.5,0,0.5,0,0.5,0,40,not_training_eligible,
R000928,E0165,EV_003,2025-06-02,2025-07-02,completed,100,75.0,,hr,Product Manager,Junior,office,ru,2024-08-30,compliance,self_paced,2,True,276,1,0,2,0.5,0.16666666666666666,0.16666666666666666,0.16666666666666666,0,0.5,0,0.5,0,0.5,0,90,not_training_eligible,
R000929,E0168,EV_003,2025-06-02,2025-07-02,completed,100,74.0,,hr,Customer Support Specialist,Middle,remote,kk,2023-07-19,compliance,self_paced,2,True,684,1,0,2,0.3333333333333333,0.16666666666666666,0.3333333333333333,0.16666666666666666,0,0.5,0,0.5,0,0.5,0,59,not_training_eligible,
R000930,E0169,EV_003,2025-06-02,2025-07-02,completed,100,95.0,,hr,Sales Manager,Lead,office,kk,2020-04-29,compliance,self_paced,2,True,1860,1,0,7,0.5454545454545454,0.09090909090909091,0.18181818181818182,0.18181818181818182,0,0.5,0,0.5,0,0.5,0,61,not_training_eligible,
R000931,E0171,EV_003,2025-06-02,2025-07-02,completed,100,95.0,,hr,QA Engineer,Middle,hybrid,ru,2024-11-18,compliance,self_paced,2,True,196,2,1,2,0.3333333333333333,0.3333333333333333,0.16666666666666666,0.16666666666666666,0,0.5,0,0.5,0,0.5,0,102,not_training_eligible,
R000932,E0172,EV_003,2025-06-02,2025-07-02,completed,100,96.0,,hr,HR Business Partner,Senior,remote,ru,2018-08-27,compliance,self_paced,2,True,2471,1,0,2,0.5,0.16666666666666666,0.16666666666666666,0.16666666666666666,0,0.5,0,0.5,0,0.5,0,88,not_training_eligible,
R000933,E0173,EV_003,2025-06-02,2025-07-02,completed,100,96.0,,hr,HR Business Partner,Senior,remote,kk,2019-04-25,compliance,self_paced,2,True,2230,1,0,2,0.3333333333333333,0.16666666666666666,0.3333333333333333,0.16666666666666666,0,0.5,0,0.5,0,0.5,0,33,not_training_eligible,
R000934,E0175,EV_003,2025-06-02,2025-07-02,completed,100,82.0,,hr,Backend Engineer,Lead,hybrid,kk,2016-10-03,compliance,self_paced,2,True,3164,1,0,1,0.4,0.2,0.2,0.2,0,0.5,0,0.5,0,0.5,0,54,not_training_eligible,
R000935,E0176,EV_003,2025-06-02,2025-07-02,completed,100,85.0,,hr,Product Manager,Junior,hybrid,ru,2024-04-29,compliance,self_paced,2,True,399,1,0,5,0.5555555555555556,0.1111111111111111,0.1111111111111111,0.2222222222222222,0,0.5,0,0.5,0,0.5,0,32,not_training_eligible,
R000936,E0177,EV_003,2025-06-02,2025-07-02,completed,100,73.0,,hr,Customer Support Specialist,Middle,office,ru,2024-08-12,compliance,self_paced,2,True,294,1,0,3,0.2857142857142857,0.14285714285714285,0.2857142857142857,0.2857142857142857,0,0.5,0,0.5,0,0.5,0,89,not_training_eligible,
R000937,E0179,EV_003,2025-06-02,2025-07-02,completed,100,76.0,,hr,QA Engineer,Lead,hybrid,ru,2020-01-30,compliance,self_paced,2,True,1950,1,0,3,0.42857142857142855,0.14285714285714285,0.14285714285714285,0.2857142857142857,0,0.5,0,0.5,0,0.5,0,5,not_training_eligible,
R000938,E0180,EV_003,2025-06-02,2025-07-02,completed,100,89.0,,hr,Customer Support Specialist,Lead,hybrid,kk,2020-05-14,compliance,self_paced,2,True,1845,1,0,4,0.625,0.125,0.125,0.125,0,0.5,0,0.5,0,0.5,0,31,not_training_eligible,
R000939,E0181,EV_003,2025-06-02,2025-07-02,completed,100,92.0,,hr,Product Manager,Senior,office,ru,2025-01-27,compliance,self_paced,2,True,126,2,1,2,0.16666666666666666,0.16666666666666666,0.3333333333333333,0.3333333333333333,0,0.5,0,0.5,0,0.5,0,55,not_training_eligible,
R000940,E0182,EV_003,2025-06-02,2025-07-02,completed,100,94.0,,hr,Frontend Engineer,Middle,office,ru,2024-06-14,compliance,self_paced,2,True,353,1,0,1,0.4,0.2,0.2,0.2,0,0.5,0,0.5,0,0.5,0,91,not_training_eligible,
R000941,E0184,EV_003,2025-06-02,2025-07-02,completed,100,94.0,,hr,Backend Engineer,Middle,office,ru,2024-10-30,compliance,self_paced,2,True,215,2,1,2,0.3333333333333333,0.16666666666666666,0.16666666666666666,0.3333333333333333,0,0.5,0,0.5,0,0.5,0,76,not_training_eligible,
R000942,E0185,EV_003,2025-06-02,2025-07-02,completed,100,72.0,,hr,Customer Support Specialist,Middle,remote,kk,2024-10-21,compliance,self_paced,2,True,224,2,1,3,0.5714285714285714,0.14285714285714285,0.14285714285714285,0.14285714285714285,0,0.5,0,0.5,0,0.5,0,73,not_training_eligible,
R000943,E0186,EV_003,2025-06-02,2025-07-02,completed,100,86.0,,hr,Backend Engineer,Middle,hybrid,ru,2022-06-16,compliance,self_paced,2,True,1082,1,0,6,0.4,0.2,0.2,0.2,2,0.5,0,0.5,0,0.5,0,4,not_training_eligible,
R000944,E0187,EV_003,2025-06-02,2025-07-02,completed,100,71.0,,hr,Data Analyst,Junior,office,ru,2024-03-25,compliance,self_paced,2,True,434,1,0,2,0.16666666666666666,0.3333333333333333,0.16666666666666666,0.3333333333333333,1,0.3333333333333333,0,0.5,0,0.5,0,87,not_training_eligible,
R000945,E0188,EV_004,2025-06-02,2025-06-20,completed,100,,5.0,hr,Data Analyst,Junior,hybrid,ru,2025-05-21,onboarding,offline,8,True,12,1,0,0,0.25,0.25,0.25,0.25,0,0.5,0,0.5,0,0.5,0,7,not_training_eligible,
R000946,E0189,EV_003,2025-06-02,2025-07-02,completed,100,84.0,,hr,QA Engineer,Senior,office,ru,2019-11-18,compliance,self_paced,2,True,2023,1,0,3,0.5714285714285714,0.14285714285714285,0.14285714285714285,0.14285714285714285,1,0.6666666666666666,0,0.5,0,0.5,0,4,not_training_eligible,
R000947,E0190,EV_003,2025-06-02,2025-07-02,completed,100,73.0,,hr,Backend Engineer,Senior,office,kk,2023-11-30,compliance,self_paced,2,True,550,1,0,1,0.2,0.4,0.2,0.2,0,0.5,0,0.5,0,0.5,0,91,not_training_eligible,
R000948,E0191,EV_003,2025-06-02,2025-07-02,completed,100,70.0,,hr,Sales Manager,Middle,office,ru,2022-03-15,compliance,self_paced,2,True,1175,1,0,1,0.4,0.2,0.2,0.2,0,0.5,0,0.5,0,0.5,0,70,not_training_eligible,
R000949,E0192,EV_003,2025-06-02,2025-07-02,completed,100,73.0,,hr,Backend Engineer,Junior,hybrid,ru,2024-12-11,compliance,self_paced,2,True,173,2,1,2,0.3333333333333333,0.16666666666666666,0.16666666666666666,0.3333333333333333,0,0.5,0,0.5,0,0.5,0,12,not_training_eligible,
R000950,E0193,EV_003,2025-06-02,2025-07-02,completed,100,97.0,,hr,Data Analyst,Middle,office,ru,2022-08-01,compliance,self_paced,2,True,1036,1,0,2,0.5,0.16666666666666666,0.16666666666666666,0.16666666666666666,0,0.5,0,0.5,0,0.5,0,32,not_training_eligible,
R000951,E0194,EV_003,2025-06-02,2025-07-02,completed,100,93.0,,hr,Frontend Engineer,Senior,remote,ru,2021-07-14,compliance,self_paced,2,True,1419,1,0,2,0.5,0.16666666666666666,0.16666666666666666,0.16666666666666666,1,0.6666666666666666,0,0.5,0,0.5,0,87,not_training_eligible,
R000952,E0195,EV_037,2025-06-02,,no_show,0,,,manager,Product Manager,Middle,office,kk,2025-04-21,mentoring,online,12,False,42,1,0,0,0.25,0.25,0.25,0.25,0,0.5,0,0.5,38,0.75,0,35,no_show,0
R000953,E0197,EV_003,2025-06-02,2025-07-02,completed,100,83.0,,hr,QA Engineer,Middle,hybrid,ru,2022-08-15,compliance,self_paced,2,True,1022,1,0,4,0.375,0.25,0.25,0.125,0,0.5,0,0.5,0,0.5,0,18,not_training_eligible,
R000954,E0198,EV_003,2025-06-02,2025-07-02,completed,100,73.0,,hr,Sales Manager,Junior,office,ru,2024-06-26,compliance,self_paced,2,True,341,1,0,6,0.6,0.1,0.2,0.1,0,0.5,0,0.5,0,0.5,0,46,not_training_eligible,
R000955,E0199,EV_003,2025-06-02,2025-07-02,completed,100,100.0,,hr,Data Analyst,Senior,hybrid,ru,2019-12-24,compliance,self_paced,2,True,1987,1,0,6,0.7,0.1,0.1,0.1,2,0.75,0,0.5,0,0.5,0,25,not_training_eligible,
R000956,E0066,EV_019,2025-06-03,,no_show,0,,,self,QA Engineer,Middle,office,en,2024-05-14,workshop,offline,8,False,385,1,0,2,0.5,0.16666666666666666,0.16666666666666666,0.16666666666666666,0,0.5,1,0.6666666666666666,11,0.38461538461538464,0,1,no_show,0
R000957,E0030,EV_040,2025-06-04,,completed,100,,,self,Customer Support Specialist,Middle,office,ru,2024-12-12,workshop,offline,4,False,174,1,0,0,0.25,0.25,0.25,0.25,0,0.5,0,0.5,44,0.6739130434782609,0,2,completed,1
R000958,E0043,EV_017,2025-06-04,,completed,100,84.0,5.0,manager,Frontend Engineer,Senior,hybrid,ru,2021-08-13,course,online,16,False,1391,1,0,3,0.5714285714285714,0.14285714285714285,0.14285714285714285,0.14285714285714285,2,0.75,1,0.6666666666666666,4,0.5,0,2,completed,1
R000959,E0071,EV_027,2025-06-04,,dropped,35,,,manager,Product Manager,Middle,office,kk,2022-11-14,workshop,online,6,False,933,1,0,5,0.6666666666666666,0.1111111111111111,0.1111111111111111,0.1111111111111111,2,0.75,3,0.8,7,0.7777777777777778,0,2,dropped,0
R000960,E0098,EV_018,2025-06-04,,dropped,25,,2.0,self,QA Engineer,Middle,hybrid,kk,2023-04-18,course,online,24,False,778,1,0,2,0.3333333333333333,0.3333333333333333,0.16666666666666666,0.16666666666666666,1,0.6666666666666666,0,0.5,5,0.5714285714285714,0,2,dropped,0
R000961,E0181,EV_008,2025-06-04,,completed,100,,,manager,Product Manager,Senior,office,ru,2025-01-27,workshop,online,4,False,128,1,0,2,0.16666666666666666,0.16666666666666666,0.3333333333333333,0.3333333333333333,2,0.25,1,0.3333333333333333,31,0.8181818181818182,0,2,completed,1
R000962,E0019,EV_036,2025-06-05,,completed,100,,5.0,self,Frontend Engineer,Junior,office,kk,2025-03-31,meetup,offline,2,False,66,1,0,0,0.25,0.25,0.25,0.25,0,0.5,0,0.5,39,0.6829268292682927,0,58,completed,1
R000963,E0068,EV_001,2025-06-05,2025-07-05,completed,100,77.0,,hr,Frontend Engineer,Middle,hybrid,kk,2025-06-02,compliance,self_paced,2,True,3,1,0,0,0.25,0.25,0.25,0.25,0,0.5,0,0.5,0,0.5,1,-1,not_training_eligible,
R000964,E0068,EV_002,2025-06-05,2025-07-05,completed,100,70.0,,hr,Frontend Engineer,Middle,hybrid,kk,2025-06-02,compliance,self_paced,2,True,3,1,0,0,0.25,0.25,0.25,0.25,0,0.5,0,0.5,0,0.5,1,-1,not_training_eligible,
R000965,E0068,EV_003,2025-06-05,2025-07-05,completed,100,97.0,,hr,Frontend Engineer,Middle,hybrid,kk,2025-06-02,compliance,self_paced,2,True,3,1,0,0,0.25,0.25,0.25,0.25,0,0.5,0,0.5,0,0.5,1,-1,not_training_eligible,
R000966,E0079,EV_039,2025-06-05,,completed,100,,1.0,self,Sales Manager,Junior,office,ru,2024-10-14,workshop,online,3,False,234,1,0,3,0.5714285714285714,0.14285714285714285,0.14285714285714285,0.14285714285714285,2,0.75,2,0.75,25,0.7777777777777778,0,3,completed,1
R000967,E0017,EV_036,2025-06-06,,completed,100,,4.0,self,Product Manager,Senior,office,ru,2019-02-26,meetup,offline,2,False,2292,1,0,3,0.5714285714285714,0.14285714285714285,0.14285714285714285,0.14285714285714285,1,0.6666666666666666,0,0.5,40,0.6904761904761905,0,4,completed,1
R000968,E0092,EV_010,2025-06-06,,completed,100,73.0,3.0,self,Backend Engineer,Middle,office,en,2024-10-11,course,online,20,False,238,1,0,0,0.25,0.25,0.25,0.25,0,0.5,0,0.5,7,0.6666666666666666,0,4,completed,1
R000969,E0115,EV_016,2025-06-06,,dropped,55,,,manager,Frontend Engineer,Junior,hybrid,ru,2025-02-12,workshop,online,4,False,114,1,0,0,0.25,0.25,0.25,0.25,0,0.5,0,0.5,12,0.7857142857142857,0,95,dropped,0
R000970,E0164,EV_039,2025-06-06,,completed,100,,,self,Backend Engineer,Middle,hybrid,ru,2022-08-26,workshop,online,3,False,1015,1,0,4,0.375,0.25,0.25,0.125,0,0.5,3,0.4,26,0.7857142857142857,0,4,completed,1
R000971,E0094,EV_008,2025-06-09,,completed,100,,4.0,manager,Sales Manager,Senior,hybrid,ru,2022-01-12,workshop,online,4,False,1244,1,0,3,0.42857142857142855,0.2857142857142857,0.14285714285714285,0.14285714285714285,3,0.6,2,0.5,32,0.8235294117647058,0,7,completed,1
R000972,E0105,EV_031,2025-06-09,,completed,100,,3.0,self,HR Business Partner,Senior,office,kk,2024-04-22,workshop,online,6,False,413,1,0,2,0.3333333333333333,0.3333333333333333,0.16666666666666666,0.16666666666666666,2,0.5,2,0.5,3,0.4,0,7,completed,1
R000973,E0130,EV_018,2025-06-09,,completed,100,98.0,5.0,self,QA Engineer,Middle,hybrid,kk,2024-11-18,course,online,24,False,203,1,0,0,0.25,0.25,0.25,0.25,0,0.5,0,0.5,6,0.5,0,7,completed,1
R000974,E0064,EV_036,2025-06-10,,completed,100,,4.0,manager,Backend Engineer,Senior,office,ru,2021-10-20,meetup,offline,2,False,1329,1,0,2,0.3333333333333333,0.3333333333333333,0.16666666666666666,0.16666666666666666,1,0.6666666666666666,0,0.5,41,0.6976744186046512,0,8,completed,1
R000975,E0026,EV_010,2025-06-11,,completed,100,91.0,4.0,self,Backend Engineer,Senior,hybrid,kk,2022-04-25,course,online,20,False,1143,1,0,1,0.4,0.2,0.2,0.2,0,0.5,0,0.5,8,0.7,0,9,completed,1
R000976,E0041,EV_038,2025-06-11,,dropped,15,,,manager,Product Manager,Senior,office,kk,2023-09-22,course,online,16,False,628,1,0,1,0.4,0.2,0.2,0.2,0,0.5,0,0.5,24,0.6923076923076923,0,9,dropped,0
R000977,E0115,EV_017,2025-06-11,,dropped,90,,3.0,manager,Frontend Engineer,Junior,hybrid,ru,2025-02-12,course,online,16,False,119,1,0,1,0.2,0.4,0.2,0.2,1,0.3333333333333333,0,0.5,5,0.5714285714285714,0,5,dropped,0
R000978,E0181,EV_016,2025-06-11,,completed,100,,,self,Product Manager,Senior,office,ru,2025-01-27,workshop,online,4,False,135,1,0,3,0.2857142857142857,0.14285714285714285,0.2857142857142857,0.2857142857142857,3,0.4,2,0.5,13,0.7333333333333333,0,7,completed,1
R000979,E0031,EV_004,2025-06-12,2025-06-20,completed,100,,3.0,hr,Customer Support Specialist,Middle,office,kk,2025-05-21,onboarding,offline,8,True,22,1,0,0,0.25,0.25,0.25,0.25,0,0.5,0,0.5,0,0.5,0,17,not_training_eligible,
R000980,E0059,EV_032,2025-06-12,,no_show,0,,,self,Sales Manager,Middle,remote,ru,2023-06-28,workshop,offline,8,False,715,1,0,6,0.4,0.2,0.3,0.1,2,0.25,4,0.5,11,0.8461538461538461,0,10,no_show,0
R000981,E0099,EV_031,2025-06-12,,completed,100,,3.0,manager,HR Business Partner,Middle,hybrid,ru,2022-05-17,workshop,online,6,False,1122,1,0,4,0.25,0.375,0.25,0.125,3,0.2,3,0.2,4,0.5,0,10,completed,1
R000982,E0118,EV_015,2025-06-12,,completed,100,67.0,,self,Frontend Engineer,Middle,hybrid,ru,2021-11-01,course,self_paced,6,False,1319,1,0,5,0.4444444444444444,0.2222222222222222,0.2222222222222222,0.1111111111111111,0,0.5,2,0.25,4,0.8333333333333334,0,10,completed,1
R000983,E0023,EV_008,2025-06-13,,completed,100,,5.0,manager,Backend Engineer,Junior,office,kk,2024-11-18,workshop,online,4,False,207,1,0,4,0.625,0.125,0.125,0.125,2,0.75,2,0.75,33,0.8285714285714286,0,11,completed,1
R000984,E0086,EV_004,2025-06-13,2025-06-25,completed,100,,,hr,Customer Support Specialist,Junior,office,kk,2025-05-26,onboarding,offline,8,True,18,1,0,0,0.25,0.25,0.25,0.25,0,0.5,0,0.5,0,0.5,0,15,not_training_eligible,
R000985,E0173,EV_038,2025-06-13,,completed,100,67.0,4.0,self,HR Business Partner,Senior,remote,kk,2019-04-25,course,online,16,False,2241,1,0,2,0.3333333333333333,0.16666666666666666,0.3333333333333333,0.16666666666666666,2,0.5,0,0.5,25,0.6666666666666666,0,11,completed,1
R000986,E0035,EV_038,2025-06-16,,no_show,0,,,hr,Customer Support Specialist,Lead,hybrid,ru,2021-08-26,course,online,16,False,1390,1,0,4,0.5,0.125,0.125,0.25,3,0.6,0,0.5,26,0.6785714285714286,0,14,no_show,0
R000987,E0040,EV_001,2025-06-16,2025-07-16,completed,100,81.0,,hr,Backend Engineer,Junior,office,ru,2025-06-13,compliance,self_paced,2,True,3,1,0,0,0.25,0.25,0.25,0.25,0,0.5,0,0.5,0,0.5,1,-1,not_training_eligible,
R000988,E0040,EV_002,2025-06-16,2025-07-16,completed,100,73.0,,hr,Backend Engineer,Junior,office,ru,2025-06-13,compliance,self_paced,2,True,3,1,0,0,0.25,0.25,0.25,0.25,0,0.5,0,0.5,0,0.5,1,-1,not_training_eligible,
R000989,E0040,EV_003,2025-06-16,2025-07-16,completed,100,91.0,,hr,Backend Engineer,Junior,office,ru,2025-06-13,compliance,self_paced,2,True,3,1,0,0,0.25,0.25,0.25,0.25,0,0.5,0,0.5,0,0.5,1,-1,not_training_eligible,
R000990,E0176,EV_023,2025-06-16,,completed,100,,5.0,self,Product Manager,Junior,hybrid,ru,2024-04-29,workshop,offline,6,False,413,2,1,5,0.5555555555555556,0.1111111111111111,0.1111111111111111,0.2222222222222222,3,0.6,4,0.6666666666666666,7,0.5555555555555556,0,14,completed,1
R000991,E0181,EV_026,2025-06-16,,completed,100,,,self,Product Manager,Senior,office,ru,2025-01-27,workshop,offline,8,False,140,1,0,4,0.375,0.125,0.25,0.25,0,0.5,3,0.6,6,0.875,0,5,completed,1
R000992,E0002,EV_008,2025-06-17,,completed,100,,5.0,self,Backend Engineer,Middle,remote,ru,2023-04-25,workshop,online,4,False,784,1,0,3,0.2857142857142857,0.42857142857142855,0.14285714285714285,0.14285714285714285,1,0.3333333333333333,1,0.3333333333333333,34,0.8333333333333334,0,15,completed,1
R000993,E0085,EV_024,2025-06-17,,dropped,35,,,self,Data Analyst,Lead,hybrid,ru,2018-05-23,course,self_paced,30,False,2582,1,0,2,0.5,0.16666666666666666,0.16666666666666666,0.16666666666666666,0,0.5,0,0.5,3,0.4,0,15,dropped,0
R000994,E0115,EV_013,2025-06-17,,completed,100,89.0,,self,Frontend Engineer,Junior,hybrid,ru,2025-02-12,course,online,12,False,125,1,0,2,0.16666666666666666,0.5,0.16666666666666666,0.16666666666666666,2,0.25,1,0.3333333333333333,4,0.3333333333333333,0,6,completed,1
R000995,E0123,EV_036,2025-06-17,,completed,100,,5.0,self,Frontend Engineer,Senior,hybrid,kk,2021-04-15,meetup,offline,2,False,1524,2,1,6,0.4,0.2,0.2,0.2,2,0.75,1,0.6666666666666666,42,0.7045454545454546,0,15,completed,1
R000996,E0176,EV_036,2025-06-17,,completed,100,,,self,Product Manager,Junior,hybrid,ru,2024-04-29,meetup,offline,2,False,414,1,0,6,0.6,0.1,0.1,0.2,4,0.6666666666666666,0,0.5,42,0.7045454545454546,0,1,completed,1
R000997,E0080,EV_022,2025-06-18,,completed,100,91.0,4.0,manager,Data Analyst,Senior,hybrid,ru,2018-08-15,course,online,12,False,2499,1,0,4,0.25,0.375,0.25,0.125,1,0.3333333333333333,3,0.2,5,0.7142857142857143,0,16,completed,1
R000998,E0085,EV_038,2025-06-18,,completed,100,67.0,,hr,Data Analyst,Lead,hybrid,ru,2018-05-23,course,online,16,False,2583,1,0,3,0.42857142857142855,0.2857142857142857,0.14285714285714285,0.14285714285714285,1,0.6666666666666666,1,0.3333333333333333,27,0.6551724137931034,0,1,completed,1
R000999,E0177,EV_040,2025-06-18,,no_show,0,,,hr,Customer Support Specialist,Middle,office,ru,2024-08-12,workshop,offline,4,False,310,1,0,3,0.2857142857142857,0.14285714285714285,0.2857142857142857,0.2857142857142857,0,0.5,1,0.3333333333333333,45,0.6808510638297872,0,16,no_show,0
R001000,E0012,EV_036,2025-06-19,,completed,100,,5.0,self,Sales Manager,Middle,hybrid,ru,2022-01-19,meetup,offline,2,False,1247,1,0,1,0.4,0.2,0.2,0.2,0,0.5,0,0.5,44,0.717391304347826,0,17,completed,1
R001001,E0026,EV_009,2025-06-19,,dropped,15,,,self,Backend Engineer,Senior,hybrid,kk,2022-04-25,certification,self_paced,40,False,1151,1,0,2,0.5,0.16666666666666666,0.16666666666666666,0.16666666666666666,0,0.5,0,0.5,16,0.6111111111111112,0,8,dropped,0
R001002,E0068,EV_004,2025-06-19,2025-07-02,completed,100,,4.0,hr,Frontend Engineer,Middle,hybrid,kk,2025-06-02,onboarding,offline,8,True,17,1,0,0,0.25,0.25,0.25,0.25,0,0.5,0,0.5,0,0.5,0,14,not_training_eligible,
R001003,E0100,EV_026,2025-06-19,,dropped,50,,,self,Product Manager,Junior,office,ru,2024-11-18,workshop,offline,8,False,213,1,0,1,0.2,0.4,0.2,0.2,1,0.3333333333333333,1,0.3333333333333333,7,0.8888888888888888,0,17,dropped,0
R001004,E0107,EV_036,2025-06-19,,completed,100,,5.0,self,Product Manager,Middle,office,ru,2022-04-25,meetup,offline,2,False,1151,1,0,3,0.5714285714285714,0.14285714285714285,0.14285714285714285,0.14285714285714285,0,0.5,0,0.5,44,0.717391304347826,0,17,completed,1
R001005,E0127,EV_010,2025-06-19,,completed,100,75.0,5.0,self,Backend Engineer,Middle,remote,kk,2022-06-29,course,online,20,False,1086,1,0,2,0.3333333333333333,0.16666666666666666,0.3333333333333333,0.16666666666666666,1,0.3333333333333333,0,0.5,9,0.7272727272727273,0,17,completed,1
R001006,E0147,EV_016,2025-06-19,,completed,100,,,self,Frontend Engineer,Middle,office,ru,2024-05-27,workshop,online,4,False,388,1,0,3,0.5714285714285714,0.14285714285714285,0.14285714285714285,0.14285714285714285,0,0.5,2,0.75,14,0.75,0,17,completed,1
R001007,E0189,EV_038,2025-06-20,,completed,100,66.0,5.0,manager,QA Engineer,Senior,office,ru,2019-11-18,course,online,16,False,2041,1,0,3,0.5714285714285714,0.14285714285714285,0.14285714285714285,0.14285714285714285,2,0.75,1,0.6666666666666666,28,0.6666666666666666,0,18,completed,1
R001008,E0037,EV_008,2025-06-23,,completed,100,,5.0,self,Frontend Engineer,Junior,remote,ru,2024-11-11,workshop,online,4,False,224,1,0,2,0.5,0.16666666666666666,0.16666666666666666,0.16666666666666666,2,0.75,1,0.6666666666666666,35,0.8378378378378378,0,21,completed,1
R001009,E0132,EV_022,2025-06-23,,completed,100,85.0,5.0,manager,Data Analyst,Senior,remote,en,2019-08-02,course,online,12,False,2152,2,1,2,0.3333333333333333,0.16666666666666666,0.3333333333333333,0.16666666666666666,2,0.5,1,0.3333333333333333,6,0.75,0,21,completed,1
R001010,E0162,EV_022,2025-06-23,,completed,100,95.0,3.0,manager,Data Analyst,Middle,hybrid,kk,2024-01-15,course,online,12,False,525,1,0,3,0.42857142857142855,0.14285714285714285,0.2857142857142857,0.14285714285714285,1,0.6666666666666666,0,0.5,6,0.75,0,21,completed,1
R001011,E0035,EV_035,2025-06-24,,completed,100,99.0,5.0,manager,Customer Support Specialist,Lead,hybrid,ru,2021-08-26,course,online,16,False,1398,1,0,5,0.4444444444444444,0.1111111111111111,0.2222222222222222,0.2222222222222222,4,0.5,1,0.3333333333333333,10,0.5,0,8,completed,1
R001012,E0132,EV_038,2025-06-24,,completed,100,68.0,3.0,self,Data Analyst,Senior,remote,en,2019-08-02,course,online,16,False,2153,1,0,3,0.42857142857142855,0.14285714285714285,0.2857142857142857,0.14285714285714285,3,0.6,2,0.5,29,0.6774193548387096,0,1,completed,1
R001013,E0164,EV_006,2025-06-24,,completed,100,,5.0,hr,Backend Engineer,Middle,hybrid,ru,2022-08-26,workshop,offline,12,False,1033,2,1,5,0.4444444444444444,0.2222222222222222,0.2222222222222222,0.1111111111111111,4,0.5,4,0.5,8,0.5,0,18,completed,1
R001014,E0123,EV_036,2025-06-25,,no_show,0,,,self,Frontend Engineer,Senior,hybrid,kk,2021-04-15,meetup,offline,2,False,1532,3,2,7,0.45454545454545453,0.18181818181818182,0.18181818181818182,0.18181818181818182,3,0.8,2,0.75,46,0.7291666666666666,0,8,no_show,0
R001015,E0023,EV_036,2025-06-27,,completed,100,,3.0,self,Backend Engineer,Junior,office,kk,2024-11-18,meetup,offline,2,False,221,1,0,5,0.6666666666666666,0.1111111111111111,0.1111111111111111,0.1111111111111111,1,0.6666666666666666,0,0.5,47,0.7142857142857143,0,14,completed,1
R001016,E0037,EV_013,2025-06-27,,no_show,0,,,self,Frontend Engineer,Junior,remote,ru,2024-11-11,course,online,12,False,228,1,0,3,0.5714285714285714,0.14285714285714285,0.14285714285714285,0.14285714285714285,3,0.8,1,0.6666666666666666,5,0.42857142857142855,0,4,no_show,0
R001017,E0090,EV_001,2025-06-27,2025-07-27,completed,100,81.0,,hr,Data Analyst,Middle,office,ru,2025-06-24,compliance,self_paced,2,True,3,1,0,0,0.25,0.25,0.25,0.25,0,0.5,0,0.5,0,0.5,1,-1,not_training_eligible,
R001018,E0090,EV_002,2025-06-27,2025-07-27,completed,100,78.0,,hr,Data Analyst,Middle,office,ru,2025-06-24,compliance,self_paced,2,True,3,1,0,0,0.25,0.25,0.25,0.25,0,0.5,0,0.5,0,0.5,1,-1,not_training_eligible,
R001019,E0090,EV_003,2025-06-27,2025-07-27,completed,100,86.0,,hr,Data Analyst,Middle,office,ru,2025-06-24,compliance,self_paced,2,True,3,1,0,0,0.25,0.25,0.25,0.25,0,0.5,0,0.5,0,0.5,1,-1,not_training_eligible,
R001020,E0158,EV_038,2025-06-27,,completed,100,92.0,,hr,Sales Manager,Senior,office,kk,2018-08-27,course,online,16,False,2496,1,0,4,0.25,0.125,0.25,0.375,3,0.4,1,0.3333333333333333,30,0.6875,0,25,completed,1
R001021,E0170,EV_039,2025-06-27,,declined,0,,,manager,Frontend Engineer,Middle,hybrid,ru,2025-04-24,workshop,online,3,False,64,1,0,1,0.2,0.4,0.2,0.2,1,0.3333333333333333,0,0.5,27,0.7931034482758621,0,29,declined,0
R001022,E0179,EV_019,2025-06-27,,completed,100,,4.0,self,QA Engineer,Lead,hybrid,ru,2020-01-30,workshop,offline,8,False,1975,2,1,3,0.42857142857142855,0.14285714285714285,0.14285714285714285,0.2857142857142857,2,0.5,2,0.5,12,0.35714285714285715,0,25,completed,1
R001023,E0194,EV_038,2025-06-27,,no_show,0,,,self,Frontend Engineer,Senior,remote,ru,2021-07-14,course,online,16,False,1444,1,0,2,0.5,0.16666666666666666,0.16666666666666666,0.16666666666666666,1,0.6666666666666666,0,0.5,30,0.6875,0,25,no_show,0
R001024,E0048,EV_023,2025-06-30,,completed,100,,4.0,manager,Data Analyst,Middle,hybrid,kk,2024-11-22,workshop,offline,6,False,220,1,0,1,0.2,0.4,0.2,0.2,0,0.5,0,0.5,8,0.6,0,28,completed,1
R001025,E0070,EV_037,2025-06-30,,completed,100,,3.0,self,Customer Support Specialist,Senior,hybrid,kk,2022-11-30,mentoring,online,12,False,943,2,1,3,0.42857142857142855,0.14285714285714285,0.14285714285714285,0.2857142857142857,3,0.6,1,0.3333333333333333,39,0.7317073170731707,0,28,completed,1
R001026,E0099,EV_034,2025-06-30,,completed,100,,3.0,self,HR Business Partner,Middle,hybrid,ru,2022-05-17,workshop,online,4,False,1140,2,1,5,0.3333333333333333,0.3333333333333333,0.2222222222222222,0.1111111111111111,4,0.3333333333333333,4,0.3333333333333333,22,0.625,0,18,completed,1
R001027,E0130,EV_035,2025-06-30,,completed,100,67.0,,self,QA Engineer,Middle,hybrid,kk,2024-11-18,course,online,16,False,224,1,0,1,0.4,0.2,0.2,0.2,1,0.6666666666666666,1,0.6666666666666666,11,0.5384615384615384,0,21,completed,1
R001028,E0133,EV_029,2025-06-30,,dropped,50,,1.0,manager,HR Business Partner,Lead,office,ru,2019-08-23,course,self_paced,12,False,2138,1,0,3,0.42857142857142855,0.2857142857142857,0.14285714285714285,0.14285714285714285,0,0.5,0,0.5,2,0.5,0,28,dropped,0
R001029,E0148,EV_036,2025-06-30,,completed,100,,4.0,self,Sales Manager,Lead,office,kk,2020-08-18,meetup,offline,2,False,1777,1,0,4,0.5,0.125,0.25,0.125,1,0.6666666666666666,0,0.5,48,0.72,0,28,completed,1
R001030,E0150,EV_009,2025-06-30,,declined,0,,,manager,Backend Engineer,Middle,office,ru,2023-07-03,certification,self_paced,40,False,728,1,0,5,0.6666666666666666,0.1111111111111111,0.1111111111111111,0.1111111111111111,1,0.6666666666666666,0,0.5,17,0.5789473684210527,0,28,declined,0
R001031,E0143,EV_036,2025-07-01,,no_show,0,,,self,Customer Support Specialist,Middle,office,kk,2023-08-15,meetup,offline,2,False,686,1,0,1,0.2,0.4,0.2,0.2,0,0.5,0,0.5,49,0.7254901960784313,0,29,no_show,0
R001032,E0165,EV_023,2025-07-01,,dropped,60,,,self,Product Manager,Junior,office,ru,2024-08-30,workshop,offline,6,False,305,1,0,2,0.5,0.16666666666666666,0.16666666666666666,0.16666666666666666,2,0.75,1,0.6666666666666666,9,0.6363636363636364,0,29,dropped,0
R001033,E0196,EV_040,2025-07-01,,completed,100,,,self,Backend Engineer,Junior,hybrid,ru,2025-02-26,workshop,offline,4,False,125,1,0,0,0.25,0.25,0.25,0.25,0,0.5,0,0.5,46,0.6666666666666666,0,103,completed,1
R001034,E0029,EV_034,2025-07-02,,completed,100,,4.0,self,Customer Support Specialist,Senior,hybrid,kk,2025-03-13,workshop,online,4,False,111,1,0,0,0.25,0.25,0.25,0.25,0,0.5,0,0.5,23,0.64,0,86,completed,1
R001035,E0085,EV_025,2025-07-02,,completed,100,68.0,5.0,self,Data Analyst,Lead,hybrid,ru,2018-05-23,course,online,10,False,2597,1,0,4,0.5,0.25,0.125,0.125,2,0.75,2,0.5,6,0.75,0,14,completed,1
R001036,E0133,EV_039,2025-07-02,,completed,100,,4.0,self,HR Business Partner,Lead,office,ru,2019-08-23,workshop,online,3,False,2140,1,0,4,0.375,0.375,0.125,0.125,3,0.6,3,0.6,28,0.7666666666666667,0,2,completed,1
R001037,E0027,EV_037,2025-07-03,,completed,100,,,self,HR Business Partner,Middle,remote,ru,2025-03-18,mentoring,online,12,False,107,1,0,0,0.25,0.25,0.25,0.25,0,0.5,0,0.5,40,0.7380952380952381,0,94,completed,1
R001038,E0036,EV_001,2025-07-03,2025-08-02,completed,100,73.0,,hr,Frontend Engineer,Junior,remote,ru,2025-06-30,compliance,self_paced,2,True,3,1,0,0,0.25,0.25,0.25,0.25,0,0.5,0,0.5,0,0.5,1,-1,not_training_eligible,
R001039,E0036,EV_002,2025-07-03,2025-08-02,completed,100,84.0,,hr,Frontend Engineer,Junior,remote,ru,2025-06-30,compliance,self_paced,2,True,3,1,0,0,0.25,0.25,0.25,0.25,0,0.5,0,0.5,0,0.5,1,-1,not_training_eligible,
R001040,E0036,EV_003,2025-07-03,2025-08-02,completed,100,77.0,,hr,Frontend Engineer,Junior,remote,ru,2025-06-30,compliance,self_paced,2,True,3,1,0,0,0.25,0.25,0.25,0.25,0,0.5,0,0.5,0,0.5,1,-1,not_training_eligible,
R001041,E0083,EV_034,2025-07-03,,completed,100,,3.0,self,Customer Support Specialist,Senior,hybrid,ru,2025-01-30,workshop,online,4,False,154,1,0,0,0.25,0.25,0.25,0.25,0,0.5,0,0.5,24,0.6538461538461539,0,129,completed,1
R001042,E0173,EV_029,2025-07-03,,completed,100,94.0,4.0,self,HR Business Partner,Senior,remote,kk,2019-04-25,course,self_paced,12,False,2261,1,0,3,0.42857142857142855,0.14285714285714285,0.2857142857142857,0.14285714285714285,0,0.5,1,0.6666666666666666,3,0.4,0,20,completed,1
R001043,E0184,EV_010,2025-07-03,,dropped,35,,2.0,self,Backend Engineer,Middle,office,ru,2024-10-30,course,online,20,False,246,2,1,2,0.3333333333333333,0.16666666666666666,0.16666666666666666,0.3333333333333333,2,0.5,2,0.5,10,0.75,0,31,dropped,0
R001044,E0046,EV_040,2025-07-04,,completed,100,,3.0,self,Sales Manager,Middle,hybrid,ru,2024-02-26,workshop,offline,4,False,494,1,0,5,0.4444444444444444,0.3333333333333333,0.1111111111111111,0.1111111111111111,2,0.5,2,0.25,47,0.673469387755102,0,32,completed,1
R001045,E0187,EV_008,2025-07-04,,completed,100,,2.0,self,Data Analyst,Junior,office,ru,2024-03-25,workshop,online,4,False,466,1,0,2,0.16666666666666666,0.3333333333333333,0.16666666666666666,0.3333333333333333,1,0.3333333333333333,1,0.3333333333333333,36,0.8421052631578947,0,32,completed,1
R001046,E0195,EV_016,2025-07-04,,no_show,0,,,manager,Product Manager,Middle,office,kk,2025-04-21,workshop,online,4,False,74,1,0,1,0.2,0.2,0.4,0.2,1,0.3333333333333333,0,0.5,15,0.7647058823529411,0,32,no_show,0
R001047,E0040,EV_004,2025-07-07,2025-07-13,completed,100,,,hr,Backend Engineer,Junior,office,ru,2025-06-13,onboarding,offline,8,True,24,1,0,0,0.25,0.25,0.25,0.25,0,0.5,0,0.5,0,0.5,0,21,not_training_eligible,
R001048,E0090,EV_004,2025-07-07,2025-07-24,completed,100,,5.0,hr,Data Analyst,Middle,office,ru,2025-06-24,onboarding,offline,8,True,13,1,0,0,0.25,0.25,0.25,0.25,0,0.5,0,0.5,0,0.5,0,10,not_training_eligible,
R001049,E0153,EV_036,2025-07-07,,no_show,0,,,self,Sales Manager,Middle,office,ru,2022-10-17,meetup,offline,2,False,994,1,0,4,0.625,0.125,0.125,0.125,1,0.6666666666666666,0,0.5,50,0.7115384615384616,0,35,no_show,0
R001050,E0042,EV_040,2025-07-08,,no_show,0,,,self,Frontend Engineer,Junior,hybrid,ru,2024-08-21,workshop,offline,4,False,321,1,0,1,0.4,0.2,0.2,0.2,1,0.6666666666666666,0,0.5,48,0.68,0,36,no_show,0
R001051,E0114,EV_034,2025-07-08,,completed,100,,4.0,self,Customer Support Specialist,Junior,hybrid,en,2024-11-14,workshop,online,4,False,236,1,0,0,0.25,0.25,0.25,0.25,0,0.5,0,0.5,25,0.6666666666666666,0,36,completed,1
R001052,E0059,EV_036,2025-07-09,,completed,100,,,self,Sales Manager,Middle,remote,ru,2023-06-28,meetup,offline,2,False,742,1,0,7,0.36363636363636365,0.18181818181818182,0.36363636363636365,0.09090909090909091,3,0.2,0,0.5,51,0.6981132075471698,0,27,completed,1
R001053,E0062,EV_033,2025-07-09,,completed,100,87.0,,self,Sales Manager,Middle,office,ru,2022-06-22,course,online,10,False,1113,1,0,4,0.625,0.125,0.125,0.125,3,0.8,0,0.5,7,0.6666666666666666,0,37,completed,1
R001054,E0139,EV_039,2025-07-09,,completed,100,,4.0,self,Customer Support Specialist,Senior,office,kk,2025-03-25,workshop,online,3,False,106,1,0,0,0.25,0.25,0.25,0.25,0,0.5,0,0.5,29,0.7741935483870968,0,85,completed,1
R001055,E0191,EV_008,2025-07-10,,declined,0,,,hr,Sales Manager,Middle,office,ru,2022-03-15,workshop,online,4,False,1213,1,0,1,0.4,0.2,0.2,0.2,0,0.5,0,0.5,37,0.8461538461538461,0,38,declined,0
R001056,E0195,EV_027,2025-07-10,,dropped,40,,3.0,self,Product Manager,Middle,office,kk,2025-04-21,workshop,online,6,False,80,1,0,2,0.16666666666666666,0.16666666666666666,0.5,0.16666666666666666,2,0.25,1,0.3333333333333333,8,0.7,0,6,dropped,0
R001057,E0067,EV_013,2025-07-11,,completed,100,80.0,2.0,self,Frontend Engineer,Middle,hybrid,ru,2024-10-16,course,online,12,False,268,1,0,1,0.4,0.2,0.2,0.2,0,0.5,0,0.5,6,0.375,0,39,completed,1
R001058,E0088,EV_038,2025-07-11,,completed,100,87.0,4.0,self,Backend Engineer,Senior,remote,kk,2019-04-22,course,online,16,False,2272,1,0,3,0.5714285714285714,0.14285714285714285,0.14285714285714285,0.14285714285714285,2,0.75,1,0.6666666666666666,32,0.6764705882352942,0,39,completed,1
R001059,E0011,EV_025,2025-07-14,,no_show,0,,,self,Data Analyst,Senior,office,kk,2021-01-11,course,online,10,False,1645,1,0,3,0.5714285714285714,0.14285714285714285,0.14285714285714285,0.14285714285714285,3,0.8,1,0.6666666666666666,7,0.7777777777777778,0,42,no_show,0
R001060,E0180,EV_040,2025-07-14,,completed,100,,4.0,manager,Customer Support Specialist,Lead,hybrid,kk,2020-05-14,workshop,offline,4,False,1887,1,0,4,0.625,0.125,0.125,0.125,0,0.5,2,0.75,49,0.6666666666666666,0,42,completed,1
R001061,E0037,EV_040,2025-07-15,,no_show,0,,,manager,Frontend Engineer,Junior,remote,ru,2024-11-11,workshop,offline,4,False,246,1,0,4,0.5,0.125,0.25,0.125,0,0.5,2,0.75,50,0.6730769230769231,0,18,no_show,0
R001062,E0054,EV_037,2025-07-15,,completed,100,,,self,Data Analyst,Senior,hybrid,kk,2022-11-30,mentoring,online,12,False,958,1,0,3,0.42857142857142855,0.14285714285714285,0.14285714285714285,0.2857142857142857,2,0.75,0,0.5,41,0.7441860465116279,0,43,completed,1
R001063,E0176,EV_027,2025-07-15,,completed,100,,,self,Product Manager,Junior,hybrid,ru,2024-04-29,workshop,online,6,False,442,1,0,7,0.6363636363636364,0.09090909090909091,0.09090909090909091,0.18181818181818182,2,0.75,5,0.7142857142857143,9,0.6363636363636364,0,28,completed,1
R001064,E0017,EV_037,2025-07-16,,completed,100,,5.0,self,Product Manager,Senior,office,ru,2019-02-26,mentoring,online,12,False,2332,1,0,4,0.625,0.125,0.125,0.125,2,0.75,0,0.5,42,0.75,0,40,completed,1
R001065,E0041,EV_020,2025-07-16,,declined,0,,,hr,Product Manager,Senior,office,kk,2023-09-22,course,self_paced,40,False,663,1,0,2,0.3333333333333333,0.3333333333333333,0.16666666666666666,0.16666666666666666,0,0.5,1,0.3333333333333333,2,0.5,0,35,declined,0
R001066,E0005,EV_036,2025-07-17,,completed,100,,4.0,manager,Backend Engineer,Middle,hybrid,kk,2024-06-12,meetup,offline,2,False,400,2,1,8,0.5,0.16666666666666666,0.16666666666666666,0.16666666666666666,4,0.6666666666666666,1,0.6666666666666666,52,0.7037037037037037,0,45,completed,1
R001067,E0150,EV_009,2025-07-17,,completed,100,74.0,4.0,self,Backend Engineer,Middle,office,ru,2023-07-03,certification,self_paced,40,False,745,2,1,6,0.6,0.1,0.1,0.2,2,0.5,1,0.3333333333333333,18,0.55,0,17,completed,1
R001068,E0197,EV_018,2025-07-17,,completed,100,78.0,5.0,self,QA Engineer,Middle,hybrid,ru,2022-08-15,course,online,24,False,1067,2,1,4,0.375,0.25,0.25,0.125,2,0.5,1,0.3333333333333333,7,0.5555555555555556,0,45,completed,1
R001069,E0200,EV_001,2025-07-17,2025-08-16,completed,100,73.0,,hr,Backend Engineer,Junior,hybrid,ru,2025-07-14,compliance,self_paced,2,True,3,1,0,0,0.25,0.25,0.25,0.25,0,0.5,0,0.5,0,0.5,1,-1,not_training_eligible,
R001070,E0200,EV_002,2025-07-17,2025-08-16,completed,100,86.0,,hr,Backend Engineer,Junior,hybrid,ru,2025-07-14,compliance,self_paced,2,True,3,1,0,0,0.25,0.25,0.25,0.25,0,0.5,0,0.5,0,0.5,1,-1,not_training_eligible,
R001071,E0200,EV_003,2025-07-17,2025-08-16,completed,100,77.0,,hr,Backend Engineer,Junior,hybrid,ru,2025-07-14,compliance,self_paced,2,True,3,1,0,0,0.25,0.25,0.25,0.25,0,0.5,0,0.5,0,0.5,1,-1,not_training_eligible,
R001072,E0081,EV_034,2025-07-18,,completed,100,,4.0,hr,Customer Support Specialist,Middle,hybrid,kk,2023-12-29,workshop,online,4,False,567,2,1,2,0.16666666666666666,0.3333333333333333,0.3333333333333333,0.16666666666666666,2,0.25,1,0.3333333333333333,26,0.6785714285714286,0,46,completed,1
R001073,E0036,EV_004,2025-07-21,2025-07-30,completed,100,,4.0,hr,Frontend Engineer,Junior,remote,ru,2025-06-30,onboarding,offline,8,True,21,1,0,0,0.25,0.25,0.25,0.25,0,0.5,0,0.5,0,0.5,0,18,not_training_eligible,
R001074,E0040,EV_005,2025-07-21,,completed,100,90.0,4.0,self,Backend Engineer,Junior,office,ru,2025-06-13,course,online,16,False,38,1,0,0,0.25,0.25,0.25,0.25,0,0.5,0,0.5,14,0.4375,0,14,completed,1
R001075,E0057,EV_038,2025-07-21,,completed,100,97.0,1.0,self,Sales Manager,Senior,hybrid,kk,2023-10-19,course,online,16,False,641,2,1,5,0.5555555555555556,0.1111111111111111,0.2222222222222222,0.1111111111111111,4,0.6666666666666666,2,0.5,33,0.6857142857142857,0,49,completed,1
R001076,E0015,EV_009,2025-07-22,,completed,100,64.0,5.0,manager,Frontend Engineer,Middle,office,ru,2024-03-20,certification,self_paced,40,False,489,1,0,2,0.3333333333333333,0.16666666666666666,0.3333333333333333,0.16666666666666666,0,0.5,0,0.5,19,0.5714285714285714,0,50,completed,1
R001077,E0032,EV_008,2025-07-22,,completed,100,,3.0,self,Data Analyst,Junior,hybrid,kk,2024-07-18,workshop,online,4,False,369,1,0,1,0.4,0.2,0.2,0.2,0,0.5,1,0.6666666666666666,38,0.825,0,50,completed,1
R001078,E0043,EV_013,2025-07-22,,completed,100,90.0,,self,Frontend Engineer,Senior,hybrid,ru,2021-08-13,course,online,12,False,1439,1,0,4,0.625,0.125,0.125,0.125,3,0.8,2,0.75,7,0.4444444444444444,0,48,completed,1
R001079,E0048,EV_021,2025-07-22,,declined,0,,,manager,Data Analyst,Middle,hybrid,kk,2024-11-22,workshop,online,6,False,242,1,0,2,0.3333333333333333,0.3333333333333333,0.16666666666666666,0.16666666666666666,0,0.5,1,0.6666666666666666,7,0.5555555555555556,0,22,declined,0
R001080,E0083,EV_008,2025-07-22,,dropped,60,,,self,Customer Support Specialist,Senior,hybrid,ru,2025-01-30,workshop,online,4,False,173,1,0,1,0.4,0.2,0.2,0.2,1,0.6666666666666666,1,0.6666666666666666,38,0.825,0,19,dropped,0
R001081,E0133,EV_040,2025-07-22,,completed,100,,4.0,self,HR Business Partner,Lead,office,ru,2019-08-23,workshop,offline,4,False,2160,1,0,5,0.4444444444444444,0.3333333333333333,0.1111111111111111,0.1111111111111111,0,0.5,4,0.6666666666666666,51,0.660377358490566,0,20,completed,1
R001082,E0197,EV_039,2025-07-22,,no_show,0,,,self,QA Engineer,Middle,hybrid,ru,2022-08-15,workshop,online,3,False,1072,1,0,5,0.4444444444444444,0.2222222222222222,0.2222222222222222,0.1111111111111111,3,0.6,3,0.6,30,0.78125,0,5,no_show,0
R001083,E0044,EV_038,2025-07-23,,no_show,0,,,manager,Frontend Engineer,Lead,office,kk,2022-10-17,course,online,16,False,1010,1,0,2,0.5,0.16666666666666666,0.16666666666666666,0.16666666666666666,1,0.6666666666666666,0,0.5,34,0.6944444444444444,0,51,no_show,0
R001084,E0148,EV_034,2025-07-23,,completed,100,,5.0,self,Sales Manager,Lead,office,kk,2020-08-18,workshop,online,4,False,1800,1,0,5,0.5555555555555556,0.1111111111111111,0.2222222222222222,0.1111111111111111,3,0.6,2,0.75,27,0.6896551724137931,0,23,completed,1
R001085,E0169,EV_038,2025-07-23,,dropped,45,,,self,Sales Manager,Lead,office,kk,2020-04-29,course,online,16,False,1911,1,0,7,0.5454545454545454,0.09090909090909091,0.18181818181818182,0.18181818181818182,2,0.75,0,0.5,34,0.6944444444444444,0,51,dropped,0
R001086,E0172,EV_030,2025-07-23,,completed,100,,,self,HR Business Partner,Senior,remote,ru,2018-08-27,workshop,online,4,False,2522,1,0,2,0.5,0.16666666666666666,0.16666666666666666,0.16666666666666666,2,0.75,1,0.6666666666666666,3,0.6,0,51,completed,1
R001087,E0025,EV_021,2025-07-24,,completed,100,,1.0,self,Data Analyst,Junior,office,kk,2024-04-22,workshop,online,6,False,458,1,0,1,0.4,0.2,0.2,0.2,1,0.6666666666666666,1,0.6666666666666666,8,0.5,0,52,completed,1
R001088,E0029,EV_039,2025-07-24,,completed,100,,,self,Customer Support Specialist,Senior,hybrid,kk,2025-03-13,workshop,online,3,False,133,1,0,1,0.4,0.2,0.2,0.2,1,0.6666666666666666,1,0.6666666666666666,31,0.7575757575757576,0,22,completed,1
R001089,E0107,EV_026,2025-07-24,,dropped,25,,,hr,Product Manager,Middle,office,ru,2022-04-25,workshop,offline,8,False,1186,1,0,4,0.625,0.125,0.125,0.125,1,0.6666666666666666,3,0.8,8,0.8,0,35,dropped,0
R001090,E0150,EV_006,2025-07-24,,completed,100,,,self,Backend Engineer,Middle,office,ru,2023-07-03,workshop,offline,12,False,752,1,0,7,0.6363636363636364,0.09090909090909091,0.09090909090909091,0.18181818181818182,2,0.75,3,0.8,9,0.5454545454545454,0,7,completed,1
R001091,E0140,EV_007,2025-07-25,,completed,100,,,self,Backend Engineer,Middle,office,ru,2024-06-21,mentoring,online,8,False,399,1,0,6,0.3,0.5,0.1,0.1,4,0.3333333333333333,1,0.3333333333333333,7,0.5555555555555556,0,53,completed,1
R001092,E0196,EV_012,2025-07-25,,declined,0,,,hr,Backend Engineer,Junior,hybrid,ru,2025-02-26,course,self_paced,24,False,149,1,0,1,0.4,0.2,0.2,0.2,0,0.5,0,0.5,8,0.6,0,24,declined,0
R001093,E0047,EV_039,2025-07-28,,completed,100,,,self,Backend Engineer,Middle,office,ru,2022-12-22,workshop,online,3,False,949,1,0,6,0.5,0.3,0.1,0.1,2,0.75,2,0.25,32,0.7647058823529411,0,56,completed,1
R001094,E0060,EV_027,2025-07-28,,declined,0,,,manager,Product Manager,Lead,office,kk,2021-10-18,workshop,online,6,False,1379,1,0,3,0.5714285714285714,0.14285714285714285,0.14285714285714285,0.14285714285714285,0,0.5,3,0.8,10,0.6666666666666666,0,56,declined,0
R001095,E0160,EV_034,2025-07-28,,completed,100,,5.0,self,Customer Support Specialist,Junior,hybrid,ru,2024-11-13,workshop,online,4,False,257,1,0,4,0.625,0.125,0.125,0.125,3,0.8,3,0.8,28,0.7,0,56,completed,1
R001096,E0166,EV_039,2025-07-28,,completed,100,,5.0,self,Sales Manager,Senior,office,kk,2025-02-21,workshop,online,3,False,157,1,0,2,0.5,0.16666666666666666,0.16666666666666666,0.16666666666666666,1,0.6666666666666666,1,0.6666666666666666,32,0.7647058823529411,0,89,completed,1
R001097,E0028,EV_007,2025-07-29,,completed,100,,3.0,self,Backend Engineer,Middle,hybrid,kk,2022-05-23,mentoring,online,8,False,1163,2,1,1,0.2,0.2,0.4,0.2,1,0.3333333333333333,1,0.3333333333333333,8,0.6,0,57,completed,1
R001098,E0114,EV_008,2025-07-29,,declined,0,,,manager,Customer Support Specialist,Junior,hybrid,en,2024-11-14,workshop,online,4,False,257,1,0,1,0.4,0.2,0.2,0.2,1,0.6666666666666666,1,0.6666666666666666,40,0.8095238095238095,0,21,declined,0
R001099,E0007,EV_040,2025-07-30,,completed,100,,4.0,self,Backend Engineer,Senior,office,kk,2018-10-26,workshop,offline,4,False,2469,1,0,4,0.5,0.125,0.25,0.125,0,0.5,0,0.5,52,0.6666666666666666,0,58,completed,1
R001100,E0165,EV_040,2025-07-30,,dropped,45,,,manager,Product Manager,Junior,office,ru,2024-08-30,workshop,offline,4,False,334,1,0,3,0.42857142857142855,0.2857142857142857,0.14285714285714285,0.14285714285714285,3,0.6,2,0.5,52,0.6666666666666666,0,29,dropped,0
R001101,E0189,EV_040,2025-07-30,,completed,100,,,hr,QA Engineer,Senior,office,ru,2019-11-18,workshop,offline,4,False,2081,1,0,4,0.625,0.125,0.125,0.125,0,0.5,1,0.6666666666666666,52,0.6666666666666666,0,40,completed,1
R001102,E0017,EV_023,2025-07-31,,completed,100,,3.0,manager,Product Manager,Senior,office,ru,2019-02-26,workshop,offline,6,False,2347,1,0,5,0.6666666666666666,0.1111111111111111,0.1111111111111111,0.1111111111111111,2,0.75,2,0.75,10,0.5833333333333334,0,15,completed,1
R001103,E0059,EV_036,2025-07-31,,completed,100,,3.0,manager,Sales Manager,Middle,remote,ru,2023-06-28,meetup,offline,2,False,764,2,1,8,0.4166666666666667,0.16666666666666666,0.3333333333333333,0.08333333333333333,4,0.3333333333333333,1,0.6666666666666666,53,0.7090909090909091,0,22,completed,1
R001104,E0195,EV_027,2025-08-01,,dropped,30,,1.0,self,Product Manager,Middle,office,kk,2025-04-21,workshop,online,6,False,102,2,1,3,0.14285714285714285,0.2857142857142857,0.42857142857142855,0.14285714285714285,3,0.2,2,0.25,11,0.6153846153846154,0,22,dropped,0
R001105,E0034,EV_001,2025-08-04,2025-09-03,completed,100,75.0,,hr,Data Analyst,Junior,office,kk,2025-08-01,compliance,self_paced,2,True,3,1,0,0,0.25,0.25,0.25,0.25,0,0.5,0,0.5,0,0.5,1,-1,not_training_eligible,
R001106,E0034,EV_002,2025-08-04,2025-09-03,completed,100,79.0,,hr,Data Analyst,Junior,office,kk,2025-08-01,compliance,self_paced,2,True,3,1,0,0,0.25,0.25,0.25,0.25,0,0.5,0,0.5,0,0.5,1,-1,not_training_eligible,
R001107,E0034,EV_003,2025-08-04,2025-09-03,completed,100,89.0,,hr,Data Analyst,Junior,office,kk,2025-08-01,compliance,self_paced,2,True,3,1,0,0,0.25,0.25,0.25,0.25,0,0.5,0,0.5,0,0.5,1,-1,not_training_eligible,
R001108,E0140,EV_012,2025-08-04,,declined,0,,,manager,Backend Engineer,Middle,office,ru,2024-06-21,course,self_paced,24,False,409,1,0,7,0.36363636363636365,0.45454545454545453,0.09090909090909091,0.09090909090909091,0,0.5,3,0.4,9,0.5454545454545454,0,10,declined,0
R001109,E0042,EV_013,2025-08-05,,dropped,40,,2.0,hr,Frontend Engineer,Junior,hybrid,ru,2024-08-21,course,online,12,False,349,1,0,2,0.3333333333333333,0.16666666666666666,0.3333333333333333,0.16666666666666666,0,0.5,0,0.5,8,0.5,0,28,dropped,0
R001110,E0200,EV_004,2025-08-05,2025-08-13,completed,100,,,hr,Backend Engineer,Junior,hybrid,ru,2025-07-14,onboarding,offline,8,True,22,1,0,0,0.25,0.25,0.25,0.25,0,0.5,0,0.5,0,0.5,0,19,not_training_eligible,
R001111,E0006,EV_014,2025-08-06,,completed,100,,,manager,Frontend Engineer,Lead,office,kk,2018-01-16,workshop,offline,8,False,2759,2,1,5,0.4444444444444444,0.1111111111111111,0.2222222222222222,0.2222222222222222,2,0.5,1,0.3333333333333333,3,0.6,0,65,completed,1
R001112,E0023,EV_019,2025-08-06,,dropped,20,,,hr,Backend Engineer,Junior,office,kk,2024-11-18,workshop,offline,8,False,261,1,0,6,0.7,0.1,0.1,0.1,2,0.75,3,0.8,13,0.4,0,40,dropped,0
R001113,E0047,EV_005,2025-08-06,,completed,100,61.0,5.0,self,Backend Engineer,Middle,office,ru,2022-12-22,course,online,16,False,958,1,0,7,0.5454545454545454,0.2727272727272727,0.09090909090909091,0.09090909090909091,3,0.8,2,0.75,15,0.47058823529411764,0,9,completed,1
R001114,E0088,EV_005,2025-08-06,,completed,100,74.0,3.0,self,Backend Engineer,Senior,remote,kk,2019-04-22,course,online,16,False,2298,1,0,4,0.625,0.125,0.125,0.125,3,0.8,2,0.75,15,0.47058823529411764,0,26,completed,1
R001115,E0041,EV_032,2025-08-07,,completed,100,,,self,Product Manager,Senior,office,kk,2023-09-22,workshop,offline,8,False,685,1,0,3,0.2857142857142857,0.2857142857142857,0.14285714285714285,0.2857142857142857,1,0.6666666666666666,1,0.6666666666666666,12,0.7857142857142857,0,22,completed,1
R001116,E0045,EV_039,2025-08-07,,completed,100,,,self,Sales Manager,Junior,office,kk,2025-03-28,workshop,online,3,False,132,1,0,0,0.25,0.25,0.25,0.25,0,0.5,0,0.5,34,0.7777777777777778,0,107,completed,1
R001117,E0093,EV_039,2025-08-07,,completed,100,,3.0,hr,Customer Support Specialist,Middle,hybrid,kk,2022-08-31,workshop,online,3,False,1072,1,0,3,0.42857142857142855,0.2857142857142857,0.14285714285714285,0.14285714285714285,3,0.6,1,0.6666666666666666,34,0.7777777777777778,0,66,completed,1
R001118,E0120,EV_036,2025-08-07,,completed,100,,5.0,hr,Frontend Engineer,Senior,hybrid,ru,2019-11-25,meetup,offline,2,False,2082,1,0,4,0.625,0.125,0.125,0.125,0,0.5,0,0.5,54,0.7142857142857143,0,66,completed,1
R001119,E0013,EV_036,2025-08-08,,completed,100,,4.0,self,Backend Engineer,Senior,office,ru,2020-12-28,meetup,offline,2,False,1684,1,0,6,0.5,0.1,0.2,0.2,2,0.75,0,0.5,55,0.7192982456140351,0,67,completed,1
R001120,E0051,EV_040,2025-08-08,,dropped,90,,2.0,self,Sales Manager,Senior,office,kk,2023-01-30,workshop,offline,4,False,921,1,0,4,0.375,0.125,0.25,0.25,3,0.4,2,0.75,55,0.6666666666666666,0,67,dropped,0
R001121,E0055,EV_036,2025-08-08,,completed,100,,,self,Product Manager,Lead,hybrid,en,2023-02-22,meetup,offline,2,False,898,2,1,4,0.5,0.125,0.25,0.125,1,0.3333333333333333,1,0.3333333333333333,55,0.7192982456140351,0,67,completed,1
R001122,E0062,EV_037,2025-08-08,,completed,100,,4.0,self,Sales Manager,Middle,office,ru,2022-06-22,mentoring,online,12,False,1143,1,0,5,0.6666666666666666,0.1111111111111111,0.1111111111111111,0.1111111111111111,4,0.8333333333333334,0,0.5,43,0.7555555555555555,0,30,completed,1
R001123,E0075,EV_040,2025-08-08,,completed,100,,3.0,self,Frontend Engineer,Senior,office,kk,2018-10-22,workshop,offline,4,False,2482,1,0,6,0.6,0.1,0.2,0.1,1,0.3333333333333333,1,0.6666666666666666,55,0.6666666666666666,0,67,completed,1
R001124,E0137,EV_037,2025-08-08,,completed,100,,,self,Backend Engineer,Middle,remote,kk,2025-02-17,mentoring,online,12,False,172,1,0,1,0.4,0.2,0.2,0.2,0,0.5,0,0.5,43,0.7555555555555555,0,130,completed,1
R001125,E0155,EV_005,2025-08-08,,dropped,20,,,self,Backend Engineer,Middle,hybrid,kk,2023-06-19,course,online,16,False,781,1,0,2,0.16666666666666666,0.3333333333333333,0.3333333333333333,0.16666666666666666,2,0.25,0,0.5,17,0.5263157894736842,0,67,dropped,0
R001126,E0098,EV_019,2025-08-11,,dropped,90,,,self,QA Engineer,Middle,hybrid,kk,2023-04-18,workshop,offline,8,False,846,1,0,3,0.2857142857142857,0.42857142857142855,0.14285714285714285,0.14285714285714285,0,0.5,1,0.6666666666666666,14,0.375,0,68,dropped,0
R001127,E0143,EV_034,2025-08-11,,completed,100,,5.0,self,Customer Support Specialist,Middle,office,kk,2023-08-15,workshop,online,4,False,727,1,0,2,0.16666666666666666,0.3333333333333333,0.3333333333333333,0.16666666666666666,1,0.3333333333333333,0,0.5,29,0.7096774193548387,0,41,completed,1
R001128,E0192,EV_039,2025-08-11,,completed,100,,4.0,self,Backend Engineer,Junior,hybrid,ru,2024-12-11,workshop,online,3,False,243,1,0,2,0.3333333333333333,0.16666666666666666,0.16666666666666666,0.3333333333333333,0,0.5,2,0.5,36,0.7894736842105263,0,70,completed,1
R001129,E0071,EV_027,2025-08-12,,completed,100,,,self,Product Manager,Middle,office,kk,2022-11-14,workshop,online,6,False,1002,2,1,6,0.6,0.2,0.1,0.1,3,0.6,4,0.6666666666666666,12,0.5714285714285714,0,69,completed,1
R001130,E0079,EV_008,2025-08-12,,completed,100,,4.0,self,Sales Manager,Junior,office,ru,2024-10-14,workshop,online,4,False,302,1,0,4,0.625,0.125,0.125,0.125,3,0.8,3,0.8,41,0.7906976744186046,0,68,completed,1
R001131,E0124,EV_022,2025-08-12,,declined,0,,,manager,Data Analyst,Middle,office,kk,2025-02-17,course,online,12,False,176,1,0,0,0.25,0.25,0.25,0.25,0,0.5,0,0.5,8,0.8,0,154,declined,0
R001132,E0127,EV_005,2025-08-12,,dropped,80,,,manager,Backend Engineer,Middle,remote,kk,2022-06-29,course,online,16,False,1140,1,0,3,0.42857142857142855,0.14285714285714285,0.2857142857142857,0.14285714285714285,2,0.5,1,0.6666666666666666,18,0.5,0,54,dropped,0
R001133,E0185,EV_035,2025-08-12,,completed,100,80.0,3.0,self,Customer Support Specialist,Middle,remote,kk,2024-10-21,course,online,16,False,295,1,0,3,0.5714285714285714,0.14285714285714285,0.14285714285714285,0.14285714285714285,3,0.8,0,0.5,12,0.5714285714285714,0,71,completed,1
R001134,E0052,EV_037,2025-08-13,,no_show,0,,,manager,HR Business Partner,Middle,office,kk,2025-01-13,mentoring,online,12,False,212,2,1,2,0.3333333333333333,0.3333333333333333,0.16666666666666666,0.16666666666666666,2,0.5,1,0.3333333333333333,45,0.7659574468085106,0,72,no_show,0
R001135,E0137,EV_009,2025-08-13,,dropped,10,,1.0,manager,Backend Engineer,Middle,remote,kk,2025-02-17,certification,self_paced,40,False,177,1,0,2,0.5,0.16666666666666666,0.16666666666666666,0.16666666666666666,0,0.5,0,0.5,20,0.5909090909090909,0,5,dropped,0
R001136,E0145,EV_040,2025-08-13,,completed,100,,3.0,self,QA Engineer,Senior,office,kk,2023-10-12,workshop,offline,4,False,671,2,1,1,0.2,0.2,0.2,0.4,1,0.3333333333333333,1,0.3333333333333333,57,0.6610169491525424,0,72,completed,1
R001137,E0034,EV_004,2025-08-14,2025-08-31,completed,100,,,hr,Data Analyst,Junior,office,kk,2025-08-01,onboarding,offline,8,True,13,1,0,0,0.25,0.25,0.25,0.25,0,0.5,0,0.5,0,0.5,0,10,not_training_eligible,
R001138,E0055,EV_023,2025-08-14,,completed,100,,,self,Product Manager,Lead,hybrid,en,2023-02-22,workshop,offline,6,False,904,1,0,5,0.5555555555555556,0.1111111111111111,0.2222222222222222,0.1111111111111111,2,0.5,2,0.75,11,0.6153846153846154,0,6,completed,1
R001139,E0031,EV_037,2025-08-15,,completed,100,,3.0,self,Customer Support Specialist,Middle,office,kk,2025-05-21,mentoring,online,12,False,86,1,0,0,0.25,0.25,0.25,0.25,0,0.5,0,0.5,46,0.75,0,64,completed,1
R001140,E0048,EV_040,2025-08-18,,completed,100,,3.0,manager,Data Analyst,Middle,hybrid,kk,2024-11-22,workshop,offline,4,False,269,1,0,3,0.2857142857142857,0.2857142857142857,0.14285714285714285,0.2857142857142857,1,0.6666666666666666,2,0.5,58,0.6666666666666666,0,27,completed,1
R001141,E0080,EV_021,2025-08-19,,completed,100,,4.0,self,Data Analyst,Senior,hybrid,ru,2018-08-15,workshop,online,6,False,2561,1,0,5,0.3333333333333333,0.3333333333333333,0.2222222222222222,0.1111111111111111,2,0.5,1,0.6666666666666666,9,0.5454545454545454,0,62,completed,1
R001142,E0197,EV_040,2025-08-19,,declined,0,,,manager,QA Engineer,Middle,hybrid,ru,2022-08-15,workshop,offline,4,False,1100,2,1,6,0.4,0.2,0.3,0.1,2,0.5,4,0.5,59,0.6721311475409836,0,28,declined,0
R001143,E0192,EV_019,2025-08-20,,completed,100,,2.0,self,Backend Engineer,Junior,hybrid,ru,2024-12-11,workshop,offline,8,False,252,1,0,3,0.42857142857142855,0.14285714285714285,0.14285714285714285,0.2857142857142857,2,0.5,3,0.6,15,0.35294117647058826,0,9,completed,1
R001144,E0074,EV_027,2025-08-21,,declined,0,,,manager,Product Manager,Middle,office,kk,2022-04-20,workshop,online,6,False,1219,1,0,0,0.25,0.25,0.25,0.25,0,0.5,0,0.5,13,0.6,0,80,declined,0
R001145,E0142,EV_001,2025-08-21,2025-09-20,overdue,60,,,hr,Sales Manager,Middle,hybrid,kk,2025-08-18,compliance,self_paced,2,True,3,1,0,0,0.25,0.25,0.25,0.25,0,0.5,0,0.5,0,0.5,1,-1,not_training_eligible,
R001146,E0142,EV_002,2025-08-21,2025-09-20,completed,100,78.0,,hr,Sales Manager,Middle,hybrid,kk,2025-08-18,compliance,self_paced,2,True,3,1,0,0,0.25,0.25,0.25,0.25,0,0.5,0,0.5,0,0.5,1,-1,not_training_eligible,
R001147,E0142,EV_003,2025-08-21,2025-09-20,completed,100,88.0,,hr,Sales Manager,Middle,hybrid,kk,2025-08-18,compliance,self_paced,2,True,3,1,0,0,0.25,0.25,0.25,0.25,0,0.5,0,0.5,0,0.5,1,-1,not_training_eligible,
R001148,E0166,EV_033,2025-08-21,,completed,100,81.0,3.0,self,Sales Manager,Senior,office,kk,2025-02-21,course,online,10,False,181,1,0,3,0.5714285714285714,0.14285714285714285,0.14285714285714285,0.14285714285714285,2,0.75,0,0.5,8,0.7,0,24,completed,1
R001149,E0184,EV_009,2025-08-21,,dropped,40,,2.0,self,Backend Engineer,Middle,office,ru,2024-10-30,certification,self_paced,40,False,295,1,0,3,0.2857142857142857,0.2857142857142857,0.14285714285714285,0.2857142857142857,0,0.5,0,0.5,21,0.5652173913043478,0,49,dropped,0
R001150,E0011,EV_020,2025-08-22,,completed,100,99.0,3.0,self,Data Analyst,Senior,office,kk,2021-01-11,course,self_paced,40,False,1684,1,0,4,0.5,0.125,0.25,0.125,0,0.5,2,0.5,3,0.4,0,39,completed,1
R001151,E0160,EV_036,2025-08-22,,no_show,0,,,manager,Customer Support Specialist,Junior,hybrid,ru,2024-11-13,meetup,offline,2,False,282,1,0,5,0.6666666666666666,0.1111111111111111,0.1111111111111111,0.1111111111111111,1,0.6666666666666666,0,0.5,57,0.7288135593220338,0,25,no_show,0
R001152,E0162,EV_009,2025-08-22,,completed,100,83.0,4.0,self,Data Analyst,Middle,hybrid,kk,2024-01-15,certification,self_paced,40,False,585,1,0,4,0.5,0.125,0.25,0.125,0,0.5,0,0.5,22,0.5416666666666666,0,60,completed,1
R001153,E0012,EV_032,2025-08-25,,completed,100,,4.0,self,Sales Manager,Middle,hybrid,ru,2022-01-19,workshop,offline,8,False,1314,1,0,2,0.5,0.16666666666666666,0.16666666666666666,0.16666666666666666,1,0.6666666666666666,1,0.6666666666666666,13,0.8,0,67,completed,1
R001154,E0029,EV_040,2025-08-25,,completed,100,,3.0,self,Customer Support Specialist,Senior,hybrid,kk,2025-03-13,workshop,offline,4,False,165,1,0,2,0.5,0.16666666666666666,0.16666666666666666,0.16666666666666666,0,0.5,2,0.75,60,0.6612903225806451,0,32,completed,1
R001155,E0042,EV_015,2025-08-25,,completed,100,75.0,4.0,manager,Frontend Engineer,Junior,hybrid,ru,2024-08-21,course,self_paced,6,False,369,1,0,3,0.2857142857142857,0.2857142857142857,0.2857142857142857,0.14285714285714285,0,0.5,1,0.3333333333333333,5,0.8571428571428571,0,20,completed,1
R001156,E0051,EV_034,2025-08-25,,no_show,0,,,manager,Sales Manager,Senior,office,kk,2023-01-30,workshop,online,4,False,938,1,0,5,0.3333333333333333,0.2222222222222222,0.2222222222222222,0.2222222222222222,1,0.6666666666666666,3,0.6,30,0.71875,0,17,no_show,0
R001157,E0055,EV_040,2025-08-25,,completed,100,,4.0,manager,Product Manager,Lead,hybrid,en,2023-02-22,workshop,offline,4,False,915,1,0,6,0.6,0.1,0.2,0.1,3,0.6,3,0.8,60,0.6612903225806451,0,11,completed,1
R001158,E0165,EV_027,2025-08-26,,completed,100,,2.0,self,Product Manager,Junior,office,ru,2024-08-30,workshop,online,6,False,361,1,0,4,0.375,0.375,0.125,0.125,0,0.5,3,0.4,14,0.5625,0,27,completed,1
R001159,E0180,EV_035,2025-08-26,,completed,100,87.0,,manager,Customer Support Specialist,Lead,hybrid,kk,2020-05-14,course,online,16,False,1930,1,0,5,0.6666666666666666,0.1111111111111111,0.1111111111111111,0.1111111111111111,4,0.8333333333333334,1,0.6666666666666666,13,0.6,0,43,completed,1
R001160,E0007,EV_006,2025-08-27,,declined,0,,,hr,Backend Engineer,Senior,office,kk,2018-10-26,workshop,offline,12,False,2497,1,0,5,0.5555555555555556,0.1111111111111111,0.2222222222222222,0.1111111111111111,1,0.6666666666666666,1,0.6666666666666666,10,0.5833333333333334,0,28,declined,0
R001161,E0047,EV_011,2025-08-27,,no_show,0,,,self,Backend Engineer,Middle,office,ru,2022-12-22,workshop,offline,6,False,979,2,1,8,0.5833333333333334,0.25,0.08333333333333333,0.08333333333333333,2,0.25,3,0.4,7,0.5555555555555556,0,21,no_show,0
R001162,E0113,EV_027,2025-08-27,,completed,100,,,manager,Product Manager,Junior,office,ru,2025-02-14,workshop,online,6,False,194,1,0,0,0.25,0.25,0.25,0.25,0,0.5,0,0.5,15,0.5882352941176471,0,170,completed,1
R001163,E0142,EV_004,2025-08-27,2025-09-17,completed,100,,5.0,hr,Sales Manager,Middle,hybrid,kk,2025-08-18,onboarding,offline,8,True,9,1,0,0,0.25,0.25,0.25,0.25,0,0.5,0,0.5,0,0.5,0,6,not_training_eligible,
R001164,E0170,EV_036,2025-08-27,,no_show,0,,,manager,Frontend Engineer,Middle,hybrid,ru,2025-04-24,meetup,offline,2,False,125,1,0,2,0.16666666666666666,0.3333333333333333,0.16666666666666666,0.3333333333333333,0,0.5,0,0.5,58,0.7166666666666667,0,61,no_show,0
R001165,E0027,EV_029,2025-08-28,,completed,100,87.0,4.0,hr,HR Business Partner,Middle,remote,ru,2025-03-18,course,self_paced,12,False,163,1,0,1,0.4,0.2,0.2,0.2,0,0.5,0,0.5,4,0.5,0,56,completed,1
R001166,E0028,EV_040,2025-08-28,,completed,100,,,self,Backend Engineer,Middle,hybrid,kk,2022-05-23,workshop,offline,4,False,1193,1,0,2,0.3333333333333333,0.16666666666666666,0.3333333333333333,0.16666666666666666,0,0.5,0,0.5,62,0.671875,0,30,completed,1
R001167,E0039,EV_036,2025-08-28,,no_show,0,,,manager,Data Analyst,Middle,hybrid,ru,2022-08-29,meetup,offline,2,False,1095,1,0,1,0.2,0.2,0.4,0.2,0,0.5,0,0.5,59,0.7049180327868853,0,87,no_show,0
R001168,E0186,EV_005,2025-08-28,,dropped,75,,1.0,self,Backend Engineer,Middle,hybrid,ru,2022-06-16,course,online,16,False,1169,3,2,6,0.4,0.2,0.2,0.2,2,0.25,2,0.25,19,0.47619047619047616,0,87,dropped,0
R001169,E0189,EV_019,2025-08-28,,completed,100,,4.0,self,QA Engineer,Senior,office,ru,2019-11-18,workshop,offline,8,False,2110,1,0,5,0.6666666666666666,0.1111111111111111,0.1111111111111111,0.1111111111111111,1,0.6666666666666666,2,0.75,16,0.3888888888888889,0,29,completed,1
R001170,E0044,EV_037,2025-09-01,,completed,100,,4.0,self,Frontend Engineer,Lead,office,kk,2022-10-17,mentoring,online,12,False,1050,1,0,3,0.42857142857142855,0.14285714285714285,0.2857142857142857,0.14285714285714285,2,0.5,0,0.5,47,0.7551020408163265,0,40,completed,1
R001171,E0107,EV_026,2025-09-01,,completed,100,,5.0,manager,Product Manager,Middle,office,ru,2022-04-25,workshop,offline,8,False,1225,2,1,5,0.5555555555555556,0.2222222222222222,0.1111111111111111,0.1111111111111111,2,0.5,4,0.6666666666666666,9,0.7272727272727273,0,39,completed,1
R001172,E0195,EV_026,2025-09-01,,completed,100,,4.0,manager,Product Manager,Middle,office,kk,2025-04-21,workshop,offline,8,False,133,1,0,4,0.125,0.375,0.375,0.125,0,0.5,3,0.2,9,0.7272727272727273,0,31,completed,1
R001173,E0032,EV_036,2025-09-02,,no_show,0,,,manager,Data Analyst,Junior,hybrid,kk,2024-07-18,meetup,offline,2,False,411,1,0,2,0.5,0.16666666666666666,0.16666666666666666,0.16666666666666666,1,0.6666666666666666,0,0.5,60,0.6935483870967742,0,42,no_show,0
R001174,E0068,EV_017,2025-09-02,,no_show,0,,,self,Frontend Engineer,Middle,hybrid,kk,2025-06-02,course,online,16,False,92,1,0,0,0.25,0.25,0.25,0.25,0,0.5,0,0.5,6,0.5,0,75,no_show,0
R001175,E0118,EV_013,2025-09-02,,completed,100,63.0,,self,Frontend Engineer,Middle,hybrid,ru,2021-11-01,course,online,12,False,1401,2,1,6,0.5,0.2,0.2,0.1,4,0.5,3,0.4,9,0.45454545454545453,0,82,completed,1
R001176,E0200,EV_012,2025-09-02,,dropped,25,,2.0,self,Backend Engineer,Junior,hybrid,ru,2025-07-14,course,self_paced,24,False,50,1,0,0,0.25,0.25,0.25,0.25,0,0.5,0,0.5,10,0.5,0,28,dropped,0
R001177,E0098,EV_005,2025-09-03,,completed,100,71.0,,manager,QA Engineer,Middle,hybrid,kk,2023-04-18,course,online,16,False,869,1,0,4,0.25,0.5,0.125,0.125,2,0.5,1,0.3333333333333333,20,0.45454545454545453,0,23,completed,1
R001178,E0123,EV_014,2025-09-03,,completed,100,,,self,Frontend Engineer,Senior,hybrid,kk,2021-04-15,workshop,offline,8,False,1602,1,0,8,0.4166666666666667,0.16666666666666666,0.25,0.16666666666666666,4,0.6666666666666666,3,0.4,4,0.6666666666666666,0,70,completed,1
R001179,E0086,EV_039,2025-09-04,,declined,0,,,manager,Customer Support Specialist,Junior,office,kk,2025-05-26,workshop,online,3,False,101,1,0,0,0.25,0.25,0.25,0.25,0,0.5,0,0.5,37,0.7948717948717948,0,83,declined,0
R001180,E0109,EV_014,2025-09-05,,no_show,0,,,self,Frontend Engineer,Middle,office,ru,2023-12-21,workshop,offline,8,False,624,1,0,4,0.5,0.25,0.125,0.125,1,0.6666666666666666,2,0.75,5,0.7142857142857143,0,95,no_show,0
R001181,E0005,EV_039,2025-09-08,,declined,0,,,hr,Backend Engineer,Middle,hybrid,kk,2024-06-12,workshop,online,3,False,453,1,0,9,0.5384615384615384,0.15384615384615385,0.15384615384615385,0.15384615384615385,2,0.5,3,0.6,38,0.775,0,53,declined,0
R001182,E0111,EV_005,2025-09-08,,completed,100,73.0,4.0,self,QA Engineer,Middle,office,ru,2024-06-19,course,online,16,False,446,1,0,4,0.625,0.125,0.125,0.125,1,0.6666666666666666,0,0.5,21,0.4782608695652174,0,98,completed,1
R001183,E0134,EV_008,2025-09-08,,dropped,15,,,self,Product Manager,Middle,hybrid,ru,2023-05-01,workshop,online,4,False,861,1,0,3,0.2857142857142857,0.14285714285714285,0.42857142857142855,0.14285714285714285,1,0.6666666666666666,2,0.5,42,0.7954545454545454,0,98,dropped,0
R001184,E0169,EV_036,2025-09-08,,completed,100,,3.0,self,Sales Manager,Lead,office,kk,2020-04-29,meetup,offline,2,False,1958,6,5,8,0.5,0.16666666666666666,0.16666666666666666,0.16666666666666666,5,0.5714285714285714,5,0.5714285714285714,61,0.6825396825396826,0,47,completed,1
R001185,E0035,EV_038,2025-09-09,,completed,100,85.0,,manager,Customer Support Specialist,Lead,hybrid,ru,2021-08-26,course,online,16,False,1475,2,1,6,0.5,0.1,0.2,0.2,5,0.5714285714285714,2,0.5,36,0.6578947368421053,0,77,completed,1
R001186,E0067,EV_040,2025-09-09,,completed,100,,5.0,self,Frontend Engineer,Middle,hybrid,ru,2024-10-16,workshop,offline,4,False,328,1,0,2,0.5,0.16666666666666666,0.16666666666666666,0.16666666666666666,1,0.6666666666666666,0,0.5,63,0.676923076923077,0,60,completed,1
R001187,E0122,EV_013,2025-09-09,,dropped,15,,,manager,Frontend Engineer,Senior,hybrid,kk,2024-04-22,course,online,12,False,505,1,0,1,0.4,0.2,0.2,0.2,0,0.5,0,0.5,10,0.5,0,99,dropped,0
R001188,E0079,EV_040,2025-09-10,,completed,100,,5.0,manager,Sales Manager,Junior,office,ru,2024-10-14,workshop,offline,4,False,331,1,0,5,0.6666666666666666,0.1111111111111111,0.1111111111111111,0.1111111111111111,1,0.6666666666666666,4,0.8333333333333334,64,0.6818181818181818,0,29,completed,1
R001189,E0154,EV_011,2025-09-10,,completed,100,,3.0,manager,Frontend Engineer,Middle,office,ru,2023-08-16,workshop,offline,6,False,756,1,0,5,0.4444444444444444,0.1111111111111111,0.2222222222222222,0.2222222222222222,3,0.4,2,0.5,8,0.5,0,100,completed,1
R001190,E0182,EV_036,2025-09-10,,no_show,0,,,manager,Frontend Engineer,Middle,office,ru,2024-06-14,meetup,offline,2,False,453,1,0,1,0.4,0.2,0.2,0.2,0,0.5,0,0.5,62,0.6875,0,100,no_show,0
R001191,E0181,EV_023,2025-09-11,,completed,100,,4.0,self,Product Manager,Senior,office,ru,2025-01-27,workshop,offline,6,False,227,1,0,5,0.4444444444444444,0.1111111111111111,0.2222222222222222,0.2222222222222222,1,0.6666666666666666,4,0.6666666666666666,12,0.6428571428571429,0,87,completed,1
R001192,E0098,EV_009,2025-09-12,,dropped,50,,,hr,QA Engineer,Middle,hybrid,kk,2023-04-18,certification,self_paced,40,False,878,2,1,5,0.3333333333333333,0.4444444444444444,0.1111111111111111,0.1111111111111111,1,0.3333333333333333,1,0.3333333333333333,23,0.56,0,9,dropped,0
R001193,E0169,EV_039,2025-09-12,,completed,100,,4.0,self,Sales Manager,Lead,office,kk,2020-04-29,workshop,online,3,False,1962,1,0,9,0.5384615384615384,0.15384615384615385,0.15384615384615385,0.15384615384615385,3,0.6,1,0.6666666666666666,39,0.7560975609756098,0,4,completed,1
R001194,E0067,EV_016,2025-09-15,,completed,100,,4.0,self,Frontend Engineer,Middle,hybrid,ru,2024-10-16,workshop,online,4,False,334,1,0,3,0.5714285714285714,0.14285714285714285,0.14285714285714285,0.14285714285714285,1,0.6666666666666666,1,0.6666666666666666,16,0.7222222222222222,0,6,completed,1
R001195,E0151,EV_001,2025-09-15,2025-10-15,completed,100,73.0,,hr,HR Business Partner,Junior,remote,ru,2025-09-11,compliance,self_paced,2,True,4,1,0,0,0.25,0.25,0.25,0.25,0,0.5,0,0.5,0,0.5,1,-1,not_training_eligible,
R001196,E0151,EV_002,2025-09-15,2025-10-15,completed,100,92.0,,hr,HR Business Partner,Junior,remote,ru,2025-09-11,compliance,self_paced,2,True,4,1,0,0,0.25,0.25,0.25,0.25,0,0.5,0,0.5,0,0.5,1,-1,not_training_eligible,
R001197,E0151,EV_003,2025-09-15,2025-10-15,completed,100,89.0,,hr,HR Business Partner,Junior,remote,ru,2025-09-11,compliance,self_paced,2,True,4,1,0,0,0.25,0.25,0.25,0.25,0,0.5,0,0.5,0,0.5,1,-1,not_training_eligible,
R001198,E0192,EV_011,2025-09-15,,completed,100,,4.0,self,Backend Engineer,Junior,hybrid,ru,2024-12-11,workshop,offline,6,False,278,1,0,4,0.5,0.125,0.125,0.25,3,0.6,4,0.6666666666666666,9,0.5454545454545454,0,26,completed,1
R001199,E0102,EV_008,2025-09-16,,completed,100,,4.0,self,Frontend Engineer,Junior,remote,ru,2024-05-30,workshop,online,4,False,474,1,0,4,0.375,0.125,0.375,0.125,2,0.5,2,0.5,43,0.7777777777777778,0,106,completed,1
R001200,E0153,EV_036,2025-09-16,,completed,100,,3.0,self,Sales Manager,Middle,office,ru,2022-10-17,meetup,offline,2,False,1065,2,1,5,0.5555555555555556,0.1111111111111111,0.2222222222222222,0.1111111111111111,2,0.5,1,0.3333333333333333,63,0.676923076923077,0,71,completed,1
R001201,E0041,EV_036,2025-09-17,,completed,100,,,self,Product Manager,Senior,office,kk,2023-09-22,meetup,offline,2,False,726,1,0,4,0.375,0.25,0.125,0.25,2,0.75,0,0.5,64,0.6818181818181818,0,41,completed,1
R001202,E0102,EV_013,2025-09-17,,declined,0,,,manager,Frontend Engineer,Junior,remote,ru,2024-05-30,course,online,12,False,475,2,1,5,0.4444444444444444,0.1111111111111111,0.3333333333333333,0.1111111111111111,3,0.6,2,0.5,11,0.46153846153846156,0,1,declined,0
R001203,E0105,EV_038,2025-09-17,,completed,100,94.0,2.0,manager,HR Business Partner,Senior,office,kk,2024-04-22,course,online,16,False,513,1,0,3,0.42857142857142855,0.2857142857142857,0.14285714285714285,0.14285714285714285,3,0.6,0,0.5,37,0.6666666666666666,0,100,completed,1
R001204,E0151,EV_004,2025-09-17,2025-10-11,completed,100,,,hr,HR Business Partner,Junior,remote,ru,2025-09-11,onboarding,offline,8,True,6,1,0,0,0.25,0.25,0.25,0.25,0,0.5,0,0.5,0,0.5,0,2,not_training_eligible,
R001205,E0017,EV_039,2025-09-18,,completed,100,,2.0,self,Product Manager,Senior,office,ru,2019-02-26,workshop,online,3,False,2396,1,0,6,0.7,0.1,0.1,0.1,3,0.8,3,0.8,40,0.7619047619047619,0,49,completed,1
R001206,E0031,EV_034,2025-09-18,,completed,100,,4.0,self,Customer Support Specialist,Middle,office,kk,2025-05-21,workshop,online,4,False,120,1,0,1,0.4,0.2,0.2,0.2,1,0.6666666666666666,0,0.5,31,0.696969696969697,0,34,completed,1
R001207,E0077,EV_001,2025-09-18,2025-10-18,overdue,25,,,hr,HR Business Partner,Junior,office,ru,2025-09-15,compliance,self_paced,2,True,3,1,0,0,0.25,0.25,0.25,0.25,0,0.5,0,0.5,0,0.5,1,-1,not_training_eligible,
R001208,E0077,EV_002,2025-09-18,2025-10-18,completed,100,99.0,,hr,HR Business Partner,Junior,office,ru,2025-09-15,compliance,self_paced,2,True,3,1,0,0,0.25,0.25,0.25,0.25,0,0.5,0,0.5,0,0.5,1,-1,not_training_eligible,
R001209,E0077,EV_003,2025-09-18,2025-10-18,completed,100,88.0,,hr,HR Business Partner,Junior,office,ru,2025-09-15,compliance,self_paced,2,True,3,1,0,0,0.25,0.25,0.25,0.25,0,0.5,0,0.5,0,0.5,1,-1,not_training_eligible,
R001210,E0121,EV_001,2025-09-18,2025-10-18,completed,100,79.0,,hr,Data Analyst,Middle,hybrid,ru,2025-09-15,compliance,self_paced,2,True,3,1,0,0,0.25,0.25,0.25,0.25,0,0.5,0,0.5,0,0.5,1,-1,not_training_eligible,
R001211,E0121,EV_002,2025-09-18,2025-10-18,completed,100,99.0,,hr,Data Analyst,Middle,hybrid,ru,2025-09-15,compliance,self_paced,2,True,3,1,0,0,0.25,0.25,0.25,0.25,0,0.5,0,0.5,0,0.5,1,-1,not_training_eligible,
R001212,E0121,EV_003,2025-09-18,2025-10-18,completed,100,73.0,,hr,Data Analyst,Middle,hybrid,ru,2025-09-15,compliance,self_paced,2,True,3,1,0,0,0.25,0.25,0.25,0.25,0,0.5,0,0.5,0,0.5,1,-1,not_training_eligible,
R001213,E0140,EV_037,2025-09-18,,completed,100,,5.0,self,Backend Engineer,Middle,office,ru,2024-06-21,mentoring,online,12,False,454,2,1,8,0.3333333333333333,0.4166666666666667,0.08333333333333333,0.16666666666666666,5,0.42857142857142855,2,0.5,48,0.76,0,45,completed,1
R001214,E0148,EV_040,2025-09-18,,completed,100,,5.0,self,Sales Manager,Lead,office,kk,2020-08-18,workshop,offline,4,False,1857,1,0,6,0.6,0.1,0.2,0.1,2,0.75,3,0.8,65,0.6865671641791045,0,57,completed,1
R001215,E0149,EV_033,2025-09-18,,completed,100,74.0,5.0,hr,Sales Manager,Middle,office,ru,2022-10-26,course,online,10,False,1058,1,0,7,0.6363636363636364,0.09090909090909091,0.18181818181818182,0.09090909090909091,3,0.6,0,0.5,9,0.7272727272727273,0,108,completed,1
R001216,E0193,EV_023,2025-09-18,,completed,100,,5.0,manager,Data Analyst,Middle,office,ru,2022-08-01,workshop,offline,6,False,1144,1,0,2,0.5,0.16666666666666666,0.16666666666666666,0.16666666666666666,1,0.6666666666666666,0,0.5,13,0.6666666666666666,0,108,completed,1
R001217,E0038,EV_008,2025-09-19,,declined,0,,,manager,Product Manager,Senior,hybrid,kk,2022-06-24,workshop,online,4,False,1183,1,0,2,0.5,0.16666666666666666,0.16666666666666666,0.16666666666666666,1,0.6666666666666666,2,0.75,44,0.782608695652174,0,109,declined,0
R001218,E0068,EV_013,2025-09-19,,completed,100,97.0,4.0,self,Frontend Engineer,Middle,hybrid,kk,2025-06-02,course,online,12,False,109,1,0,1,0.2,0.2,0.4,0.2,1,0.3333333333333333,1,0.3333333333333333,12,0.42857142857142855,0,17,completed,1
R001219,E0075,EV_036,2025-09-19,,completed,100,,2.0,hr,Frontend Engineer,Senior,office,kk,2018-10-22,meetup,offline,2,False,2524,2,1,7,0.6363636363636364,0.09090909090909091,0.18181818181818182,0.09090909090909091,2,0.5,1,0.3333333333333333,65,0.6865671641791045,0,42,completed,1
R001220,E0094,EV_037,2025-09-19,,completed,100,,,self,Sales Manager,Senior,hybrid,ru,2022-01-12,mentoring,online,12,False,1346,1,0,4,0.5,0.25,0.125,0.125,4,0.6666666666666666,0,0.5,49,0.7647058823529411,0,102,completed,1
R001221,E0132,EV_008,2025-09-19,,completed,100,,3.0,self,Data Analyst,Senior,remote,en,2019-08-02,workshop,online,4,False,2240,1,0,4,0.5,0.125,0.25,0.125,4,0.6666666666666666,0,0.5,44,0.782608695652174,0,87,completed,1
R001222,E0040,EV_040,2025-09-22,,no_show,0,,,self,Backend Engineer,Junior,office,ru,2025-06-13,workshop,offline,4,False,101,1,0,1,0.4,0.2,0.2,0.2,0,0.5,0,0.5,66,0.6911764705882353,0,63,no_show,0
R001223,E0131,EV_008,2025-09-22,,no_show,0,,,self,HR Business Partner,Middle,office,ru,2022-10-31,workshop,online,4,False,1057,1,0,3,0.5714285714285714,0.14285714285714285,0.14285714285714285,0.14285714285714285,2,0.75,3,0.8,46,0.7708333333333334,0,112,no_show,0
R001224,E0133,EV_030,2025-09-22,,completed,100,,5.0,self,HR Business Partner,Lead,office,ru,2019-08-23,workshop,online,4,False,2222,1,0,6,0.5,0.3,0.1,0.1,4,0.6666666666666666,5,0.7142857142857143,4,0.6666666666666666,0,62,completed,1
R001225,E0142,EV_039,2025-09-22,,completed,100,,,manager,Sales Manager,Middle,hybrid,kk,2025-08-18,workshop,online,3,False,35,1,0,0,0.25,0.25,0.25,0.25,0,0.5,0,0.5,41,0.7674418604651163,0,26,completed,1
R001226,E0190,EV_010,2025-09-22,,completed,100,72.0,3.0,manager,Backend Engineer,Senior,office,kk,2023-11-30,course,online,20,False,662,1,0,1,0.2,0.4,0.2,0.2,0,0.5,0,0.5,11,0.6923076923076923,0,112,completed,1
R001227,E0199,EV_022,2025-09-22,,no_show,0,,,hr,Data Analyst,Senior,hybrid,ru,2019-12-24,course,online,12,False,2099,1,0,6,0.7,0.1,0.1,0.1,3,0.8,3,0.8,9,0.7272727272727273,0,112,no_show,0
R001228,E0029,EV_038,2025-09-23,,completed,100,84.0,4.0,hr,Customer Support Specialist,Senior,hybrid,kk,2025-03-13,course,online,16,False,194,1,0,3,0.5714285714285714,0.14285714285714285,0.14285714285714285,0.14285714285714285,2,0.75,0,0.5,38,0.675,0,29,completed,1
R001229,E0042,EV_040,2025-09-23,,completed,100,,4.0,self,Frontend Engineer,Junior,hybrid,ru,2024-08-21,workshop,offline,4,False,398,2,1,4,0.375,0.25,0.25,0.125,2,0.5,1,0.3333333333333333,67,0.6811594202898551,0,29,completed,1
R001230,E0068,EV_037,2025-09-23,,no_show,0,,,self,Frontend Engineer,Middle,hybrid,kk,2025-06-02,mentoring,online,12,False,113,1,0,2,0.3333333333333333,0.16666666666666666,0.3333333333333333,0.16666666666666666,2,0.5,0,0.5,50,0.7692307692307693,0,4,no_show,0
R001231,E0182,EV_016,2025-09-23,,completed,100,,4.0,manager,Frontend Engineer,Middle,office,ru,2024-06-14,workshop,online,4,False,466,1,0,2,0.3333333333333333,0.16666666666666666,0.3333333333333333,0.16666666666666666,1,0.6666666666666666,0,0.5,17,0.7368421052631579,0,13,completed,1
R001232,E0127,EV_009,2025-09-24,,completed,100,75.0,5.0,self,Backend Engineer,Middle,remote,kk,2022-06-29,certification,self_paced,40,False,1183,1,0,4,0.375,0.25,0.25,0.125,0,0.5,0,0.5,24,0.5384615384615384,0,43,completed,1
R001233,E0036,EV_016,2025-09-25,,completed,100,,5.0,self,Frontend Engineer,Junior,remote,ru,2025-06-30,workshop,online,4,False,87,1,0,0,0.25,0.25,0.25,0.25,0,0.5,0,0.5,18,0.75,0,66,completed,1
R001234,E0055,EV_026,2025-09-25,,completed,100,,4.0,hr,Product Manager,Lead,hybrid,en,2023-02-22,workshop,offline,8,False,946,1,0,7,0.6363636363636364,0.09090909090909091,0.18181818181818182,0.09090909090909091,4,0.6666666666666666,4,0.8333333333333334,11,0.7692307692307693,0,31,completed,1
R001235,E0078,EV_034,2025-09-25,,completed,100,,4.0,self,Customer Support Specialist,Junior,hybrid,kk,2024-11-11,workshop,online,4,False,318,1,0,0,0.25,0.25,0.25,0.25,0,0.5,0,0.5,32,0.7058823529411765,0,115,completed,1
R001236,E0105,EV_037,2025-09-25,,completed,100,,4.0,self,HR Business Partner,Senior,office,kk,2024-04-22,mentoring,online,12,False,521,1,0,4,0.5,0.25,0.125,0.125,4,0.6666666666666666,0,0.5,51,0.7547169811320755,0,8,completed,1
R001237,E0128,EV_037,2025-09-25,,completed,100,,4.0,self,Backend Engineer,Senior,hybrid,kk,2024-07-29,mentoring,online,12,False,423,1,0,1,0.4,0.2,0.2,0.2,1,0.6666666666666666,1,0.6666666666666666,51,0.7547169811320755,0,115,completed,1
R001238,E0160,EV_036,2025-09-25,,completed,100,,5.0,self,Customer Support Specialist,Junior,hybrid,ru,2024-11-13,meetup,offline,2,False,316,2,1,6,0.6,0.1,0.2,0.1,2,0.5,1,0.3333333333333333,66,0.6911764705882353,0,34,completed,1
R001239,E0163,EV_037,2025-09-25,,completed,100,,4.0,self,Sales Manager,Middle,office,ru,2022-05-25,mentoring,online,12,False,1219,1,0,4,0.375,0.125,0.125,0.375,0,0.5,0,0.5,51,0.7547169811320755,0,115,completed,1
R001240,E0183,EV_001,2025-09-25,2025-10-25,completed,100,93.0,,hr,Frontend Engineer,Middle,office,ru,2025-09-22,compliance,self_paced,2,True,3,1,0,0,0.25,0.25,0.25,0.25,0,0.5,0,0.5,0,0.5,1,-1,not_training_eligible,
R001241,E0183,EV_002,2025-09-25,2025-10-25,completed,100,84.0,,hr,Frontend Engineer,Middle,office,ru,2025-09-22,compliance,self_paced,2,True,3,1,0,0,0.25,0.25,0.25,0.25,0,0.5,0,0.5,0,0.5,1,-1,not_training_eligible,
R001242,E0183,EV_003,2025-09-25,2025-10-25,completed,100,80.0,,hr,Frontend Engineer,Middle,office,ru,2025-09-22,compliance,self_paced,2,True,3,1,0,0,0.25,0.25,0.25,0.25,0,0.5,0,0.5,0,0.5,1,-1,not_training_eligible,
R001243,E0033,EV_001,2025-09-26,2025-10-26,completed,100,76.0,,hr,Data Analyst,Middle,office,kk,2025-09-23,compliance,self_paced,2,True,3,1,0,0,0.25,0.25,0.25,0.25,0,0.5,0,0.5,0,0.5,1,-1,not_training_eligible,
R001244,E0033,EV_002,2025-09-26,2025-10-26,completed,100,79.0,,hr,Data Analyst,Middle,office,kk,2025-09-23,compliance,self_paced,2,True,3,1,0,0,0.25,0.25,0.25,0.25,0,0.5,0,0.5,0,0.5,1,-1,not_training_eligible,
R001245,E0033,EV_003,2025-09-26,2025-10-26,completed,100,82.0,,hr,Data Analyst,Middle,office,kk,2025-09-23,compliance,self_paced,2,True,3,1,0,0,0.25,0.25,0.25,0.25,0,0.5,0,0.5,0,0.5,1,-1,not_training_eligible,
R001246,E0046,EV_039,2025-09-26,,completed,100,,,manager,Sales Manager,Middle,hybrid,ru,2024-02-26,workshop,online,3,False,578,1,0,6,0.5,0.3,0.1,0.1,3,0.6,3,0.4,42,0.7727272727272727,0,84,completed,1
R001247,E0098,EV_018,2025-09-26,,completed,100,61.0,2.0,self,QA Engineer,Middle,hybrid,kk,2023-04-18,course,online,24,False,892,2,1,6,0.3,0.5,0.1,0.1,3,0.6,2,0.5,8,0.6,0,14,completed,1
R001248,E0103,EV_019,2025-09-26,,no_show,0,,,manager,QA Engineer,Senior,remote,ru,2021-08-17,workshop,offline,8,False,1501,1,0,3,0.42857142857142855,0.14285714285714285,0.2857142857142857,0.14285714285714285,0,0.5,1,0.6666666666666666,17,0.42105263157894735,0,116,no_show,0
R001249,E0131,EV_031,2025-09-26,,no_show,0,,,manager,HR Business Partner,Middle,office,ru,2022-10-31,workshop,online,6,False,1061,1,0,4,0.5,0.125,0.25,0.125,3,0.6,4,0.6666666666666666,5,0.5714285714285714,0,4,no_show,0
R001250,E0147,EV_036,2025-09-26,,no_show,0,,,manager,Frontend Engineer,Middle,office,ru,2024-05-27,meetup,offline,2,False,487,1,0,4,0.625,0.125,0.125,0.125,2,0.75,0,0.5,67,0.6956521739130435,0,99,no_show,0
R001251,E0153,EV_040,2025-09-26,,completed,100,,5.0,self,Sales Manager,Middle,office,ru,2022-10-17,workshop,offline,4,False,1075,1,0,6,0.6,0.1,0.2,0.1,3,0.6,3,0.8,68,0.6857142857142857,0,10,completed,1
R001252,E0052,EV_036,2025-09-29,,completed,100,,5.0,manager,HR Business Partner,Middle,office,kk,2025-01-13,meetup,offline,2,False,259,1,0,3,0.2857142857142857,0.2857142857142857,0.2857142857142857,0.14285714285714285,0,0.5,0,0.5,68,0.6857142857142857,0,47,completed,1
R001253,E0121,EV_004,2025-09-29,2025-10-15,completed,100,,4.0,hr,Data Analyst,Middle,hybrid,ru,2025-09-15,onboarding,offline,8,True,14,1,0,0,0.25,0.25,0.25,0.25,0,0.5,0,0.5,0,0.5,0,11,not_training_eligible,
R001254,E0123,EV_009,2025-09-29,,completed,100,71.0,4.0,manager,Frontend Engineer,Senior,hybrid,kk,2021-04-15,certification,self_paced,40,False,1628,1,0,9,0.46153846153846156,0.15384615384615385,0.23076923076923078,0.15384615384615385,0,0.5,0,0.5,25,0.5555555555555556,0,26,completed,1
R001255,E0183,EV_004,2025-09-29,2025-10-22,completed,100,,,hr,Frontend Engineer,Middle,office,ru,2025-09-22,onboarding,offline,8,True,7,1,0,0,0.25,0.25,0.25,0.25,0,0.5,0,0.5,0,0.5,0,4,not_training_eligible,
R001256,E0198,EV_034,2025-09-29,,completed,100,,4.0,self,Sales Manager,Junior,office,ru,2024-06-26,workshop,online,4,False,460,2,1,6,0.6,0.1,0.2,0.1,3,0.6,4,0.6666666666666666,33,0.7142857142857143,0,119,completed,1
R001257,E0072,EV_018,2025-09-30,,dropped,55,,2.0,self,QA Engineer,Middle,office,ru,2024-04-15,course,online,24,False,533,1,0,0,0.25,0.25,0.25,0.25,0,0.5,0,0.5,9,0.6363636363636364,0,120,dropped,0
R001258,E0074,EV_027,2025-09-30,,completed,100,,,self,Product Manager,Middle,office,kk,2022-04-20,workshop,online,6,False,1259,2,1,1,0.2,0.2,0.2,0.4,1,0.3333333333333333,1,0.3333333333333333,16,0.6111111111111112,0,40,completed,1
R001259,E0105,EV_030,2025-09-30,,dropped,10,,2.0,self,HR Business Partner,Senior,office,kk,2024-04-22,workshop,online,4,False,526,2,1,5,0.5555555555555556,0.2222222222222222,0.1111111111111111,0.1111111111111111,5,0.7142857142857143,3,0.6,5,0.7142857142857143,0,5,dropped,0
R001260,E0189,EV_037,2025-09-30,,no_show,0,,,self,QA Engineer,Senior,office,ru,2019-11-18,mentoring,online,12,False,2143,1,0,6,0.7,0.1,0.1,0.1,3,0.8,0,0.5,54,0.7678571428571429,0,33,no_show,0
R001261,E0050,EV_036,2025-10-01,,declined,0,,,manager,Backend Engineer,Lead,hybrid,ru,2017-01-24,meetup,offline,2,False,3172,1,0,7,0.6363636363636364,0.09090909090909091,0.18181818181818182,0.09090909090909091,1,0.6666666666666666,0,0.5,69,0.6901408450704225,0,121,declined,0
R001262,E0105,EV_028,2025-10-01,,completed,100,,,self,HR Business Partner,Senior,office,kk,2024-04-22,workshop,online,4,False,527,1,0,6,0.5,0.3,0.1,0.1,6,0.625,4,0.5,5,0.5714285714285714,0,1,completed,1
R001263,E0195,EV_027,2025-10-01,,completed,100,,,self,Product Manager,Middle,office,kk,2025-04-21,workshop,online,6,False,163,3,2,5,0.2222222222222222,0.3333333333333333,0.3333333333333333,0.1111111111111111,4,0.16666666666666666,4,0.3333333333333333,17,0.631578947368421,0,30,completed,1
R001264,E0033,EV_004,2025-10-02,2025-10-23,completed,100,,,hr,Data Analyst,Middle,office,kk,2025-09-23,onboarding,offline,8,True,9,1,0,0,0.25,0.25,0.25,0.25,0,0.5,0,0.5,0,0.5,0,6,not_training_eligible,
R001265,E0067,EV_009,2025-10-02,,completed,100,73.0,5.0,self,Frontend Engineer,Middle,hybrid,ru,2024-10-16,certification,self_paced,40,False,351,1,0,4,0.625,0.125,0.125,0.125,0,0.5,0,0.5,26,0.5714285714285714,0,17,completed,1
R001266,E0122,EV_013,2025-10-02,,completed,100,77.0,4.0,self,Frontend Engineer,Senior,hybrid,kk,2024-04-22,course,online,12,False,528,2,1,2,0.3333333333333333,0.3333333333333333,0.16666666666666666,0.16666666666666666,1,0.3333333333333333,1,0.3333333333333333,13,0.4666666666666667,0,23,completed,1
R001267,E0195,EV_008,2025-10-02,,completed,100,,5.0,manager,Product Manager,Middle,office,kk,2025-04-21,workshop,online,4,False,164,1,0,6,0.3,0.3,0.3,0.1,5,0.2857142857142857,5,0.42857142857142855,47,0.7551020408163265,0,1,completed,1
R001268,E0021,EV_035,2025-10-03,,completed,100,95.0,,self,Customer Support Specialist,Middle,remote,ru,2024-09-12,course,online,16,False,386,1,0,2,0.5,0.16666666666666666,0.16666666666666666,0.16666666666666666,1,0.6666666666666666,0,0.5,14,0.625,0,123,completed,1
R001269,E0188,EV_020,2025-10-03,,completed,100,96.0,5.0,self,Data Analyst,Junior,hybrid,ru,2025-05-21,course,self_paced,40,False,135,1,0,0,0.25,0.25,0.25,0.25,0,0.5,0,0.5,4,0.5,0,123,completed,1
R001270,E0039,EV_039,2025-10-06,,completed,100,,5.0,self,Data Analyst,Middle,hybrid,ru,2022-08-29,workshop,online,3,False,1134,1,0,2,0.16666666666666666,0.16666666666666666,0.5,0.16666666666666666,1,0.3333333333333333,1,0.3333333333333333,43,0.7777777777777778,0,39,completed,1
R001271,E0065,EV_008,2025-10-06,,dropped,15,,,self,QA Engineer,Middle,hybrid,en,2022-08-01,workshop,online,4,False,1162,1,0,3,0.42857142857142855,0.14285714285714285,0.14285714285714285,0.2857142857142857,1,0.6666666666666666,1,0.6666666666666666,48,0.76,0,126,dropped,0
R001272,E0127,EV_036,2025-10-06,,no_show,0,,,manager,Backend Engineer,Middle,remote,kk,2022-06-29,meetup,offline,2,False,1195,2,1,5,0.4444444444444444,0.2222222222222222,0.2222222222222222,0.1111111111111111,1,0.6666666666666666,1,0.6666666666666666,70,0.6805555555555556,0,12,no_show,0
R001273,E0192,EV_008,2025-10-06,,completed,100,,5.0,self,Backend Engineer,Junior,hybrid,ru,2024-12-11,workshop,online,4,False,299,1,0,5,0.5555555555555556,0.1111111111111111,0.1111111111111111,0.2222222222222222,1,0.6666666666666666,5,0.7142857142857143,48,0.76,0,21,completed,1
R001274,E0069,EV_009,2025-10-07,,dropped,50,,2.0,self,Backend Engineer,Middle,hybrid,en,2023-09-20,certification,self_paced,40,False,748,1,0,2,0.3333333333333333,0.16666666666666666,0.3333333333333333,0.16666666666666666,0,0.5,0,0.5,27,0.5862068965517241,0,127,dropped,0
R001275,E0077,EV_004,2025-10-07,2025-10-15,completed,100,,5.0,hr,HR Business Partner,Junior,office,ru,2025-09-15,onboarding,offline,8,True,22,1,0,0,0.25,0.25,0.25,0.25,0,0.5,0,0.5,0,0.5,0,19,not_training_eligible,
R001276,E0103,EV_039,2025-10-07,,completed,100,,,self,QA Engineer,Senior,remote,ru,2021-08-17,workshop,online,3,False,1512,1,0,4,0.375,0.125,0.375,0.125,3,0.6,2,0.5,44,0.782608695652174,0,11,completed,1
R001277,E0150,EV_036,2025-10-07,,no_show,0,,,self,Backend Engineer,Middle,office,ru,2023-07-03,meetup,offline,2,False,827,1,0,8,0.6666666666666666,0.08333333333333333,0.08333333333333333,0.16666666666666666,3,0.8,0,0.5,71,0.6712328767123288,0,75,no_show,0
R001278,E0161,EV_033,2025-10-07,,no_show,0,,,manager,Sales Manager,Senior,remote,ru,2024-05-15,course,online,10,False,510,1,0,0,0.25,0.25,0.25,0.25,0,0.5,0,0.5,10,0.75,0,127,no_show,0
R001279,E0191,EV_008,2025-10-07,,completed,100,,4.0,self,Sales Manager,Middle,office,ru,2022-03-15,workshop,online,4,False,1302,2,1,2,0.3333333333333333,0.16666666666666666,0.16666666666666666,0.3333333333333333,1,0.3333333333333333,1,0.3333333333333333,50,0.75,0,89,completed,1
R001280,E0006,EV_036,2025-10-08,,declined,0,,,manager,Frontend Engineer,Lead,office,kk,2018-01-16,meetup,offline,2,False,2822,2,1,6,0.5,0.1,0.2,0.2,3,0.6,1,0.6666666666666666,72,0.6621621621621622,0,63,declined,0
R001281,E0015,EV_040,2025-10-08,,completed,100,,2.0,manager,Frontend Engineer,Middle,office,ru,2024-03-20,workshop,offline,4,False,567,1,0,3,0.42857142857142855,0.14285714285714285,0.2857142857142857,0.14285714285714285,0,0.5,1,0.6666666666666666,69,0.6901408450704225,0,78,completed,1
R001282,E0031,EV_035,2025-10-09,,completed,100,86.0,5.0,self,Customer Support Specialist,Middle,office,kk,2025-05-21,course,online,16,False,141,1,0,2,0.5,0.16666666666666666,0.16666666666666666,0.16666666666666666,2,0.75,0,0.5,15,0.6470588235294118,0,21,completed,1
R001283,E0051,EV_038,2025-10-09,,completed,100,60.0,,self,Sales Manager,Senior,office,kk,2023-01-30,course,online,16,False,983,1,0,6,0.3,0.2,0.3,0.2,2,0.5,0,0.5,39,0.6829268292682927,0,45,completed,1
R001284,E0068,EV_037,2025-10-09,,completed,100,,5.0,self,Frontend Engineer,Middle,hybrid,kk,2025-06-02,mentoring,online,12,False,129,2,1,3,0.2857142857142857,0.14285714285714285,0.42857142857142855,0.14285714285714285,3,0.4,1,0.3333333333333333,55,0.7543859649122807,0,16,completed,1
R001285,E0075,EV_036,2025-10-09,,completed,100,,5.0,self,Frontend Engineer,Senior,office,kk,2018-10-22,meetup,offline,2,False,2544,3,2,8,0.6666666666666666,0.08333333333333333,0.16666666666666666,0.08333333333333333,3,0.6,2,0.5,73,0.6533333333333333,0,20,completed,1
R001286,E0079,EV_036,2025-10-09,,completed,100,,3.0,self,Sales Manager,Junior,office,ru,2024-10-14,meetup,offline,2,False,360,1,0,6,0.7,0.1,0.1,0.1,2,0.75,0,0.5,73,0.6533333333333333,0,29,completed,1
R001287,E0097,EV_012,2025-10-09,,dropped,15,,,manager,Backend Engineer,Senior,office,kk,2024-02-16,course,self_paced,24,False,601,1,0,4,0.625,0.125,0.125,0.125,0,0.5,2,0.75,11,0.46153846153846156,0,129,dropped,0
R001288,E0032,EV_012,2025-10-10,,dropped,55,,,self,Data Analyst,Junior,hybrid,kk,2024-07-18,course,self_paced,24,False,449,1,0,3,0.42857142857142855,0.14285714285714285,0.2857142857142857,0.14285714285714285,0,0.5,0,0.5,12,0.42857142857142855,0,38,dropped,0
R001289,E0034,EV_023,2025-10-10,,completed,100,,5.0,manager,Data Analyst,Junior,office,kk,2025-08-01,workshop,offline,6,False,70,1,0,0,0.25,0.25,0.25,0.25,0,0.5,0,0.5,14,0.6875,0,57,completed,1
R001290,E0041,EV_020,2025-10-10,,completed,100,66.0,,manager,Product Manager,Senior,office,kk,2023-09-22,course,self_paced,40,False,749,2,1,5,0.4444444444444444,0.2222222222222222,0.1111111111111111,0.2222222222222222,1,0.3333333333333333,2,0.25,5,0.5714285714285714,0,23,completed,1
R001291,E0059,EV_032,2025-10-10,,no_show,0,,,hr,Sales Manager,Middle,remote,ru,2023-06-28,workshop,offline,8,False,835,2,1,9,0.46153846153846156,0.15384615384615385,0.3076923076923077,0.07692307692307693,5,0.42857142857142855,5,0.42857142857142855,14,0.8125,0,71,no_show,0
R001292,E0061,EV_036,2025-10-10,,no_show,0,,,self,Data Analyst,Lead,remote,kk,2023-07-17,meetup,offline,2,False,816,1,0,2,0.3333333333333333,0.16666666666666666,0.16666666666666666,0.3333333333333333,0,0.5,0,0.5,75,0.6623376623376623,0,130,no_show,0
R001293,E0023,EV_019,2025-10-13,,completed,100,,3.0,self,Backend Engineer,Junior,office,kk,2024-11-18,workshop,offline,8,False,329,2,1,7,0.6363636363636364,0.18181818181818182,0.09090909090909091,0.09090909090909091,3,0.6,4,0.6666666666666666,18,0.4,0,68,completed,1
R001294,E0047,EV_006,2025-10-13,,completed,100,,5.0,self,Backend Engineer,Middle,office,ru,2022-12-22,workshop,offline,12,False,1026,2,1,9,0.5384615384615384,0.23076923076923078,0.15384615384615385,0.07692307692307693,3,0.2,4,0.3333333333333333,11,0.5384615384615384,0,47,completed,1
R001295,E0048,EV_008,2025-10-13,,completed,100,,,self,Data Analyst,Middle,hybrid,kk,2024-11-22,workshop,online,4,False,325,1,0,4,0.375,0.25,0.125,0.25,1,0.3333333333333333,3,0.6,51,0.7547169811320755,0,56,completed,1
R001296,E0080,EV_038,2025-10-13,,completed,100,73.0,4.0,manager,Data Analyst,Senior,hybrid,ru,2018-08-15,course,online,16,False,2616,2,1,6,0.4,0.3,0.2,0.1,3,0.6,4,0.3333333333333333,40,0.6904761904761905,0,55,completed,1
R001297,E0065,EV_040,2025-10-14,,completed,100,,,manager,QA Engineer,Middle,hybrid,en,2022-08-01,workshop,offline,4,False,1170,1,0,4,0.375,0.25,0.125,0.25,1,0.6666666666666666,2,0.5,70,0.6944444444444444,0,8,completed,1
R001298,E0091,EV_035,2025-10-14,,completed,100,82.0,5.0,self,QA Engineer,Senior,hybrid,kk,2024-05-28,course,online,16,False,504,1,0,3,0.42857142857142855,0.2857142857142857,0.14285714285714285,0.14285714285714285,2,0.5,1,0.3333333333333333,16,0.6666666666666666,0,134,completed,1
R001299,E0011,EV_012,2025-10-15,,dropped,35,,3.0,manager,Data Analyst,Senior,office,kk,2021-01-11,course,self_paced,24,False,1738,1,0,5,0.5555555555555556,0.1111111111111111,0.2222222222222222,0.1111111111111111,1,0.6666666666666666,3,0.6,13,0.4,0,54,dropped,0
R001300,E0052,EV_037,2025-10-15,,completed,100,,,self,HR Business Partner,Middle,office,kk,2025-01-13,mentoring,online,12,False,275,3,2,4,0.375,0.25,0.25,0.125,3,0.4,2,0.25,56,0.7586206896551724,0,16,completed,1
R001301,E0140,EV_011,2025-10-15,,completed,100,,3.0,self,Backend Engineer,Middle,office,ru,2024-06-21,workshop,offline,6,False,481,1,0,9,0.38461538461538464,0.38461538461538464,0.07692307692307693,0.15384615384615385,2,0.5,2,0.5,10,0.5833333333333334,0,27,completed,1
R001302,E0062,EV_040,2025-10-16,,completed,100,,5.0,self,Sales Manager,Middle,office,ru,2022-06-22,workshop,offline,4,False,1212,1,0,6,0.7,0.1,0.1,0.1,1,0.6666666666666666,4,0.8333333333333334,71,0.6986301369863014,0,69,completed,1
R001303,E0095,EV_029,2025-10-16,,completed,100,73.0,5.0,self,HR Business Partner,Middle,office,kk,2021-12-20,course,self_paced,12,False,1396,1,0,5,0.3333333333333333,0.2222222222222222,0.2222222222222222,0.2222222222222222,0,0.5,0,0.5,5,0.5714285714285714,0,136,completed,1
R001304,E0149,EV_036,2025-10-16,,completed,100,,4.0,self,Sales Manager,Middle,office,ru,2022-10-26,meetup,offline,2,False,1086,4,3,8,0.6666666666666666,0.08333333333333333,0.16666666666666666,0.08333333333333333,4,0.8333333333333334,3,0.8,76,0.6538461538461539,0,28,completed,1
R001305,E0157,EV_001,2025-10-16,2025-11-15,completed,100,95.0,,hr,QA Engineer,Junior,remote,kk,2025-10-13,compliance,self_paced,2,True,3,1,0,0,0.25,0.25,0.25,0.25,0,0.5,0,0.5,0,0.5,1,-1,not_training_eligible,
R001306,E0157,EV_002,2025-10-16,2025-11-15,completed,100,92.0,,hr,QA Engineer,Junior,remote,kk,2025-10-13,compliance,self_paced,2,True,3,1,0,0,0.25,0.25,0.25,0.25,0,0.5,0,0.5,0,0.5,1,-1,not_training_eligible,
R001307,E0157,EV_003,2025-10-16,2025-11-15,completed,100,77.0,,hr,QA Engineer,Junior,remote,kk,2025-10-13,compliance,self_paced,2,True,3,1,0,0,0.25,0.25,0.25,0.25,0,0.5,0,0.5,0,0.5,1,-1,not_training_eligible,
R001308,E0175,EV_011,2025-10-16,,no_show,0,,,self,Backend Engineer,Lead,hybrid,kk,2016-10-03,workshop,offline,6,False,3300,1,0,1,0.4,0.2,0.2,0.2,0,0.5,0,0.5,11,0.6153846153846154,0,136,no_show,0
R001309,E0045,EV_036,2025-10-17,,completed,100,,,manager,Sales Manager,Junior,office,kk,2025-03-28,meetup,offline,2,False,203,1,0,1,0.4,0.2,0.2,0.2,0,0.5,0,0.5,77,0.6582278481012658,0,71,completed,1
R001310,E0081,EV_037,2025-10-17,,dropped,20,,3.0,manager,Customer Support Specialist,Middle,hybrid,kk,2023-12-29,mentoring,online,12,False,658,1,0,3,0.2857142857142857,0.2857142857142857,0.2857142857142857,0.14285714285714285,3,0.4,0,0.5,57,0.7627118644067796,0,91,dropped,0
R001311,E0086,EV_008,2025-10-17,,completed,100,,,self,Customer Support Specialist,Junior,office,kk,2025-05-26,workshop,online,4,False,144,1,0,1,0.2,0.2,0.2,0.4,1,0.3333333333333333,1,0.3333333333333333,52,0.7592592592592593,0,43,completed,1
R001312,E0093,EV_040,2025-10-17,,completed,100,,,self,Customer Support Specialist,Middle,hybrid,kk,2022-08-31,workshop,offline,4,False,1143,1,0,4,0.5,0.25,0.125,0.125,0,0.5,2,0.75,72,0.7027027027027027,0,71,completed,1
R001313,E0102,EV_036,2025-10-17,,completed,100,,5.0,self,Frontend Engineer,Junior,remote,ru,2024-05-30,meetup,offline,2,False,505,1,0,6,0.4,0.1,0.3,0.2,1,0.3333333333333333,0,0.5,77,0.6582278481012658,0,30,completed,1
R001314,E0127,EV_007,2025-10-17,,completed,100,,5.0,self,Backend Engineer,Middle,remote,kk,2022-06-29,mentoring,online,8,False,1206,1,0,6,0.4,0.2,0.3,0.1,3,0.4,1,0.3333333333333333,9,0.6363636363636364,0,11,completed,1
R001315,E0170,EV_015,2025-10-17,,completed,100,92.0,4.0,manager,Frontend Engineer,Middle,hybrid,ru,2025-04-24,course,self_paced,6,False,176,1,0,3,0.14285714285714285,0.2857142857142857,0.2857142857142857,0.2857142857142857,0,0.5,1,0.3333333333333333,6,0.875,0,51,completed,1
R001316,E0191,EV_039,2025-10-17,,completed,100,,5.0,self,Sales Manager,Middle,office,ru,2022-03-15,workshop,online,3,False,1312,1,0,3,0.42857142857142855,0.14285714285714285,0.14285714285714285,0.2857142857142857,2,0.5,2,0.5,45,0.7872340425531915,0,10,completed,1
R001317,E0043,EV_016,2025-10-20,,completed,100,,3.0,self,Frontend Engineer,Senior,hybrid,ru,2021-08-13,workshop,online,4,False,1529,1,0,5,0.6666666666666666,0.1111111111111111,0.1111111111111111,0.1111111111111111,4,0.8333333333333334,0,0.5,19,0.7619047619047619,0,90,completed,1
R001318,E0053,EV_018,2025-10-20,,completed,100,78.0,1.0,manager,QA Engineer,Junior,remote,kk,2024-05-28,course,online,24,False,510,1,0,5,0.2222222222222222,0.2222222222222222,0.4444444444444444,0.1111111111111111,1,0.6666666666666666,0,0.5,10,0.5833333333333334,0,140,completed,1
R001319,E0093,EV_035,2025-10-20,,declined,0,,,hr,Customer Support Specialist,Middle,hybrid,kk,2022-08-31,course,online,16,False,1146,2,1,5,0.5555555555555556,0.2222222222222222,0.1111111111111111,0.1111111111111111,4,0.6666666666666666,1,0.3333333333333333,17,0.6842105263157895,0,3,declined,0
R001320,E0081,EV_037,2025-10-21,,completed,100,,5.0,self,Customer Support Specialist,Middle,hybrid,kk,2023-12-29,mentoring,online,12,False,662,2,1,4,0.25,0.375,0.25,0.125,4,0.3333333333333333,1,0.3333333333333333,58,0.75,0,4,completed,1
R001321,E0112,EV_037,2025-10-21,,completed,100,,4.0,self,Customer Support Specialist,Senior,hybrid,ru,2019-12-30,mentoring,online,12,False,2122,2,1,5,0.5555555555555556,0.2222222222222222,0.1111111111111111,0.1111111111111111,5,0.7142857142857143,1,0.3333333333333333,58,0.75,0,141,completed,1
R001322,E0144,EV_036,2025-10-21,,completed,100,,4.0,manager,Customer Support Specialist,Junior,office,ru,2024-09-16,meetup,offline,2,False,400,1,0,5,0.6666666666666666,0.1111111111111111,0.1111111111111111,0.1111111111111111,1,0.6666666666666666,0,0.5,79,0.6666666666666666,0,141,completed,1
R001323,E0191,EV_032,2025-10-21,,no_show,0,,,hr,Sales Manager,Middle,office,ru,2022-03-15,workshop,offline,8,False,1316,1,0,4,0.5,0.125,0.125,0.25,1,0.6666666666666666,3,0.6,15,0.7647058823529411,0,4,no_show,0
R001324,E0053,EV_019,2025-10-22,,no_show,0,,,manager,QA Engineer,Junior,remote,kk,2024-05-28,workshop,offline,8,False,512,5,4,6,0.3,0.2,0.4,0.1,4,0.16666666666666666,5,0.2857142857142857,19,0.42857142857142855,0,2,no_show,0
R001325,E0080,EV_024,2025-10-22,,dropped,85,,1.0,self,Data Analyst,Senior,hybrid,ru,2018-08-15,course,self_paced,30,False,2625,3,2,7,0.45454545454545453,0.2727272727272727,0.18181818181818182,0.09090909090909091,2,0.25,5,0.42857142857142855,4,0.3333333333333333,0,9,dropped,0
R001326,E0180,EV_036,2025-10-23,,completed,100,,5.0,self,Customer Support Specialist,Lead,hybrid,kk,2020-05-14,meetup,offline,2,False,1988,1,0,6,0.7,0.1,0.1,0.1,1,0.6666666666666666,0,0.5,80,0.6707317073170732,0,58,completed,1
R001327,E0198,EV_036,2025-10-23,,no_show,0,,,self,Sales Manager,Junior,office,ru,2024-06-26,meetup,offline,2,False,484,2,1,7,0.6363636363636364,0.09090909090909091,0.18181818181818182,0.09090909090909091,3,0.8,1,0.6666666666666666,80,0.6707317073170732,0,24,no_show,0
R001328,E0056,EV_037,2025-10-24,,completed,100,,3.0,manager,Sales Manager,Middle,office,ru,2022-07-18,mentoring,online,12,False,1194,1,0,3,0.42857142857142855,0.14285714285714285,0.2857142857142857,0.14285714285714285,2,0.5,0,0.5,60,0.7580645161290323,0,144,completed,1
R001329,E0125,EV_001,2025-10-24,2025-11-23,overdue,60,,,hr,Sales Manager,Middle,office,ru,2025-10-21,compliance,self_paced,2,True,3,1,0,0,0.25,0.25,0.25,0.25,0,0.5,0,0.5,0,0.5,1,-1,not_training_eligible,
R001330,E0125,EV_002,2025-10-24,2025-11-23,completed,100,73.0,,hr,Sales Manager,Middle,office,ru,2025-10-21,compliance,self_paced,2,True,3,1,0,0,0.25,0.25,0.25,0.25,0,0.5,0,0.5,0,0.5,1,-1,not_training_eligible,
R001331,E0125,EV_003,2025-10-24,2025-11-23,completed,100,75.0,,hr,Sales Manager,Middle,office,ru,2025-10-21,compliance,self_paced,2,True,3,1,0,0,0.25,0.25,0.25,0.25,0,0.5,0,0.5,0,0.5,1,-1,not_training_eligible,
R001332,E0035,EV_037,2025-10-27,,no_show,0,,,manager,Customer Support Specialist,Lead,hybrid,ru,2021-08-26,mentoring,online,12,False,1523,1,0,7,0.5454545454545454,0.09090909090909091,0.18181818181818182,0.18181818181818182,6,0.625,0,0.5,61,0.7619047619047619,0,48,no_show,0
R001333,E0173,EV_034,2025-10-27,,no_show,0,,,self,HR Business Partner,Senior,remote,kk,2019-04-25,workshop,online,4,False,2377,1,0,4,0.5,0.125,0.25,0.125,3,0.6,1,0.3333333333333333,34,0.7222222222222222,0,116,no_show,0
R001334,E0007,EV_038,2025-10-28,,completed,100,71.0,,self,Backend Engineer,Senior,office,kk,2018-10-26,course,online,16,False,2559,2,1,6,0.5,0.1,0.2,0.2,3,0.6,3,0.6,41,0.6976744186046512,0,62,completed,1
R001335,E0093,EV_035,2025-10-28,,completed,100,88.0,5.0,hr,Customer Support Specialist,Middle,hybrid,kk,2022-08-31,course,online,16,False,1154,3,2,6,0.5,0.2,0.1,0.2,5,0.5714285714285714,2,0.25,18,0.65,0,8,completed,1
R001336,E0116,EV_026,2025-10-28,,completed,100,,3.0,self,Product Manager,Middle,office,kk,2025-02-20,workshop,offline,8,False,250,1,0,0,0.25,0.25,0.25,0.25,0,0.5,0,0.5,12,0.7857142857142857,0,244,completed,1
R001337,E0020,EV_039,2025-10-29,,no_show,0,,,self,Product Manager,Junior,remote,ru,2024-05-22,workshop,online,3,False,525,1,0,2,0.5,0.16666666666666666,0.16666666666666666,0.16666666666666666,2,0.75,2,0.75,46,0.7916666666666666,0,149,no_show,0
R001338,E0027,EV_028,2025-10-29,,dropped,20,,,self,HR Business Partner,Middle,remote,ru,2025-03-18,workshop,online,4,False,225,1,0,2,0.5,0.16666666666666666,0.16666666666666666,0.16666666666666666,1,0.6666666666666666,0,0.5,6,0.625,0,62,dropped,0
R001339,E0122,EV_037,2025-10-29,,completed,100,,3.0,hr,Frontend Engineer,Senior,hybrid,kk,2024-04-22,mentoring,online,12,False,555,1,0,3,0.42857142857142855,0.2857142857142857,0.14285714285714285,0.14285714285714285,2,0.5,0,0.5,62,0.75,0,27,completed,1
R001340,E0197,EV_040,2025-10-29,,completed,100,,4.0,manager,QA Engineer,Middle,hybrid,ru,2022-08-15,workshop,offline,4,False,1171,3,2,7,0.36363636363636365,0.18181818181818182,0.2727272727272727,0.18181818181818182,3,0.4,5,0.42857142857142855,73,0.7066666666666667,0,71,completed,1
R001341,E0011,EV_038,2025-10-30,,completed,100,96.0,,self,Data Analyst,Senior,office,kk,2021-01-11,course,online,16,False,1753,1,0,6,0.5,0.2,0.2,0.1,4,0.6666666666666666,4,0.5,42,0.7045454545454546,0,15,completed,1
R001342,E0125,EV_004,2025-10-30,2025-11-20,completed,100,,,hr,Sales Manager,Middle,office,ru,2025-10-21,onboarding,offline,8,True,9,1,0,0,0.25,0.25,0.25,0.25,0,0.5,0,0.5,0,0.5,0,6,not_training_eligible,
R001343,E0162,EV_008,2025-10-30,,completed,100,,4.0,self,Data Analyst,Middle,hybrid,kk,2024-01-15,workshop,online,4,False,654,1,0,5,0.5555555555555556,0.1111111111111111,0.2222222222222222,0.1111111111111111,2,0.75,2,0.75,53,0.7636363636363637,0,69,completed,1
R001344,E0163,EV_034,2025-10-31,,completed,100,,5.0,self,Sales Manager,Middle,office,ru,2022-05-25,workshop,online,4,False,1255,1,0,5,0.4444444444444444,0.1111111111111111,0.1111111111111111,0.3333333333333333,1,0.6666666666666666,1,0.6666666666666666,35,0.7027027027027027,0,36,completed,1
R001345,E0198,EV_039,2025-10-31,,no_show,0,,,self,Sales Manager,Junior,office,ru,2024-06-26,workshop,online,3,False,492,1,0,8,0.5833333333333334,0.08333333333333333,0.25,0.08333333333333333,4,0.6666666666666666,5,0.7142857142857143,47,0.7755102040816326,0,8,no_show,0
R001346,E0002,EV_001,2025-11-03,2025-12-03,completed,100,82.0,,hr,Backend Engineer,Middle,remote,ru,2023-04-25,compliance,self_paced,2,True,923,2,1,4,0.375,0.375,0.125,0.125,1,0.6666666666666666,0,0.5,0,0.5,0,139,not_training_eligible,
R001347,E0003,EV_001,2025-11-03,2025-12-03,overdue,0,,,hr,Customer Support Specialist,Senior,hybrid,kk,2019-09-16,compliance,self_paced,2,True,2240,2,1,3,0.5714285714285714,0.14285714285714285,0.14285714285714285,0.14285714285714285,0,0.5,0,0.5,0,0.5,0,154,not_training_eligible,
R001348,E0004,EV_001,2025-11-03,2025-12-03,completed,100,85.0,,hr,Data Analyst,Middle,office,ru,2021-10-21,compliance,self_paced,2,True,1474,2,1,1,0.4,0.2,0.2,0.2,0,0.5,0,0.5,0,0.5,0,154,not_training_eligible,
R001349,E0005,EV_001,2025-11-03,2025-12-03,completed,100,80.0,,hr,Backend Engineer,Middle,hybrid,kk,2024-06-12,compliance,self_paced,2,True,509,2,1,10,0.5,0.14285714285714285,0.14285714285714285,0.21428571428571427,2,0.5,0,0.5,0,0.5,0,56,not_training_eligible,
R001350,E0006,EV_001,2025-11-03,2025-12-03,completed,100,89.0,,hr,Frontend Engineer,Lead,office,kk,2018-01-16,compliance,self_paced,2,True,2848,2,1,7,0.45454545454545453,0.09090909090909091,0.18181818181818182,0.2727272727272727,2,0.75,0,0.5,0,0.5,0,26,not_training_eligible,
R001351,E0007,EV_001,2025-11-03,2025-12-03,completed,100,86.0,,hr,Backend Engineer,Senior,office,kk,2018-10-26,compliance,self_paced,2,True,2565,2,1,7,0.5454545454545454,0.09090909090909091,0.18181818181818182,0.18181818181818182,1,0.6666666666666666,0,0.5,0,0.5,0,6,not_training_eligible,
R001352,E0008,EV_001,2025-11-03,2025-12-03,completed,100,72.0,,hr,Frontend Engineer,Senior,remote,en,2024-11-11,compliance,self_paced,2,True,357,2,1,9,0.38461538461538464,0.15384615384615385,0.3076923076923077,0.15384615384615385,1,0.3333333333333333,0,0.5,0,0.5,0,154,not_training_eligible,
R001353,E0010,EV_001,2025-11-03,2025-12-03,completed,100,100.0,,hr,Customer Support Specialist,Middle,remote,ru,2023-11-24,compliance,self_paced,2,True,710,2,1,1,0.2,0.4,0.2,0.2,0,0.5,0,0.5,0,0.5,0,154,not_training_eligible,
R001354,E0011,EV_001,2025-11-03,2025-12-03,overdue,25,,,hr,Data Analyst,Senior,office,kk,2021-01-11,compliance,self_paced,2,True,1757,2,1,7,0.5454545454545454,0.18181818181818182,0.18181818181818182,0.09090909090909091,2,0.5,0,0.5,0,0.5,0,4,not_training_eligible,
R001355,E0012,EV_001,2025-11-03,2025-12-03,completed,100,71.0,,hr,Sales Manager,Middle,hybrid,ru,2022-01-19,compliance,self_paced,2,True,1384,2,1,3,0.5714285714285714,0.14285714285714285,0.14285714285714285,0.14285714285714285,0,0.5,0,0.5,0,0.5,0,70,not_training_eligible,
R001356,E0013,EV_001,2025-11-03,2025-12-03,completed,100,90.0,,hr,Backend Engineer,Senior,office,ru,2020-12-28,compliance,self_paced,2,True,1771,2,1,7,0.5454545454545454,0.09090909090909091,0.18181818181818182,0.18181818181818182,1,0.3333333333333333,0,0.5,0,0.5,0,87,not_training_eligible,
R001357,E0014,EV_001,2025-11-03,2025-12-03,completed,100,87.0,,hr,HR Business Partner,Lead,office,en,2019-10-02,compliance,self_paced,2,True,2224,2,1,3,0.42857142857142855,0.2857142857142857,0.14285714285714285,0.14285714285714285,1,0.3333333333333333,0,0.5,0,0.5,0,154,not_training_eligible,
R001358,E0015,EV_001,2025-11-03,2025-12-03,completed,100,81.0,,hr,Frontend Engineer,Middle,office,ru,2024-03-20,compliance,self_paced,2,True,593,2,1,4,0.5,0.125,0.25,0.125,1,0.6666666666666666,0,0.5,0,0.5,0,26,not_training_eligible,
R001359,E0017,EV_001,2025-11-03,2025-12-03,completed,100,92.0,,hr,Product Manager,Senior,office,ru,2019-02-26,compliance,self_paced,2,True,2442,2,1,7,0.7272727272727273,0.09090909090909091,0.09090909090909091,0.09090909090909091,0,0.5,0,0.5,0,0.5,0,46,not_training_eligible,
R001360,E0018,EV_001,2025-11-03,2025-12-03,completed,100,98.0,,hr,Customer Support Specialist,Junior,remote,en,2024-03-26,compliance,self_paced,2,True,587,2,1,3,0.42857142857142855,0.14285714285714285,0.14285714285714285,0.2857142857142857,0,0.5,0,0.5,0,0.5,0,154,not_training_eligible,
R001361,E0019,EV_001,2025-11-03,2025-12-03,completed,100,91.0,,hr,Frontend Engineer,Junior,office,kk,2025-03-31,compliance,self_paced,2,True,217,2,1,1,0.4,0.2,0.2,0.2,0,0.5,0,0.5,0,0.5,0,151,not_training_eligible,
R001362,E0020,EV_001,2025-11-03,2025-12-03,completed,100,84.0,,hr,Product Manager,Junior,remote,ru,2024-05-22,compliance,self_paced,2,True,530,2,1,3,0.42857142857142855,0.14285714285714285,0.2857142857142857,0.14285714285714285,0,0.5,0,0.5,0,0.5,0,5,not_training_eligible,
R001363,E0021,EV_001,2025-11-03,2025-12-03,completed,100,78.0,,hr,Customer Support Specialist,Middle,remote,ru,2024-09-12,compliance,self_paced,2,True,417,2,1,3,0.5714285714285714,0.14285714285714285,0.14285714285714285,0.14285714285714285,0,0.5,0,0.5,0,0.5,0,31,not_training_eligible,
R001364,E0023,EV_001,2025-11-03,2025-12-03,completed,100,85.0,,hr,Backend Engineer,Junior,office,kk,2024-11-18,compliance,self_paced,2,True,350,2,1,8,0.6666666666666666,0.16666666666666666,0.08333333333333333,0.08333333333333333,1,0.6666666666666666,0,0.5,0,0.5,0,21,not_training_eligible,
R001365,E0025,EV_001,2025-11-03,2025-12-03,overdue,40,,,hr,Data Analyst,Junior,office,kk,2024-04-22,compliance,self_paced,2,True,560,2,1,2,0.5,0.16666666666666666,0.16666666666666666,0.16666666666666666,0,0.5,0,0.5,0,0.5,0,102,not_training_eligible,
R001366,E0026,EV_001,2025-11-03,2025-12-03,overdue,0,,,hr,Backend Engineer,Senior,hybrid,kk,2022-04-25,compliance,self_paced,2,True,1288,2,1,3,0.42857142857142855,0.2857142857142857,0.14285714285714285,0.14285714285714285,1,0.3333333333333333,0,0.5,0,0.5,0,137,not_training_eligible,
R001367,E0027,EV_001,2025-11-03,2025-12-03,completed,100,85.0,,hr,HR Business Partner,Middle,remote,ru,2025-03-18,compliance,self_paced,2,True,230,2,1,3,0.42857142857142855,0.2857142857142857,0.14285714285714285,0.14285714285714285,1,0.6666666666666666,0,0.5,0,0.5,0,5,not_training_eligible,
R001368,E0028,EV_001,2025-11-03,2025-12-03,completed,100,91.0,,hr,Backend Engineer,Middle,hybrid,kk,2022-05-23,compliance,self_paced,2,True,1260,2,1,3,0.42857142857142855,0.14285714285714285,0.2857142857142857,0.14285714285714285,0,0.5,0,0.5,0,0.5,0,67,not_training_eligible,
R001369,E0029,EV_001,2025-11-03,2025-12-03,completed,100,79.0,,hr,Customer Support Specialist,Senior,hybrid,kk,2025-03-13,compliance,self_paced,2,True,235,2,1,4,0.625,0.125,0.125,0.125,0,0.5,0,0.5,0,0.5,0,41,not_training_eligible,
R001370,E0030,EV_001,2025-11-03,2025-12-03,completed,100,100.0,,hr,Customer Support Specialist,Middle,office,ru,2024-12-12,compliance,self_paced,2,True,326,2,1,1,0.4,0.2,0.2,0.2,0,0.5,0,0.5,0,0.5,0,152,not_training_eligible,
R001371,E0031,EV_001,2025-11-03,2025-12-03,completed,100,76.0,,hr,Customer Support Specialist,Middle,office,kk,2025-05-21,compliance,self_paced,2,True,166,2,1,3,0.5714285714285714,0.14285714285714285,0.14285714285714285,0.14285714285714285,0,0.5,0,0.5,0,0.5,0,25,not_training_eligible,
R001372,E0032,EV_001,2025-11-03,2025-12-03,completed,100,93.0,,hr,Data Analyst,Junior,hybrid,kk,2024-07-18,compliance,self_paced,2,True,473,2,1,4,0.375,0.25,0.25,0.125,1,0.3333333333333333,0,0.5,0,0.5,0,24,not_training_eligible,
R001373,E0035,EV_001,2025-11-03,2025-12-03,completed,100,98.0,,hr,Customer Support Specialist,Lead,hybrid,ru,2021-08-26,compliance,self_paced,2,True,1530,2,1,8,0.5,0.08333333333333333,0.25,0.16666666666666666,0,0.5,0,0.5,0,0.5,0,7,not_training_eligible,
R001374,E0036,EV_001,2025-11-03,2025-12-03,completed,100,100.0,,hr,Frontend Engineer,Junior,remote,ru,2025-06-30,compliance,self_paced,2,True,126,2,1,1,0.4,0.2,0.2,0.2,0,0.5,0,0.5,0,0.5,0,39,not_training_eligible,
R001375,E0037,EV_001,2025-11-03,2025-12-03,completed,100,85.0,,hr,Frontend Engineer,Junior,remote,ru,2024-11-11,compliance,self_paced,2,True,357,2,1,5,0.4444444444444444,0.1111111111111111,0.3333333333333333,0.1111111111111111,0,0.5,0,0.5,0,0.5,0,111,not_training_eligible,
R001376,E0038,EV_001,2025-11-03,2025-12-03,completed,100,92.0,,hr,Product Manager,Senior,hybrid,kk,2022-06-24,compliance,self_paced,2,True,1228,2,1,3,0.42857142857142855,0.14285714285714285,0.14285714285714285,0.2857142857142857,0,0.5,0,0.5,0,0.5,0,45,not_training_eligible,
R001377,E0039,EV_001,2025-11-03,2025-12-03,overdue,40,,,hr,Data Analyst,Middle,hybrid,ru,2022-08-29,compliance,self_paced,2,True,1162,2,1,3,0.2857142857142857,0.14285714285714285,0.42857142857142855,0.14285714285714285,0,0.5,0,0.5,0,0.5,0,28,not_training_eligible,
R001378,E0040,EV_001,2025-11-03,2025-12-03,completed,100,80.0,,hr,Backend Engineer,Junior,office,ru,2025-06-13,compliance,self_paced,2,True,143,2,1,2,0.3333333333333333,0.16666666666666666,0.3333333333333333,0.16666666666666666,0,0.5,0,0.5,0,0.5,0,42,not_training_eligible,
R001379,E0041,EV_001,2025-11-03,2025-12-03,completed,100,75.0,,hr,Product Manager,Senior,office,kk,2023-09-22,compliance,self_paced,2,True,773,2,1,6,0.5,0.2,0.1,0.2,2,0.5,0,0.5,0,0.5,0,24,not_training_eligible,
R001380,E0042,EV_001,2025-11-03,2025-12-03,completed,100,83.0,,hr,Frontend Engineer,Junior,hybrid,ru,2024-08-21,compliance,self_paced,2,True,439,2,1,5,0.4444444444444444,0.2222222222222222,0.2222222222222222,0.1111111111111111,1,0.6666666666666666,0,0.5,0,0.5,0,41,not_training_eligible,
R001381,E0043,EV_001,2025-11-03,2025-12-03,completed,100,79.0,,hr,Frontend Engineer,Senior,hybrid,ru,2021-08-13,compliance,self_paced,2,True,1543,2,1,6,0.7,0.1,0.1,0.1,1,0.6666666666666666,0,0.5,0,0.5,0,14,not_training_eligible,
R001382,E0044,EV_001,2025-11-03,2025-12-03,completed,100,97.0,,hr,Frontend Engineer,Lead,office,kk,2022-10-17,compliance,self_paced,2,True,1113,2,1,4,0.5,0.125,0.25,0.125,0,0.5,0,0.5,0,0.5,0,63,not_training_eligible,
R001383,E0045,EV_001,2025-11-03,2025-12-03,completed,100,95.0,,hr,Sales Manager,Junior,office,kk,2025-03-28,compliance,self_paced,2,True,220,2,1,2,0.5,0.16666666666666666,0.16666666666666666,0.16666666666666666,0,0.5,0,0.5,0,0.5,0,17,not_training_eligible,
R001384,E0046,EV_001,2025-11-03,2025-12-03,completed,100,71.0,,hr,Sales Manager,Middle,hybrid,ru,2024-02-26,compliance,self_paced,2,True,616,2,1,7,0.5454545454545454,0.2727272727272727,0.09090909090909091,0.09090909090909091,0,0.5,0,0.5,0,0.5,0,38,not_training_eligible,
R001385,E0047,EV_001,2025-11-03,2025-12-03,completed,100,84.0,,hr,Backend Engineer,Middle,office,ru,2022-12-22,compliance,self_paced,2,True,1047,2,1,10,0.5714285714285714,0.21428571428571427,0.14285714285714285,0.07142857142857142,2,0.75,0,0.5,0,0.5,0,21,not_training_eligible,
R001386,E0048,EV_001,2025-11-03,2025-12-03,completed,100,83.0,,hr,Data Analyst,Middle,hybrid,kk,2024-11-22,compliance,self_paced,2,True,346,2,1,5,0.4444444444444444,0.2222222222222222,0.1111111111111111,0.2222222222222222,1,0.3333333333333333,0,0.5,0,0.5,0,21,not_training_eligible,
R001387,E0050,EV_001,2025-11-03,2025-12-03,completed,100,98.0,,hr,Backend Engineer,Lead,hybrid,ru,2017-01-24,compliance,self_paced,2,True,3205,2,1,8,0.5833333333333334,0.08333333333333333,0.16666666666666666,0.16666666666666666,1,0.6666666666666666,0,0.5,0,0.5,0,33,not_training_eligible,
R001388,E0051,EV_001,2025-11-03,2025-12-03,overdue,0,,,hr,Sales Manager,Senior,office,kk,2023-01-30,compliance,self_paced,2,True,1008,2,1,7,0.36363636363636365,0.18181818181818182,0.2727272727272727,0.18181818181818182,0,0.5,0,0.5,0,0.5,0,25,not_training_eligible,
R001389,E0052,EV_001,2025-11-03,2025-12-03,completed,100,72.0,,hr,HR Business Partner,Middle,office,kk,2025-01-13,compliance,self_paced,2,True,294,2,1,5,0.4444444444444444,0.2222222222222222,0.2222222222222222,0.1111111111111111,0,0.5,0,0.5,0,0.5,0,19,not_training_eligible,
R001390,E0053,EV_001,2025-11-03,2025-12-03,overdue,0,,,hr,QA Engineer,Junior,remote,kk,2024-05-28,compliance,self_paced,2,True,524,2,1,7,0.2727272727272727,0.18181818181818182,0.45454545454545453,0.09090909090909091,0,0.5,0,0.5,0,0.5,0,12,not_training_eligible,
R001391,E0054,EV_001,2025-11-03,2025-12-03,completed,100,99.0,,hr,Data Analyst,Senior,hybrid,kk,2022-11-30,compliance,self_paced,2,True,1069,2,1,4,0.5,0.125,0.125,0.25,0,0.5,0,0.5,0,0.5,0,111,not_training_eligible,
R001392,E0055,EV_001,2025-11-03,2025-12-03,completed,100,95.0,,hr,Product Manager,Lead,hybrid,en,2023-02-22,compliance,self_paced,2,True,985,2,1,8,0.6666666666666666,0.08333333333333333,0.16666666666666666,0.08333333333333333,0,0.5,0,0.5,0,0.5,0,39,not_training_eligible,
R001393,E0056,EV_001,2025-11-03,2025-12-03,completed,100,90.0,,hr,Sales Manager,Middle,office,ru,2022-07-18,compliance,self_paced,2,True,1204,2,1,4,0.5,0.125,0.25,0.125,0,0.5,0,0.5,0,0.5,0,10,not_training_eligible,
R001394,E0057,EV_001,2025-11-03,2025-12-03,completed,100,83.0,,hr,Sales Manager,Senior,hybrid,kk,2023-10-19,compliance,self_paced,2,True,746,2,1,6,0.6,0.1,0.2,0.1,0,0.5,0,0.5,0,0.5,0,105,not_training_eligible,
R001395,E0059,EV_001,2025-11-03,2025-12-03,completed,100,73.0,,hr,Sales Manager,Middle,remote,ru,2023-06-28,compliance,self_paced,2,True,859,2,1,10,0.42857142857142855,0.14285714285714285,0.35714285714285715,0.07142857142857142,0,0.5,0,0.5,0,0.5,0,24,not_training_eligible,
R001396,E0060,EV_001,2025-11-03,2025-12-03,overdue,10,,,hr,Product Manager,Lead,office,kk,2021-10-18,compliance,self_paced,2,True,1477,2,1,4,0.5,0.125,0.125,0.25,0,0.5,0,0.5,0,0.5,0,98,not_training_eligible,
R001397,E0061,EV_001,2025-11-03,2025-12-03,completed,100,71.0,,hr,Data Analyst,Lead,remote,kk,2023-07-17,compliance,self_paced,2,True,840,2,1,3,0.2857142857142857,0.14285714285714285,0.2857142857142857,0.2857142857142857,1,0.3333333333333333,0,0.5,0,0.5,0,24,not_training_eligible,
R001398,E0062,EV_001,2025-11-03,2025-12-03,completed,100,93.0,,hr,Sales Manager,Middle,office,ru,2022-06-22,compliance,self_paced,2,True,1230,2,1,7,0.7272727272727273,0.09090909090909091,0.09090909090909091,0.09090909090909091,0,0.5,0,0.5,0,0.5,0,18,not_training_eligible,
R001399,E0063,EV_001,2025-11-03,2025-12-03,completed,100,81.0,,hr,QA Engineer,Lead,office,kk,2023-08-29,compliance,self_paced,2,True,797,2,1,2,0.3333333333333333,0.3333333333333333,0.16666666666666666,0.16666666666666666,0,0.5,0,0.5,0,0.5,0,154,not_training_eligible,
R001400,E0064,EV_001,2025-11-03,2025-12-03,overdue,60,,,hr,Backend Engineer,Senior,office,ru,2021-10-20,compliance,self_paced,2,True,1475,2,1,3,0.42857142857142855,0.2857142857142857,0.14285714285714285,0.14285714285714285,0,0.5,0,0.5,0,0.5,0,146,not_training_eligible,
R001401,E0065,EV_001,2025-11-03,2025-12-03,completed,100,90.0,,hr,QA Engineer,Middle,hybrid,en,2022-08-01,compliance,self_paced,2,True,1190,2,1,5,0.4444444444444444,0.2222222222222222,0.1111111111111111,0.2222222222222222,1,0.3333333333333333,0,0.5,0,0.5,0,20,not_training_eligible,
R001402,E0066,EV_001,2025-11-03,2025-12-03,completed,100,89.0,,hr,QA Engineer,Middle,office,en,2024-05-14,compliance,self_paced,2,True,538,2,1,3,0.42857142857142855,0.14285714285714285,0.2857142857142857,0.14285714285714285,0,0.5,0,0.5,0,0.5,0,153,not_training_eligible,
R001403,E0067,EV_001,2025-11-03,2025-12-03,completed,100,98.0,,hr,Frontend Engineer,Middle,hybrid,ru,2024-10-16,compliance,self_paced,2,True,383,2,1,5,0.6666666666666666,0.1111111111111111,0.1111111111111111,0.1111111111111111,1,0.6666666666666666,0,0.5,0,0.5,0,32,not_training_eligible,
R001404,E0068,EV_001,2025-11-03,2025-12-03,completed,100,80.0,,hr,Frontend Engineer,Middle,hybrid,kk,2025-06-02,compliance,self_paced,2,True,154,2,1,4,0.375,0.125,0.375,0.125,0,0.5,0,0.5,0,0.5,0,25,not_training_eligible,
R001405,E0069,EV_001,2025-11-03,2025-12-03,completed,100,90.0,,hr,Backend Engineer,Middle,hybrid,en,2023-09-20,compliance,self_paced,2,True,775,2,1,3,0.2857142857142857,0.2857142857142857,0.2857142857142857,0.14285714285714285,1,0.3333333333333333,0,0.5,0,0.5,0,27,not_training_eligible,
R001406,E0070,EV_001,2025-11-03,2025-12-03,completed,100,78.0,,hr,Customer Support Specialist,Senior,hybrid,kk,2022-11-30,compliance,self_paced,2,True,1069,2,1,4,0.5,0.125,0.125,0.25,0,0.5,0,0.5,0,0.5,0,126,not_training_eligible,
R001407,E0071,EV_001,2025-11-03,2025-12-03,completed,100,89.0,,hr,Product Manager,Middle,office,kk,2022-11-14,compliance,self_paced,2,True,1085,2,1,7,0.6363636363636364,0.18181818181818182,0.09090909090909091,0.09090909090909091,0,0.5,0,0.5,0,0.5,0,83,not_training_eligible,
R001408,E0072,EV_001,2025-11-03,2025-12-03,completed,100,99.0,,hr,QA Engineer,Middle,office,ru,2024-04-15,compliance,self_paced,2,True,567,2,1,1,0.2,0.4,0.2,0.2,0,0.5,0,0.5,0,0.5,0,34,not_training_eligible,
R001409,E0073,EV_001,2025-11-03,2025-12-03,completed,100,84.0,,hr,Data Analyst,Senior,office,ru,2022-08-29,compliance,self_paced,2,True,1162,2,1,6,0.3,0.4,0.2,0.1,1,0.3333333333333333,0,0.5,0,0.5,0,154,not_training_eligible,
R001410,E0074,EV_001,2025-11-03,2025-12-03,completed,100,94.0,,hr,Product Manager,Middle,office,kk,2022-04-20,compliance,self_paced,2,True,1293,2,1,2,0.3333333333333333,0.16666666666666666,0.16666666666666666,0.3333333333333333,0,0.5,0,0.5,0,0.5,0,34,not_training_eligible,
R001411,E0075,EV_001,2025-11-03,2025-12-03,overdue,0,,,hr,Frontend Engineer,Senior,office,kk,2018-10-22,compliance,self_paced,2,True,2569,2,1,9,0.6923076923076923,0.07692307692307693,0.15384615384615385,0.07692307692307693,1,0.6666666666666666,0,0.5,0,0.5,0,25,not_training_eligible,
R001412,E0078,EV_001,2025-11-03,2025-12-03,completed,100,84.0,,hr,Customer Support Specialist,Junior,hybrid,kk,2024-11-11,compliance,self_paced,2,True,357,2,1,1,0.4,0.2,0.2,0.2,0,0.5,0,0.5,0,0.5,0,39,not_training_eligible,
R001413,E0079,EV_001,2025-11-03,2025-12-03,completed,100,79.0,,hr,Sales Manager,Junior,office,ru,2024-10-14,compliance,self_paced,2,True,385,2,1,7,0.7272727272727273,0.09090909090909091,0.09090909090909091,0.09090909090909091,0,0.5,0,0.5,0,0.5,0,25,not_training_eligible,
R001414,E0080,EV_001,2025-11-03,2025-12-03,completed,100,90.0,,hr,Data Analyst,Senior,hybrid,ru,2018-08-15,compliance,self_paced,2,True,2637,2,1,8,0.4166666666666667,0.3333333333333333,0.16666666666666666,0.08333333333333333,3,0.2,0,0.5,0,0.5,0,12,not_training_eligible,
R001415,E0081,EV_001,2025-11-03,2025-12-03,overdue,60,,,hr,Customer Support Specialist,Middle,hybrid,kk,2023-12-29,compliance,self_paced,2,True,675,2,1,5,0.3333333333333333,0.3333333333333333,0.2222222222222222,0.1111111111111111,0,0.5,0,0.5,0,0.5,0,13,not_training_eligible,
R001416,E0082,EV_001,2025-11-03,2025-12-03,overdue,60,,,hr,Frontend Engineer,Middle,office,ru,2025-03-27,compliance,self_paced,2,True,221,2,1,0,0.25,0.25,0.25,0.25,0,0.5,0,0.5,0,0.5,0,202,not_training_eligible,
R001417,E0082,EV_009,2025-11-03,,completed,100,80.0,,manager,Frontend Engineer,Middle,office,ru,2025-03-27,certification,self_paced,40,False,221,1,0,0,0.25,0.25,0.25,0.25,0,0.5,0,0.5,28,0.5666666666666667,0,202,completed,1
R001418,E0083,EV_001,2025-11-03,2025-12-03,completed,100,78.0,,hr,Customer Support Specialist,Senior,hybrid,ru,2025-01-30,compliance,self_paced,2,True,277,2,1,2,0.3333333333333333,0.3333333333333333,0.16666666666666666,0.16666666666666666,0,0.5,0,0.5,0,0.5,0,104,not_training_eligible,
R001419,E0085,EV_001,2025-11-03,2025-12-03,completed,100,97.0,,hr,Data Analyst,Lead,hybrid,ru,2018-05-23,compliance,self_paced,2,True,2721,2,1,5,0.5555555555555556,0.2222222222222222,0.1111111111111111,0.1111111111111111,1,0.3333333333333333,0,0.5,0,0.5,0,124,not_training_eligible,
R001420,E0086,EV_001,2025-11-03,2025-12-03,completed,100,77.0,,hr,Customer Support Specialist,Junior,office,kk,2025-05-26,compliance,self_paced,2,True,161,2,1,2,0.3333333333333333,0.16666666666666666,0.16666666666666666,0.3333333333333333,0,0.5,0,0.5,0,0.5,0,17,not_training_eligible,
R001421,E0087,EV_001,2025-11-03,2025-12-03,completed,100,97.0,,hr,Backend Engineer,Middle,office,ru,2025-04-15,compliance,self_paced,2,True,202,2,1,1,0.2,0.4,0.2,0.2,0,0.5,0,0.5,0,0.5,0,168,not_training_eligible,
R001422,E0088,EV_001,2025-11-03,2025-12-03,completed,100,84.0,,hr,Backend Engineer,Senior,remote,kk,2019-04-22,compliance,self_paced,2,True,2387,2,1,5,0.6666666666666666,0.1111111111111111,0.1111111111111111,0.1111111111111111,0,0.5,0,0.5,0,0.5,0,89,not_training_eligible,
R001423,E0090,EV_001,2025-11-03,2025-12-03,overdue,10,,,hr,Data Analyst,Middle,office,ru,2025-06-24,compliance,self_paced,2,True,132,2,1,0,0.25,0.25,0.25,0.25,0,0.5,0,0.5,0,0.5,0,119,not_training_eligible,
R001424,E0091,EV_001,2025-11-03,2025-12-03,completed,100,86.0,,hr,QA Engineer,Senior,hybrid,kk,2024-05-28,compliance,self_paced,2,True,524,2,1,4,0.5,0.25,0.125,0.125,0,0.5,0,0.5,0,0.5,0,20,not_training_eligible,
R001425,E0092,EV_001,2025-11-03,2025-12-03,completed,100,81.0,,hr,Backend Engineer,Middle,office,en,2024-10-11,compliance,self_paced,2,True,388,2,1,1,0.4,0.2,0.2,0.2,0,0.5,0,0.5,0,0.5,0,150,not_training_eligible,
R001426,E0093,EV_001,2025-11-03,2025-12-03,completed,100,99.0,,hr,Customer Support Specialist,Middle,hybrid,kk,2022-08-31,compliance,self_paced,2,True,1160,2,1,7,0.5454545454545454,0.18181818181818182,0.09090909090909091,0.18181818181818182,0,0.5,0,0.5,0,0.5,0,6,not_training_eligible,
R001427,E0094,EV_001,2025-11-03,2025-12-03,completed,100,82.0,,hr,Sales Manager,Senior,hybrid,ru,2022-01-12,compliance,self_paced,2,True,1391,2,1,5,0.5555555555555556,0.2222222222222222,0.1111111111111111,0.1111111111111111,0,0.5,0,0.5,0,0.5,0,45,not_training_eligible,
R001428,E0095,EV_001,2025-11-03,2025-12-03,completed,100,83.0,,hr,HR Business Partner,Middle,office,kk,2021-12-20,compliance,self_paced,2,True,1414,2,1,6,0.4,0.2,0.2,0.2,1,0.6666666666666666,0,0.5,0,0.5,0,18,not_training_eligible,
R001429,E0097,EV_001,2025-11-03,2025-12-03,completed,100,87.0,,hr,Backend Engineer,Senior,office,kk,2024-02-16,compliance,self_paced,2,True,626,2,1,5,0.5555555555555556,0.2222222222222222,0.1111111111111111,0.1111111111111111,1,0.3333333333333333,0,0.5,0,0.5,0,25,not_training_eligible,
R001430,E0098,EV_001,2025-11-03,2025-12-03,completed,100,87.0,,hr,QA Engineer,Middle,hybrid,kk,2023-04-18,compliance,self_paced,2,True,930,2,1,7,0.36363636363636365,0.45454545454545453,0.09090909090909091,0.09090909090909091,2,0.25,0,0.5,0,0.5,0,38,not_training_eligible,
R001431,E0099,EV_001,2025-11-03,2025-12-03,completed,100,90.0,,hr,HR Business Partner,Middle,hybrid,ru,2022-05-17,compliance,self_paced,2,True,1266,2,1,6,0.4,0.3,0.2,0.1,1,0.6666666666666666,0,0.5,0,0.5,0,126,not_training_eligible,
R001432,E0100,EV_001,2025-11-03,2025-12-03,completed,100,78.0,,hr,Product Manager,Junior,office,ru,2024-11-18,compliance,self_paced,2,True,350,2,1,2,0.16666666666666666,0.5,0.16666666666666666,0.16666666666666666,0,0.5,0,0.5,0,0.5,0,137,not_training_eligible,
R001433,E0102,EV_001,2025-11-03,2025-12-03,completed,100,76.0,,hr,Frontend Engineer,Junior,remote,ru,2024-05-30,compliance,self_paced,2,True,522,2,1,7,0.45454545454545453,0.09090909090909091,0.2727272727272727,0.18181818181818182,1,0.6666666666666666,0,0.5,0,0.5,0,17,not_training_eligible,
R001434,E0103,EV_001,2025-11-03,2025-12-03,completed,100,100.0,,hr,QA Engineer,Senior,remote,ru,2021-08-17,compliance,self_paced,2,True,1539,2,1,5,0.4444444444444444,0.1111111111111111,0.3333333333333333,0.1111111111111111,0,0.5,0,0.5,0,0.5,0,27,not_training_eligible,
R001435,E0105,EV_001,2025-11-03,2025-12-03,completed,100,80.0,,hr,HR Business Partner,Senior,office,kk,2024-04-22,compliance,self_paced,2,True,560,2,1,7,0.5454545454545454,0.2727272727272727,0.09090909090909091,0.09090909090909091,0,0.5,0,0.5,0,0.5,0,33,not_training_eligible,
R001436,E0106,EV_001,2025-11-03,2025-12-03,completed,100,73.0,,hr,Backend Engineer,Senior,remote,kk,2020-02-13,compliance,self_paced,2,True,2090,2,1,1,0.2,0.2,0.4,0.2,0,0.5,0,0.5,0,0.5,0,154,not_training_eligible,
R001437,E0107,EV_001,2025-11-03,2025-12-03,completed,100,98.0,,hr,Product Manager,Middle,office,ru,2022-04-25,compliance,self_paced,2,True,1288,2,1,6,0.6,0.2,0.1,0.1,0,0.5,0,0.5,0,0.5,0,63,not_training_eligible,
R001438,E0108,EV_001,2025-11-03,2025-12-03,overdue,25,,,hr,Product Manager,Middle,office,ru,2022-04-18,compliance,self_paced,2,True,1295,2,1,0,0.25,0.25,0.25,0.25,0,0.5,0,0.5,0,0.5,0,154,not_training_eligible,
R001439,E0109,EV_001,2025-11-03,2025-12-03,completed,100,73.0,,hr,Frontend Engineer,Middle,office,ru,2023-12-21,compliance,self_paced,2,True,683,2,1,5,0.4444444444444444,0.2222222222222222,0.2222222222222222,0.1111111111111111,0,0.5,0,0.5,0,0.5,0,59,not_training_eligible,
R001440,E0111,EV_001,2025-11-03,2025-12-03,completed,100,75.0,,hr,QA Engineer,Middle,office,ru,2024-06-19,compliance,self_paced,2,True,502,2,1,5,0.6666666666666666,0.1111111111111111,0.1111111111111111,0.1111111111111111,1,0.6666666666666666,0,0.5,0,0.5,0,56,not_training_eligible,
R001441,E0112,EV_001,2025-11-03,2025-12-03,completed,100,83.0,,hr,Customer Support Specialist,Senior,hybrid,ru,2019-12-30,compliance,self_paced,2,True,2135,2,1,6,0.6,0.2,0.1,0.1,0,0.5,0,0.5,0,0.5,0,13,not_training_eligible,
R001442,E0113,EV_001,2025-11-03,2025-12-03,completed,100,88.0,,hr,Product Manager,Junior,office,ru,2025-02-14,compliance,self_paced,2,True,262,2,1,1,0.4,0.2,0.2,0.2,0,0.5,0,0.5,0,0.5,0,68,not_training_eligible,
R001443,E0114,EV_001,2025-11-03,2025-12-03,completed,100,85.0,,hr,Customer Support Specialist,Junior,hybrid,en,2024-11-14,compliance,self_paced,2,True,354,2,1,2,0.3333333333333333,0.16666666666666666,0.16666666666666666,0.3333333333333333,0,0.5,0,0.5,0,0.5,0,97,not_training_eligible,
R001444,E0115,EV_001,2025-11-03,2025-12-03,completed,100,73.0,,hr,Frontend Engineer,Junior,hybrid,ru,2025-02-12,compliance,self_paced,2,True,264,2,1,3,0.2857142857142857,0.42857142857142855,0.14285714285714285,0.14285714285714285,0,0.5,0,0.5,0,0.5,0,139,not_training_eligible,
R001445,E0116,EV_001,2025-11-03,2025-12-03,completed,100,98.0,,hr,Product Manager,Middle,office,kk,2025-02-20,compliance,self_paced,2,True,256,2,1,1,0.4,0.2,0.2,0.2,0,0.5,0,0.5,0,0.5,0,6,not_training_eligible,
R001446,E0118,EV_001,2025-11-03,2025-12-03,completed,100,97.0,,hr,Frontend Engineer,Middle,hybrid,ru,2021-11-01,compliance,self_paced,2,True,1463,2,1,7,0.5454545454545454,0.18181818181818182,0.18181818181818182,0.09090909090909091,1,0.6666666666666666,0,0.5,0,0.5,0,62,not_training_eligible,
R001447,E0120,EV_001,2025-11-03,2025-12-03,completed,100,79.0,,hr,Frontend Engineer,Senior,hybrid,ru,2019-11-25,compliance,self_paced,2,True,2170,2,1,5,0.6666666666666666,0.1111111111111111,0.1111111111111111,0.1111111111111111,1,0.6666666666666666,0,0.5,0,0.5,0,88,not_training_eligible,
R001448,E0122,EV_001,2025-11-03,2025-12-03,completed,100,96.0,,hr,Frontend Engineer,Senior,hybrid,kk,2024-04-22,compliance,self_paced,2,True,560,2,1,4,0.5,0.25,0.125,0.125,0,0.5,0,0.5,0,0.5,0,5,not_training_eligible,
R001449,E0123,EV_001,2025-11-03,2025-12-03,completed,100,75.0,,hr,Frontend Engineer,Senior,hybrid,kk,2021-04-15,compliance,self_paced,2,True,1663,2,1,10,0.5,0.14285714285714285,0.21428571428571427,0.14285714285714285,1,0.6666666666666666,0,0.5,0,0.5,0,35,not_training_eligible,
R001450,E0124,EV_001,2025-11-03,2025-12-03,completed,100,80.0,,hr,Data Analyst,Middle,office,kk,2025-02-17,compliance,self_paced,2,True,259,2,1,1,0.2,0.2,0.2,0.4,0,0.5,0,0.5,0,0.5,0,83,not_training_eligible,
R001451,E0127,EV_001,2025-11-03,2025-12-03,completed,100,77.0,,hr,Backend Engineer,Middle,remote,kk,2022-06-29,compliance,self_paced,2,True,1223,2,1,7,0.45454545454545453,0.18181818181818182,0.2727272727272727,0.09090909090909091,1,0.6666666666666666,0,0.5,0,0.5,0,17,not_training_eligible,
R001452,E0128,EV_001,2025-11-03,2025-12-03,completed,100,81.0,,hr,Backend Engineer,Senior,hybrid,kk,2024-07-29,compliance,self_paced,2,True,462,2,1,2,0.5,0.16666666666666666,0.16666666666666666,0.16666666666666666,0,0.5,0,0.5,0,0.5,0,39,not_training_eligible,
R001453,E0130,EV_001,2025-11-03,2025-12-03,completed,100,89.0,,hr,QA Engineer,Middle,hybrid,kk,2024-11-18,compliance,self_paced,2,True,350,2,1,2,0.5,0.16666666666666666,0.16666666666666666,0.16666666666666666,0,0.5,0,0.5,0,0.5,0,126,not_training_eligible,
R001454,E0131,EV_001,2025-11-03,2025-12-03,completed,100,73.0,,hr,HR Business Partner,Middle,office,ru,2022-10-31,compliance,self_paced,2,True,1099,2,1,5,0.4444444444444444,0.1111111111111111,0.3333333333333333,0.1111111111111111,0,0.5,0,0.5,0,0.5,0,38,not_training_eligible,
R001455,E0132,EV_001,2025-11-03,2025-12-03,completed,100,77.0,,hr,Data Analyst,Senior,remote,en,2019-08-02,compliance,self_paced,2,True,2285,2,1,5,0.5555555555555556,0.1111111111111111,0.2222222222222222,0.1111111111111111,0,0.5,0,0.5,0,0.5,0,45,not_training_eligible,
R001456,E0133,EV_001,2025-11-03,2025-12-03,completed,100,77.0,,hr,HR Business Partner,Lead,office,ru,2019-08-23,compliance,self_paced,2,True,2264,2,1,7,0.5454545454545454,0.2727272727272727,0.09090909090909091,0.09090909090909091,1,0.3333333333333333,0,0.5,0,0.5,0,42,not_training_eligible,
R001457,E0134,EV_001,2025-11-03,2025-12-03,completed,100,89.0,,hr,Product Manager,Middle,hybrid,ru,2023-05-01,compliance,self_paced,2,True,917,2,1,4,0.25,0.25,0.375,0.125,0,0.5,0,0.5,0,0.5,0,56,not_training_eligible,
R001458,E0136,EV_001,2025-11-03,2025-12-03,completed,100,79.0,,hr,Backend Engineer,Senior,hybrid,kk,2024-04-01,compliance,self_paced,2,True,581,2,1,2,0.3333333333333333,0.16666666666666666,0.3333333333333333,0.16666666666666666,0,0.5,0,0.5,0,0.5,0,154,not_training_eligible,
R001459,E0137,EV_001,2025-11-03,2025-12-03,completed,100,74.0,,hr,Backend Engineer,Middle,remote,kk,2025-02-17,compliance,self_paced,2,True,259,2,1,3,0.42857142857142855,0.2857142857142857,0.14285714285714285,0.14285714285714285,1,0.3333333333333333,0,0.5,0,0.5,0,82,not_training_eligible,
R001460,E0138,EV_001,2025-11-03,2025-12-03,overdue,10,,,hr,Sales Manager,Senior,remote,ru,2020-10-21,compliance,self_paced,2,True,1839,2,1,2,0.3333333333333333,0.16666666666666666,0.16666666666666666,0.3333333333333333,0,0.5,0,0.5,0,0.5,0,154,not_training_eligible,
R001461,E0139,EV_001,2025-11-03,2025-12-03,completed,100,90.0,,hr,Customer Support Specialist,Senior,office,kk,2025-03-25,compliance,self_paced,2,True,223,2,1,1,0.4,0.2,0.2,0.2,0,0.5,0,0.5,0,0.5,0,117,not_training_eligible,
R001462,E0140,EV_001,2025-11-03,2025-12-03,completed,100,79.0,,hr,Backend Engineer,Middle,office,ru,2024-06-21,compliance,self_paced,2,True,500,2,1,10,0.42857142857142855,0.35714285714285715,0.07142857142857142,0.14285714285714285,1,0.3333333333333333,0,0.5,0,0.5,0,19,not_training_eligible,
R001463,E0143,EV_001,2025-11-03,2025-12-03,completed,100,71.0,,hr,Customer Support Specialist,Middle,office,kk,2023-08-15,compliance,self_paced,2,True,811,2,1,3,0.2857142857142857,0.2857142857142857,0.2857142857142857,0.14285714285714285,0,0.5,0,0.5,0,0.5,0,84,not_training_eligible,
R001464,E0144,EV_001,2025-11-03,2025-12-03,completed,100,84.0,,hr,Customer Support Specialist,Junior,office,ru,2024-09-16,compliance,self_paced,2,True,413,2,1,6,0.7,0.1,0.1,0.1,0,0.5,0,0.5,0,0.5,0,13,not_training_eligible,
R001465,E0145,EV_001,2025-11-03,2025-12-03,completed,100,94.0,,hr,QA Engineer,Senior,office,kk,2023-10-12,compliance,self_paced,2,True,753,2,1,2,0.3333333333333333,0.16666666666666666,0.16666666666666666,0.3333333333333333,0,0.5,0,0.5,0,0.5,0,82,not_training_eligible,
R001466,E0147,EV_001,2025-11-03,2025-12-03,completed,100,98.0,,hr,Frontend Engineer,Middle,office,ru,2024-05-27,compliance,self_paced,2,True,525,2,1,5,0.5555555555555556,0.1111111111111111,0.2222222222222222,0.1111111111111111,1,0.6666666666666666,0,0.5,0,0.5,0,38,not_training_eligible,
R001467,E0148,EV_001,2025-11-03,2025-12-03,completed,100,94.0,,hr,Sales Manager,Lead,office,kk,2020-08-18,compliance,self_paced,2,True,1903,2,1,7,0.6363636363636364,0.09090909090909091,0.18181818181818182,0.09090909090909091,0,0.5,0,0.5,0,0.5,0,46,not_training_eligible,
R001468,E0149,EV_001,2025-11-03,2025-12-03,overdue,0,,,hr,Sales Manager,Middle,office,ru,2022-10-26,compliance,self_paced,2,True,1104,2,1,9,0.6923076923076923,0.07692307692307693,0.15384615384615385,0.07692307692307693,0,0.5,0,0.5,0,0.5,0,18,not_training_eligible,
R001469,E0150,EV_001,2025-11-03,2025-12-03,overdue,10,,,hr,Backend Engineer,Middle,office,ru,2023-07-03,compliance,self_paced,2,True,854,2,1,9,0.6153846153846154,0.07692307692307693,0.15384615384615385,0.15384615384615385,3,0.6,0,0.5,0,0.5,0,27,not_training_eligible,
R001470,E0153,EV_001,2025-11-03,2025-12-03,completed,100,77.0,,hr,Sales Manager,Middle,office,ru,2022-10-17,compliance,self_paced,2,True,1113,2,1,7,0.6363636363636364,0.09090909090909091,0.18181818181818182,0.09090909090909091,0,0.5,0,0.5,0,0.5,0,38,not_training_eligible,
R001471,E0154,EV_001,2025-11-03,2025-12-03,overdue,0,,,hr,Frontend Engineer,Middle,office,ru,2023-08-16,compliance,self_paced,2,True,810,2,1,6,0.5,0.1,0.2,0.2,0,0.5,0,0.5,0,0.5,0,54,not_training_eligible,
R001472,E0155,EV_001,2025-11-03,2025-12-03,overdue,0,,,hr,Backend Engineer,Middle,hybrid,kk,2023-06-19,compliance,self_paced,2,True,868,2,1,3,0.14285714285714285,0.42857142857142855,0.2857142857142857,0.14285714285714285,0,0.5,0,0.5,0,0.5,0,87,not_training_eligible,
R001473,E0157,EV_004,2025-11-03,2025-11-12,completed,100,,,hr,QA Engineer,Junior,remote,kk,2025-10-13,onboarding,offline,8,True,21,1,0,0,0.25,0.25,0.25,0.25,0,0.5,0,0.5,0,0.5,0,18,not_training_eligible,
R001474,E0158,EV_001,2025-11-03,2025-12-03,overdue,0,,,hr,Sales Manager,Senior,office,kk,2018-08-27,compliance,self_paced,2,True,2625,2,1,5,0.3333333333333333,0.1111111111111111,0.2222222222222222,0.3333333333333333,0,0.5,0,0.5,0,0.5,0,129,not_training_eligible,
R001475,E0160,EV_001,2025-11-03,2025-12-03,completed,100,71.0,,hr,Customer Support Specialist,Junior,hybrid,ru,2024-11-13,compliance,self_paced,2,True,355,2,1,7,0.6363636363636364,0.09090909090909091,0.18181818181818182,0.09090909090909091,0,0.5,0,0.5,0,0.5,0,39,not_training_eligible,
R001476,E0161,EV_001,2025-11-03,2025-12-03,overdue,0,,,hr,Sales Manager,Senior,remote,ru,2024-05-15,compliance,self_paced,2,True,537,2,1,1,0.2,0.2,0.4,0.2,0,0.5,0,0.5,0,0.5,0,27,not_training_eligible,
R001477,E0162,EV_001,2025-11-03,2025-12-03,completed,100,74.0,,hr,Data Analyst,Middle,hybrid,kk,2024-01-15,compliance,self_paced,2,True,658,2,1,6,0.6,0.1,0.2,0.1,1,0.6666666666666666,0,0.5,0,0.5,0,4,not_training_eligible,
R001478,E0163,EV_001,2025-11-03,2025-12-03,overdue,10,,,hr,Sales Manager,Middle,office,ru,2022-05-25,compliance,self_paced,2,True,1258,2,1,6,0.5,0.1,0.1,0.3,0,0.5,0,0.5,0,0.5,0,3,not_training_eligible,
R001479,E0164,EV_001,2025-11-03,2025-12-03,completed,100,83.0,,hr,Backend Engineer,Middle,hybrid,ru,2022-08-26,compliance,self_paced,2,True,1165,2,1,6,0.5,0.2,0.2,0.1,0,0.5,0,0.5,0,0.5,0,132,not_training_eligible,
R001480,E0165,EV_001,2025-11-03,2025-12-03,completed,100,86.0,,hr,Product Manager,Junior,office,ru,2024-08-30,compliance,self_paced,2,True,430,2,1,5,0.4444444444444444,0.3333333333333333,0.1111111111111111,0.1111111111111111,0,0.5,0,0.5,0,0.5,0,69,not_training_eligible,
R001481,E0166,EV_001,2025-11-03,2025-12-03,completed,100,91.0,,hr,Sales Manager,Senior,office,kk,2025-02-21,compliance,self_paced,2,True,255,2,1,4,0.625,0.125,0.125,0.125,0,0.5,0,0.5,0,0.5,0,74,not_training_eligible,
R001482,E0168,EV_001,2025-11-03,2025-12-03,completed,100,97.0,,hr,Customer Support Specialist,Middle,remote,kk,2023-07-19,compliance,self_paced,2,True,838,2,1,2,0.3333333333333333,0.16666666666666666,0.3333333333333333,0.16666666666666666,0,0.5,0,0.5,0,0.5,0,154,not_training_eligible,
R001483,E0169,EV_001,2025-11-03,2025-12-03,completed,100,71.0,,hr,Sales Manager,Lead,office,kk,2020-04-29,compliance,self_paced,2,True,2014,2,1,10,0.5714285714285714,0.14285714285714285,0.14285714285714285,0.14285714285714285,0,0.5,0,0.5,0,0.5,0,52,not_training_eligible,
R001484,E0170,EV_001,2025-11-03,2025-12-03,completed,100,81.0,,hr,Frontend Engineer,Middle,hybrid,ru,2025-04-24,compliance,self_paced,2,True,193,2,1,4,0.25,0.25,0.25,0.25,1,0.6666666666666666,0,0.5,0,0.5,0,17,not_training_eligible,
R001485,E0171,EV_001,2025-11-03,2025-12-03,completed,100,76.0,,hr,QA Engineer,Middle,hybrid,ru,2024-11-18,compliance,self_paced,2,True,350,2,1,2,0.3333333333333333,0.3333333333333333,0.16666666666666666,0.16666666666666666,0,0.5,0,0.5,0,0.5,0,154,not_training_eligible,
R001486,E0172,EV_001,2025-11-03,2025-12-03,completed,100,87.0,,hr,HR Business Partner,Senior,remote,ru,2018-08-27,compliance,self_paced,2,True,2625,2,1,3,0.5714285714285714,0.14285714285714285,0.14285714285714285,0.14285714285714285,0,0.5,0,0.5,0,0.5,0,103,not_training_eligible,
R001487,E0173,EV_001,2025-11-03,2025-12-03,completed,100,92.0,,hr,HR Business Partner,Senior,remote,kk,2019-04-25,compliance,self_paced,2,True,2384,2,1,5,0.4444444444444444,0.1111111111111111,0.3333333333333333,0.1111111111111111,1,0.6666666666666666,0,0.5,0,0.5,0,7,not_training_eligible,
R001488,E0175,EV_001,2025-11-03,2025-12-03,completed,100,98.0,,hr,Backend Engineer,Lead,hybrid,kk,2016-10-03,compliance,self_paced,2,True,3318,2,1,2,0.3333333333333333,0.16666666666666666,0.3333333333333333,0.16666666666666666,0,0.5,0,0.5,0,0.5,0,18,not_training_eligible,
R001489,E0176,EV_001,2025-11-03,2025-12-03,completed,100,93.0,,hr,Product Manager,Junior,hybrid,ru,2024-04-29,compliance,self_paced,2,True,553,2,1,8,0.6666666666666666,0.08333333333333333,0.08333333333333333,0.16666666666666666,0,0.5,0,0.5,0,0.5,0,111,not_training_eligible,
R001490,E0177,EV_001,2025-11-03,2025-12-03,completed,100,98.0,,hr,Customer Support Specialist,Middle,office,ru,2024-08-12,compliance,self_paced,2,True,448,2,1,4,0.25,0.125,0.375,0.25,0,0.5,0,0.5,0,0.5,0,138,not_training_eligible,
R001491,E0179,EV_001,2025-11-03,2025-12-03,completed,100,86.0,,hr,QA Engineer,Lead,hybrid,ru,2020-01-30,compliance,self_paced,2,True,2104,2,1,4,0.5,0.125,0.125,0.25,0,0.5,0,0.5,0,0.5,0,129,not_training_eligible,
R001492,E0180,EV_001,2025-11-03,2025-12-03,completed,100,100.0,,hr,Customer Support Specialist,Lead,hybrid,kk,2020-05-14,compliance,self_paced,2,True,1999,2,1,7,0.7272727272727273,0.09090909090909091,0.09090909090909091,0.09090909090909091,0,0.5,0,0.5,0,0.5,0,11,not_training_eligible,
R001493,E0181,EV_001,2025-11-03,2025-12-03,completed,100,73.0,,hr,Product Manager,Senior,office,ru,2025-01-27,compliance,self_paced,2,True,280,2,1,6,0.5,0.1,0.2,0.2,0,0.5,0,0.5,0,0.5,0,53,not_training_eligible,
R001494,E0182,EV_001,2025-11-03,2025-12-03,completed,100,76.0,,hr,Frontend Engineer,Middle,office,ru,2024-06-14,compliance,self_paced,2,True,507,2,1,3,0.42857142857142855,0.14285714285714285,0.2857142857142857,0.14285714285714285,0,0.5,0,0.5,0,0.5,0,41,not_training_eligible,
R001495,E0184,EV_001,2025-11-03,2025-12-03,completed,100,85.0,,hr,Backend Engineer,Middle,office,ru,2024-10-30,compliance,self_paced,2,True,369,2,1,4,0.25,0.375,0.125,0.25,1,0.3333333333333333,0,0.5,0,0.5,0,74,not_training_eligible,
R001496,E0185,EV_001,2025-11-03,2025-12-03,completed,100,83.0,,hr,Customer Support Specialist,Middle,remote,kk,2024-10-21,compliance,self_paced,2,True,378,2,1,4,0.625,0.125,0.125,0.125,0,0.5,0,0.5,0,0.5,0,83,not_training_eligible,
R001497,E0186,EV_001,2025-11-03,2025-12-03,completed,100,70.0,,hr,Backend Engineer,Middle,hybrid,ru,2022-06-16,compliance,self_paced,2,True,1236,2,1,7,0.36363636363636365,0.2727272727272727,0.18181818181818182,0.18181818181818182,2,0.5,0,0.5,0,0.5,0,67,not_training_eligible,
R001498,E0187,EV_001,2025-11-03,2025-12-03,completed,100,74.0,,hr,Data Analyst,Junior,office,ru,2024-03-25,compliance,self_paced,2,True,588,2,1,3,0.2857142857142857,0.2857142857142857,0.14285714285714285,0.2857142857142857,1,0.3333333333333333,0,0.5,0,0.5,0,122,not_training_eligible,
R001499,E0188,EV_001,2025-11-03,2025-12-03,overdue,60,,,hr,Data Analyst,Junior,hybrid,ru,2025-05-21,compliance,self_paced,2,True,166,2,1,1,0.4,0.2,0.2,0.2,1,0.6666666666666666,0,0.5,0,0.5,0,31,not_training_eligible,
R001500,E0189,EV_001,2025-11-03,2025-12-03,completed,100,74.0,,hr,QA Engineer,Senior,office,ru,2019-11-18,compliance,self_paced,2,True,2177,2,1,7,0.6363636363636364,0.09090909090909091,0.18181818181818182,0.09090909090909091,1,0.6666666666666666,0,0.5,0,0.5,0,34,not_training_eligible,
R001501,E0190,EV_001,2025-11-03,2025-12-03,overdue,0,,,hr,Backend Engineer,Senior,office,kk,2023-11-30,compliance,self_paced,2,True,704,2,1,2,0.3333333333333333,0.3333333333333333,0.16666666666666666,0.16666666666666666,0,0.5,0,0.5,0,0.5,0,42,not_training_eligible,
R001502,E0191,EV_001,2025-11-03,2025-12-03,completed,100,73.0,,hr,Sales Manager,Middle,office,ru,2022-03-15,compliance,self_paced,2,True,1329,2,1,5,0.4444444444444444,0.1111111111111111,0.2222222222222222,0.2222222222222222,0,0.5,0,0.5,0,0.5,0,13,not_training_eligible,
R001503,E0192,EV_001,2025-11-03,2025-12-03,completed,100,100.0,,hr,Backend Engineer,Junior,hybrid,ru,2024-12-11,compliance,self_paced,2,True,327,2,1,6,0.6,0.1,0.1,0.2,0,0.5,0,0.5,0,0.5,0,28,not_training_eligible,
R001504,E0193,EV_001,2025-11-03,2025-12-03,completed,100,90.0,,hr,Data Analyst,Middle,office,ru,2022-08-01,compliance,self_paced,2,True,1190,2,1,3,0.5714285714285714,0.14285714285714285,0.14285714285714285,0.14285714285714285,0,0.5,0,0.5,0,0.5,0,46,not_training_eligible,
R001505,E0194,EV_001,2025-11-03,2025-12-03,completed,100,75.0,,hr,Frontend Engineer,Senior,remote,ru,2021-07-14,compliance,self_paced,2,True,1573,2,1,3,0.42857142857142855,0.14285714285714285,0.2857142857142857,0.14285714285714285,1,0.6666666666666666,0,0.5,0,0.5,0,129,not_training_eligible,
R001506,E0195,EV_001,2025-11-03,2025-12-03,completed,100,89.0,,hr,Product Manager,Middle,office,kk,2025-04-21,compliance,self_paced,2,True,196,2,1,7,0.36363636363636365,0.2727272727272727,0.2727272727272727,0.09090909090909091,0,0.5,0,0.5,0,0.5,0,32,not_training_eligible,
R001507,E0196,EV_001,2025-11-03,2025-12-03,completed,100,88.0,,hr,Backend Engineer,Junior,hybrid,ru,2025-02-26,compliance,self_paced,2,True,250,2,1,2,0.3333333333333333,0.16666666666666666,0.16666666666666666,0.3333333333333333,1,0.3333333333333333,0,0.5,0,0.5,0,101,not_training_eligible,
R001508,E0197,EV_001,2025-11-03,2025-12-03,completed,100,80.0,,hr,QA Engineer,Middle,hybrid,ru,2022-08-15,compliance,self_paced,2,True,1176,2,1,8,0.4166666666666667,0.16666666666666666,0.25,0.16666666666666666,0,0.5,0,0.5,0,0.5,0,5,not_training_eligible,
R001509,E0198,EV_001,2025-11-03,2025-12-03,completed,100,92.0,,hr,Sales Manager,Junior,office,ru,2024-06-26,compliance,self_paced,2,True,495,2,1,9,0.5384615384615384,0.07692307692307693,0.3076923076923077,0.07692307692307693,0,0.5,0,0.5,0,0.5,0,3,not_training_eligible,
R001510,E0199,EV_001,2025-11-03,2025-12-03,completed,100,70.0,,hr,Data Analyst,Senior,hybrid,ru,2019-12-24,compliance,self_paced,2,True,2141,2,1,7,0.6363636363636364,0.09090909090909091,0.18181818181818182,0.09090909090909091,2,0.75,0,0.5,0,0.5,0,42,not_training_eligible,
R001511,E0029,EV_035,2025-11-04,,completed,100,64.0,3.0,self,Customer Support Specialist,Senior,hybrid,kk,2025-03-13,course,online,16,False,236,1,0,4,0.625,0.125,0.125,0.125,3,0.8,1,0.6666666666666666,19,0.6666666666666666,0,1,completed,1
R001512,E0081,EV_039,2025-11-04,,completed,100,,,manager,Customer Support Specialist,Middle,hybrid,kk,2023-12-29,workshop,online,3,False,676,1,0,5,0.3333333333333333,0.3333333333333333,0.2222222222222222,0.1111111111111111,5,0.42857142857142855,2,0.5,48,0.76,0,1,completed,1
R001513,E0091,EV_009,2025-11-04,,completed,100,81.0,4.0,self,QA Engineer,Senior,hybrid,kk,2024-05-28,certification,self_paced,40,False,525,1,0,4,0.5,0.25,0.125,0.125,0,0.5,0,0.5,29,0.5806451612903226,0,1,completed,1
R001514,E0197,EV_037,2025-11-04,,dropped,70,,,self,QA Engineer,Middle,hybrid,ru,2022-08-15,mentoring,online,12,False,1177,1,0,8,0.4166666666666667,0.16666666666666666,0.25,0.16666666666666666,4,0.5,0,0.5,63,0.7538461538461538,0,1,dropped,0
R001515,E0008,EV_017,2025-11-05,,no_show,0,,,manager,Frontend Engineer,Senior,remote,en,2024-11-11,course,online,16,False,359,1,0,9,0.38461538461538464,0.15384615384615385,0.3076923076923077,0.15384615384615385,5,0.5714285714285714,4,0.5,7,0.4444444444444444,0,2,no_show,0
R001516,E0032,EV_020,2025-11-05,,completed,100,97.0,4.0,self,Data Analyst,Junior,hybrid,kk,2024-07-18,course,self_paced,40,False,475,1,0,4,0.375,0.25,0.25,0.125,1,0.3333333333333333,1,0.3333333333333333,6,0.625,0,2,completed,1
R001517,E0182,EV_036,2025-11-05,,declined,0,,,hr,Frontend Engineer,Middle,office,ru,2024-06-14,meetup,offline,2,False,509,2,1,3,0.42857142857142855,0.14285714285714285,0.2857142857142857,0.14285714285714285,1,0.3333333333333333,1,0.3333333333333333,82,0.6666666666666666,0,2,declined,0
R001518,E0028,EV_010,2025-11-06,,dropped,60,,,manager,Backend Engineer,Middle,hybrid,kk,2022-05-23,course,online,20,False,1263,1,0,3,0.42857142857142855,0.14285714285714285,0.2857142857142857,0.14285714285714285,2,0.5,0,0.5,12,0.7142857142857143,0,3,dropped,0
R001519,E0049,EV_001,2025-11-06,2025-12-06,completed,100,85.0,,hr,Sales Manager,Junior,hybrid,kk,2025-11-03,compliance,self_paced,2,True,3,1,0,0,0.25,0.25,0.25,0.25,0,0.5,0,0.5,0,0.5,1,-1,not_training_eligible,
R001520,E0049,EV_002,2025-11-06,2025-12-06,overdue,25,,,hr,Sales Manager,Junior,hybrid,kk,2025-11-03,compliance,self_paced,2,True,3,1,0,0,0.25,0.25,0.25,0.25,0,0.5,0,0.5,0,0.5,1,-1,not_training_eligible,
R001521,E0049,EV_003,2025-11-06,2025-12-06,completed,100,87.0,,hr,Sales Manager,Junior,hybrid,kk,2025-11-03,compliance,self_paced,2,True,3,1,0,0,0.25,0.25,0.25,0.25,0,0.5,0,0.5,0,0.5,1,-1,not_training_eligible,
R001522,E0077,EV_034,2025-11-06,,completed,100,,,self,HR Business Partner,Junior,office,ru,2025-09-15,workshop,online,4,False,52,1,0,0,0.25,0.25,0.25,0.25,0,0.5,0,0.5,36,0.7105263157894737,0,30,completed,1
R001523,E0005,EV_012,2025-11-07,,completed,100,100.0,,manager,Backend Engineer,Middle,hybrid,kk,2024-06-12,course,self_paced,24,False,513,2,1,10,0.5,0.14285714285714285,0.14285714285714285,0.21428571428571427,2,0.5,1,0.3333333333333333,14,0.375,0,4,completed,1
R001524,E0018,EV_040,2025-11-07,,completed,100,,,manager,Customer Support Specialist,Junior,remote,en,2024-03-26,workshop,offline,4,False,591,1,0,3,0.42857142857142855,0.14285714285714285,0.14285714285714285,0.2857142857142857,0,0.5,2,0.5,74,0.7105263157894737,0,4,completed,1
R001525,E0044,EV_040,2025-11-07,,no_show,0,,,self,Frontend Engineer,Lead,office,kk,2022-10-17,workshop,offline,4,False,1117,1,0,4,0.5,0.125,0.25,0.125,1,0.6666666666666666,2,0.75,74,0.7105263157894737,0,4,no_show,0
R001526,E0187,EV_023,2025-11-07,,completed,100,,5.0,manager,Data Analyst,Junior,office,ru,2024-03-25,workshop,offline,6,False,592,1,0,3,0.2857142857142857,0.2857142857142857,0.14285714285714285,0.2857142857142857,0,0.5,2,0.5,15,0.7058823529411765,0,4,completed,1
R001527,E0127,EV_036,2025-11-10,,completed,100,,,manager,Backend Engineer,Middle,remote,kk,2022-06-29,meetup,offline,2,False,1230,3,2,7,0.45454545454545453,0.18181818181818182,0.2727272727272727,0.09090909090909091,2,0.5,2,0.5,83,0.6588235294117647,0,7,completed,1
R001528,E0155,EV_006,2025-11-10,,completed,100,,,self,Backend Engineer,Middle,hybrid,kk,2023-06-19,workshop,offline,12,False,875,1,0,3,0.14285714285714285,0.42857142857142855,0.2857142857142857,0.14285714285714285,0,0.5,0,0.5,12,0.5714285714285714,0,7,completed,1
R001529,E0070,EV_038,2025-11-11,,completed,100,74.0,4.0,self,Customer Support Specialist,Senior,hybrid,kk,2022-11-30,course,online,16,False,1077,1,0,4,0.5,0.125,0.125,0.25,4,0.6666666666666666,0,0.5,43,0.7111111111111111,0,8,completed,1
R001530,E0139,EV_034,2025-11-11,,no_show,0,,,self,Customer Support Specialist,Senior,office,kk,2025-03-25,workshop,online,4,False,231,1,0,1,0.4,0.2,0.2,0.2,1,0.6666666666666666,1,0.6666666666666666,37,0.717948717948718,0,8,no_show,0
R001531,E0043,EV_015,2025-11-12,,completed,100,85.0,5.0,manager,Frontend Engineer,Senior,hybrid,ru,2021-08-13,course,self_paced,6,False,1552,1,0,6,0.7,0.1,0.1,0.1,1,0.6666666666666666,3,0.8,7,0.8888888888888888,0,9,completed,1
R001532,E0046,EV_034,2025-11-12,,completed,100,,5.0,self,Sales Manager,Middle,hybrid,ru,2024-02-26,workshop,online,4,False,625,2,1,7,0.5454545454545454,0.2727272727272727,0.09090909090909091,0.09090909090909091,4,0.6666666666666666,4,0.5,38,0.7,0,9,completed,1
R001533,E0098,EV_019,2025-11-12,,completed,100,,,manager,QA Engineer,Middle,hybrid,kk,2023-04-18,workshop,offline,8,False,939,2,1,7,0.36363636363636365,0.45454545454545453,0.09090909090909091,0.09090909090909091,1,0.3333333333333333,2,0.5,20,0.4090909090909091,0,9,completed,1
R001534,E0112,EV_034,2025-11-12,,declined,0,,,manager,Customer Support Specialist,Senior,hybrid,ru,2019-12-30,workshop,online,4,False,2144,1,0,6,0.6,0.2,0.1,0.1,6,0.75,2,0.75,38,0.7,0,9,declined,0
R001535,E0188,EV_008,2025-11-12,,completed,100,,1.0,self,Data Analyst,Junior,hybrid,ru,2025-05-21,workshop,online,4,False,175,1,0,1,0.4,0.2,0.2,0.2,0,0.5,0,0.5,54,0.7678571428571429,0,9,completed,1
R001536,E0044,EV_038,2025-11-13,,completed,100,83.0,,self,Frontend Engineer,Lead,office,kk,2022-10-17,course,online,16,False,1123,2,1,5,0.4444444444444444,0.1111111111111111,0.3333333333333333,0.1111111111111111,3,0.6,1,0.3333333333333333,44,0.717391304347826,0,6,completed,1
R001537,E0049,EV_004,2025-11-13,2025-12-03,completed,100,,5.0,hr,Sales Manager,Junior,hybrid,kk,2025-11-03,onboarding,offline,8,True,10,1,0,0,0.25,0.25,0.25,0.25,0,0.5,0,0.5,0,0.5,0,7,not_training_eligible,
R001538,E0059,EV_034,2025-11-13,,completed,100,,4.0,self,Sales Manager,Middle,remote,ru,2023-06-28,workshop,online,4,False,869,1,0,10,0.42857142857142855,0.14285714285714285,0.35714285714285715,0.07142857142857142,4,0.6666666666666666,6,0.375,40,0.6904761904761905,0,10,completed,1
R001539,E0067,EV_014,2025-11-13,,completed,100,,5.0,self,Frontend Engineer,Middle,hybrid,ru,2024-10-16,workshop,offline,8,False,393,1,0,5,0.6666666666666666,0.1111111111111111,0.1111111111111111,0.1111111111111111,2,0.75,2,0.75,6,0.625,0,10,completed,1
R001540,E0026,EV_007,2025-11-14,,declined,0,,,manager,Backend Engineer,Senior,hybrid,kk,2022-04-25,mentoring,online,8,False,1299,1,0,3,0.42857142857142855,0.2857142857142857,0.14285714285714285,0.14285714285714285,1,0.6666666666666666,0,0.5,10,0.6666666666666666,0,11,declined,0
R001541,E0165,EV_036,2025-11-14,,completed,100,,5.0,self,Product Manager,Junior,office,ru,2024-08-30,meetup,offline,2,False,441,2,1,5,0.4444444444444444,0.3333333333333333,0.1111111111111111,0.1111111111111111,4,0.5,1,0.6666666666666666,84,0.6627906976744186,0,11,completed,1
R001542,E0199,EV_022,2025-11-17,,completed,100,66.0,3.0,self,Data Analyst,Senior,hybrid,ru,2019-12-24,course,online,12,False,2155,2,1,7,0.6363636363636364,0.09090909090909091,0.18181818181818182,0.09090909090909091,4,0.6666666666666666,4,0.6666666666666666,10,0.6666666666666666,0,14,completed,1
R001543,E0035,EV_008,2025-11-18,,completed,100,,,self,Customer Support Specialist,Lead,hybrid,ru,2021-08-26,workshop,online,4,False,1545,1,0,8,0.5,0.08333333333333333,0.25,0.16666666666666666,7,0.5555555555555556,4,0.6666666666666666,55,0.7719298245614035,0,15,completed,1
R001544,E0040,EV_012,2025-11-18,,completed,100,80.0,,self,Backend Engineer,Junior,office,ru,2025-06-13,course,self_paced,24,False,158,1,0,2,0.3333333333333333,0.16666666666666666,0.3333333333333333,0.16666666666666666,0,0.5,1,0.6666666666666666,15,0.4117647058823529,0,15,completed,1
R001545,E0055,EV_008,2025-11-18,,completed,100,,5.0,self,Product Manager,Lead,hybrid,en,2023-02-22,workshop,online,4,False,1000,1,0,8,0.6666666666666666,0.08333333333333333,0.16666666666666666,0.08333333333333333,3,0.8,5,0.8571428571428571,55,0.7719298245614035,0,15,completed,1
R001546,E0075,EV_017,2025-11-18,,dropped,20,,2.0,manager,Frontend Engineer,Senior,office,kk,2018-10-22,course,online,16,False,2584,1,0,9,0.6923076923076923,0.07692307692307693,0.15384615384615385,0.07692307692307693,4,0.8333333333333334,3,0.8,8,0.4,0,15,dropped,0
R001547,E0095,EV_008,2025-11-18,,completed,100,,5.0,self,HR Business Partner,Middle,office,kk,2021-12-20,workshop,online,4,False,1429,1,0,6,0.4,0.2,0.2,0.2,5,0.42857142857142855,4,0.3333333333333333,55,0.7719298245614035,0,15,completed,1
R001548,E0142,EV_037,2025-11-18,,completed,100,,5.0,self,Sales Manager,Middle,hybrid,kk,2025-08-18,mentoring,online,12,False,92,1,0,1,0.4,0.2,0.2,0.2,1,0.6666666666666666,0,0.5,64,0.7424242424242424,0,57,completed,1
R001549,E0014,EV_039,2025-11-19,,completed,100,,5.0,self,HR Business Partner,Lead,office,en,2019-10-02,workshop,online,3,False,2240,1,0,3,0.42857142857142855,0.2857142857142857,0.14285714285714285,0.14285714285714285,2,0.75,2,0.75,49,0.7647058823529411,0,16,completed,1
R001550,E0092,EV_037,2025-11-19,,no_show,0,,,manager,Backend Engineer,Middle,office,en,2024-10-11,mentoring,online,12,False,404,1,0,1,0.4,0.2,0.2,0.2,1,0.6666666666666666,0,0.5,65,0.746268656716418,0,16,no_show,0
R001551,E0118,EV_005,2025-11-19,,dropped,35,,,hr,Frontend Engineer,Middle,hybrid,ru,2021-11-01,course,online,16,False,1479,1,0,7,0.5454545454545454,0.18181818181818182,0.18181818181818182,0.09090909090909091,5,0.5714285714285714,4,0.5,22,0.5,0,16,dropped,0
R001552,E0158,EV_032,2025-11-19,,completed,100,,4.0,manager,Sales Manager,Senior,office,kk,2018-08-27,workshop,offline,8,False,2641,1,0,5,0.3333333333333333,0.1111111111111111,0.2222222222222222,0.3333333333333333,1,0.3333333333333333,3,0.4,16,0.7222222222222222,0,16,completed,1
R001553,E0197,EV_009,2025-11-19,,completed,100,91.0,3.0,self,QA Engineer,Middle,hybrid,ru,2022-08-15,certification,self_paced,40,False,1192,1,0,9,0.38461538461538464,0.23076923076923078,0.23076923076923078,0.15384615384615385,0,0.5,0,0.5,30,0.59375,0,15,completed,1
R001554,E0085,EV_036,2025-11-20,,completed,100,,5.0,self,Data Analyst,Lead,hybrid,ru,2018-05-23,meetup,offline,2,False,2738,1,0,5,0.5555555555555556,0.2222222222222222,0.1111111111111111,0.1111111111111111,1,0.6666666666666666,0,0.5,85,0.6666666666666666,0,17,completed,1
R001555,E0161,EV_008,2025-11-20,,dropped,70,,2.0,self,Sales Manager,Senior,remote,ru,2024-05-15,workshop,online,4,False,554,1,0,1,0.2,0.2,0.4,0.2,1,0.3333333333333333,0,0.5,58,0.7833333333333333,0,17,dropped,0
R001556,E0107,EV_023,2025-11-21,,completed,100,,4.0,self,Product Manager,Middle,office,ru,2022-04-25,workshop,offline,6,False,1306,1,0,6,0.6,0.2,0.1,0.1,3,0.6,5,0.7142857142857143,16,0.7222222222222222,0,18,completed,1
R001557,E0167,EV_001,2025-11-21,2025-12-21,completed,100,93.0,,hr,HR Business Partner,Junior,hybrid,kk,2025-11-18,compliance,self_paced,2,True,3,1,0,0,0.25,0.25,0.25,0.25,0,0.5,0,0.5,0,0.5,1,-1,not_training_eligible,
R001558,E0167,EV_002,2025-11-21,2025-12-21,completed,100,87.0,,hr,HR Business Partner,Junior,hybrid,kk,2025-11-18,compliance,self_paced,2,True,3,1,0,0,0.25,0.25,0.25,0.25,0,0.5,0,0.5,0,0.5,1,-1,not_training_eligible,
R001559,E0167,EV_003,2025-11-21,2025-12-21,completed,100,81.0,,hr,HR Business Partner,Junior,hybrid,kk,2025-11-18,compliance,self_paced,2,True,3,1,0,0,0.25,0.25,0.25,0.25,0,0.5,0,0.5,0,0.5,1,-1,not_training_eligible,
R001560,E0017,EV_040,2025-11-24,,completed,100,,5.0,self,Product Manager,Senior,office,ru,2019-02-26,workshop,offline,4,False,2463,1,0,7,0.7272727272727273,0.09090909090909091,0.09090909090909091,0.09090909090909091,3,0.8,4,0.8333333333333334,76,0.7051282051282052,0,21,completed,1
R001561,E0026,EV_011,2025-11-24,,completed,100,,5.0,self,Backend Engineer,Senior,hybrid,kk,2022-04-25,workshop,offline,6,False,1309,1,0,4,0.375,0.25,0.125,0.25,1,0.6666666666666666,0,0.5,12,0.5714285714285714,0,10,completed,1
R001562,E0054,EV_024,2025-11-24,,completed,100,80.0,4.0,manager,Data Analyst,Senior,hybrid,kk,2022-11-30,course,self_paced,30,False,1090,1,0,4,0.5,0.125,0.125,0.25,0,0.5,1,0.6666666666666666,5,0.2857142857142857,0,21,completed,1
R001563,E0068,EV_015,2025-11-24,,completed,100,60.0,5.0,manager,Frontend Engineer,Middle,hybrid,kk,2025-06-02,course,self_paced,6,False,175,1,0,4,0.375,0.125,0.375,0.125,0,0.5,2,0.5,8,0.9,0,21,completed,1
R001564,E0173,EV_031,2025-11-24,,completed,100,,5.0,manager,HR Business Partner,Senior,remote,kk,2019-04-25,workshop,online,6,False,2405,2,1,5,0.4444444444444444,0.1111111111111111,0.3333333333333333,0.1111111111111111,4,0.5,2,0.25,6,0.5,0,21,completed,1
R001565,E0021,EV_040,2025-11-25,,no_show,0,,,manager,Customer Support Specialist,Middle,remote,ru,2024-09-12,workshop,offline,4,False,439,1,0,3,0.5714285714285714,0.14285714285714285,0.14285714285714285,0.14285714285714285,1,0.6666666666666666,1,0.6666666666666666,77,0.7088607594936709,0,22,no_show,0
R001566,E0145,EV_019,2025-11-25,,dropped,60,,3.0,manager,QA Engineer,Senior,office,kk,2023-10-12,workshop,offline,8,False,775,1,0,2,0.3333333333333333,0.16666666666666666,0.16666666666666666,0.3333333333333333,2,0.5,2,0.5,21,0.43478260869565216,0,22,dropped,0
R001567,E0026,EV_038,2025-11-26,,completed,100,92.0,4.0,hr,Backend Engineer,Senior,hybrid,kk,2022-04-25,course,online,16,False,1311,1,0,5,0.4444444444444444,0.2222222222222222,0.1111111111111111,0.2222222222222222,2,0.5,1,0.6666666666666666,45,0.723404255319149,0,2,completed,1
R001568,E0061,EV_024,2025-11-26,,completed,100,90.0,3.0,manager,Data Analyst,Lead,remote,kk,2023-07-17,course,self_paced,30,False,863,1,0,3,0.2857142857142857,0.14285714285714285,0.2857142857142857,0.2857142857142857,1,0.3333333333333333,1,0.6666666666666666,6,0.375,0,23,completed,1
R001569,E0046,EV_008,2025-11-27,,completed,100,,5.0,self,Sales Manager,Middle,hybrid,ru,2024-02-26,workshop,online,4,False,640,1,0,8,0.5833333333333334,0.25,0.08333333333333333,0.08333333333333333,5,0.7142857142857143,5,0.5714285714285714,59,0.7704918032786885,0,15,completed,1
R001570,E0188,EV_021,2025-11-27,,completed,100,,5.0,hr,Data Analyst,Junior,hybrid,ru,2025-05-21,workshop,online,6,False,190,1,0,2,0.5,0.16666666666666666,0.16666666666666666,0.16666666666666666,1,0.6666666666666666,1,0.6666666666666666,10,0.5833333333333334,0,15,completed,1
R001571,E0199,EV_021,2025-11-28,,no_show,0,,,self,Data Analyst,Senior,hybrid,ru,2019-12-24,workshop,online,6,False,2166,1,0,8,0.6666666666666666,0.08333333333333333,0.16666666666666666,0.08333333333333333,5,0.7142857142857143,1,0.6666666666666666,11,0.6153846153846154,0,11,no_show,0
R001572,E0009,EV_001,2025-12-01,2025-12-31,completed,100,94.0,,hr,Customer Support Specialist,Junior,remote,en,2025-11-27,compliance,self_paced,2,True,4,1,0,0,0.25,0.25,0.25,0.25,0,0.5,0,0.5,0,0.5,1,-1,not_training_eligible,
R001573,E0009,EV_002,2025-12-01,2025-12-31,overdue,0,,,hr,Customer Support Specialist,Junior,remote,en,2025-11-27,compliance,self_paced,2,True,4,1,0,0,0.25,0.25,0.25,0.25,0,0.5,0,0.5,0,0.5,1,-1,not_training_eligible,
R001574,E0009,EV_003,2025-12-01,2025-12-31,completed,100,83.0,,hr,Customer Support Specialist,Junior,remote,en,2025-11-27,compliance,self_paced,2,True,4,1,0,0,0.25,0.25,0.25,0.25,0,0.5,0,0.5,0,0.5,1,-1,not_training_eligible,
R001575,E0011,EV_039,2025-12-01,,completed,100,,,self,Data Analyst,Senior,office,kk,2021-01-11,workshop,online,3,False,1785,1,0,7,0.5454545454545454,0.18181818181818182,0.18181818181818182,0.09090909090909091,5,0.7142857142857143,1,0.6666666666666666,50,0.7692307692307693,0,28,completed,1
R001576,E0104,EV_001,2025-12-01,2025-12-31,completed,100,93.0,,hr,Sales Manager,Junior,remote,ru,2025-11-28,compliance,self_paced,2,True,3,1,0,0,0.25,0.25,0.25,0.25,0,0.5,0,0.5,0,0.5,1,-1,not_training_eligible,
R001577,E0104,EV_002,2025-12-01,2025-12-31,completed,100,84.0,,hr,Sales Manager,Junior,remote,ru,2025-11-28,compliance,self_paced,2,True,3,1,0,0,0.25,0.25,0.25,0.25,0,0.5,0,0.5,0,0.5,1,-1,not_training_eligible,
R001578,E0104,EV_003,2025-12-01,2025-12-31,completed,100,97.0,,hr,Sales Manager,Junior,remote,ru,2025-11-28,compliance,self_paced,2,True,3,1,0,0,0.25,0.25,0.25,0.25,0,0.5,0,0.5,0,0.5,1,-1,not_training_eligible,
R001579,E0141,EV_001,2025-12-01,2025-12-31,completed,100,72.0,,hr,Frontend Engineer,Junior,remote,kk,2025-11-27,compliance,self_paced,2,True,4,1,0,0,0.25,0.25,0.25,0.25,0,0.5,0,0.5,0,0.5,1,-1,not_training_eligible,
R001580,E0141,EV_002,2025-12-01,2025-12-31,completed,100,71.0,,hr,Frontend Engineer,Junior,remote,kk,2025-11-27,compliance,self_paced,2,True,4,1,0,0,0.25,0.25,0.25,0.25,0,0.5,0,0.5,0,0.5,1,-1,not_training_eligible,
R001581,E0141,EV_003,2025-12-01,2025-12-31,completed,100,84.0,,hr,Frontend Engineer,Junior,remote,kk,2025-11-27,compliance,self_paced,2,True,4,1,0,0,0.25,0.25,0.25,0.25,0,0.5,0,0.5,0,0.5,1,-1,not_training_eligible,
R001582,E0173,EV_030,2025-12-01,,completed,100,,4.0,self,HR Business Partner,Senior,remote,kk,2019-04-25,workshop,online,4,False,2412,1,0,6,0.5,0.1,0.3,0.1,5,0.5714285714285714,3,0.4,6,0.625,0,7,completed,1
R001583,E0091,EV_008,2025-12-02,,completed,100,,,self,QA Engineer,Senior,hybrid,kk,2024-05-28,workshop,online,4,False,553,1,0,5,0.5555555555555556,0.2222222222222222,0.1111111111111111,0.1111111111111111,3,0.6,1,0.6666666666666666,60,0.7741935483870968,0,28,completed,1
R001584,E0151,EV_036,2025-12-02,,no_show,0,,,manager,HR Business Partner,Junior,remote,ru,2025-09-11,meetup,offline,2,False,82,1,0,0,0.25,0.25,0.25,0.25,0,0.5,0,0.5,86,0.6704545454545454,0,76,no_show,0
R001585,E0019,EV_036,2025-12-03,,completed,100,,5.0,self,Frontend Engineer,Junior,office,kk,2025-03-31,meetup,offline,2,False,247,2,1,1,0.4,0.2,0.2,0.2,1,0.6666666666666666,1,0.6666666666666666,87,0.6629213483146067,0,30,completed,1
R001586,E0026,EV_007,2025-12-03,,declined,0,,,manager,Backend Engineer,Senior,hybrid,kk,2022-04-25,mentoring,online,8,False,1318,2,1,6,0.5,0.2,0.1,0.2,3,0.6,1,0.3333333333333333,11,0.6153846153846154,0,7,declined,0
R001587,E0065,EV_009,2025-12-03,,completed,100,65.0,,manager,QA Engineer,Middle,hybrid,en,2022-08-01,certification,self_paced,40,False,1220,2,1,5,0.4444444444444444,0.2222222222222222,0.1111111111111111,0.2222222222222222,1,0.3333333333333333,1,0.3333333333333333,31,0.6060606060606061,0,30,completed,1
R001588,E0086,EV_040,2025-12-03,,completed,100,,4.0,manager,Customer Support Specialist,Junior,office,kk,2025-05-26,workshop,offline,4,False,191,1,0,2,0.3333333333333333,0.16666666666666666,0.16666666666666666,0.3333333333333333,0,0.5,2,0.5,78,0.7,0,30,completed,1
R001589,E0109,EV_016,2025-12-03,,completed,100,,,self,Frontend Engineer,Middle,office,ru,2023-12-21,workshop,online,4,False,713,1,0,5,0.4444444444444444,0.2222222222222222,0.2222222222222222,0.1111111111111111,3,0.6,3,0.6,20,0.7727272727272727,0,30,completed,1
R001590,E0189,EV_037,2025-12-03,,dropped,35,,1.0,manager,QA Engineer,Senior,office,ru,2019-11-18,mentoring,online,12,False,2207,2,1,7,0.6363636363636364,0.09090909090909091,0.18181818181818182,0.09090909090909091,4,0.6666666666666666,1,0.3333333333333333,66,0.7352941176470589,0,30,dropped,0
R001591,E0010,EV_008,2025-12-04,,completed,100,,4.0,self,Customer Support Specialist,Middle,remote,ru,2023-11-24,workshop,online,4,False,741,1,0,1,0.2,0.4,0.2,0.2,1,0.3333333333333333,0,0.5,61,0.7777777777777778,0,31,completed,1
R001592,E0038,EV_036,2025-12-04,,completed,100,,3.0,self,Product Manager,Senior,hybrid,kk,2022-06-24,meetup,offline,2,False,1259,1,0,3,0.42857142857142855,0.14285714285714285,0.14285714285714285,0.2857142857142857,1,0.6666666666666666,0,0.5,88,0.6666666666666666,0,31,completed,1
R001593,E0089,EV_001,2025-12-04,2026-01-03,completed,100,94.0,,hr,Sales Manager,Junior,hybrid,kk,2025-12-01,compliance,self_paced,2,True,3,1,0,0,0.25,0.25,0.25,0.25,0,0.5,0,0.5,0,0.5,1,-1,not_training_eligible,
R001594,E0089,EV_002,2025-12-04,2026-01-03,completed,100,91.0,,hr,Sales Manager,Junior,hybrid,kk,2025-12-01,compliance,self_paced,2,True,3,1,0,0,0.25,0.25,0.25,0.25,0,0.5,0,0.5,0,0.5,1,-1,not_training_eligible,
R001595,E0089,EV_003,2025-12-04,2026-01-03,completed,100,94.0,,hr,Sales Manager,Junior,hybrid,kk,2025-12-01,compliance,self_paced,2,True,3,1,0,0,0.25,0.25,0.25,0.25,0,0.5,0,0.5,0,0.5,1,-1,not_training_eligible,
R001596,E0158,EV_039,2025-12-04,,completed,100,,,hr,Sales Manager,Senior,office,kk,2018-08-27,workshop,online,3,False,2656,2,1,6,0.4,0.1,0.2,0.3,4,0.5,4,0.5,51,0.7735849056603774,0,15,completed,1
R001597,E0160,EV_036,2025-12-04,,declined,0,,,manager,Customer Support Specialist,Junior,hybrid,ru,2024-11-13,meetup,offline,2,False,386,3,2,7,0.6363636363636364,0.09090909090909091,0.18181818181818182,0.09090909090909091,3,0.6,2,0.5,88,0.6666666666666666,0,31,declined,0
R001598,E0009,EV_004,2025-12-05,2025-12-27,completed,100,,,hr,Customer Support Specialist,Junior,remote,en,2025-11-27,onboarding,offline,8,True,8,1,0,0,0.25,0.25,0.25,0.25,0,0.5,0,0.5,0,0.5,0,4,not_training_eligible,
R001599,E0046,EV_032,2025-12-05,,completed,100,,4.0,self,Sales Manager,Middle,hybrid,ru,2024-02-26,workshop,offline,8,False,648,2,1,9,0.6153846153846154,0.23076923076923078,0.07692307692307693,0.07692307692307693,3,0.6,6,0.625,17,0.7368421052631579,0,8,completed,1
R001600,E0139,EV_035,2025-12-05,,completed,100,99.0,,self,Customer Support Specialist,Senior,office,kk,2025-03-25,course,online,16,False,255,1,0,2,0.3333333333333333,0.16666666666666666,0.3333333333333333,0.16666666666666666,2,0.5,0,0.5,20,0.6818181818181818,0,24,completed,1
R001601,E0193,EV_021,2025-12-05,,completed,100,,,manager,Data Analyst,Middle,office,ru,2022-08-01,workshop,online,6,False,1222,1,0,3,0.5714285714285714,0.14285714285714285,0.14285714285714285,0.14285714285714285,1,0.6666666666666666,1,0.6666666666666666,12,0.5714285714285714,0,32,completed,1
R001602,E0196,EV_008,2025-12-05,,completed,100,,,manager,Backend Engineer,Junior,hybrid,ru,2025-02-26,workshop,online,4,False,282,1,0,2,0.3333333333333333,0.16666666666666666,0.16666666666666666,0.3333333333333333,0,0.5,1,0.6666666666666666,62,0.78125,0,32,completed,1
R001603,E0010,EV_040,2025-12-08,,completed,100,,,self,Customer Support Specialist,Middle,remote,ru,2023-11-24,workshop,offline,4,False,745,1,0,2,0.3333333333333333,0.3333333333333333,0.16666666666666666,0.16666666666666666,0,0.5,1,0.6666666666666666,79,0.7037037037037037,0,4,completed,1
R001604,E0017,EV_020,2025-12-08,,completed,100,72.0,3.0,self,Product Manager,Senior,office,ru,2019-02-26,course,self_paced,40,False,2477,1,0,8,0.75,0.08333333333333333,0.08333333333333333,0.08333333333333333,0,0.5,1,0.6666666666666666,7,0.6666666666666666,0,14,completed,1
R001605,E0019,EV_036,2025-12-09,,completed,100,,,self,Frontend Engineer,Junior,office,kk,2025-03-31,meetup,offline,2,False,253,3,2,2,0.5,0.16666666666666666,0.16666666666666666,0.16666666666666666,2,0.75,2,0.75,90,0.6630434782608695,0,6,completed,1
R001606,E0023,EV_011,2025-12-09,,completed,100,,2.0,self,Backend Engineer,Junior,office,kk,2024-11-18,workshop,offline,6,False,386,1,0,8,0.6666666666666666,0.16666666666666666,0.08333333333333333,0.08333333333333333,4,0.6666666666666666,5,0.7142857142857143,13,0.6,0,36,completed,1
R001607,E0051,EV_039,2025-12-09,,completed,100,,4.0,self,Sales Manager,Senior,office,kk,2023-01-30,workshop,online,3,False,1044,1,0,7,0.36363636363636365,0.18181818181818182,0.2727272727272727,0.18181818181818182,3,0.6,4,0.5,52,0.7777777777777778,0,36,completed,1
R001608,E0097,EV_006,2025-12-09,,declined,0,,,manager,Backend Engineer,Senior,office,kk,2024-02-16,workshop,offline,12,False,662,1,0,5,0.5555555555555556,0.2222222222222222,0.1111111111111111,0.1111111111111111,0,0.5,0,0.5,13,0.6,0,36,declined,0
R001609,E0018,EV_034,2025-12-10,,completed,100,,5.0,self,Customer Support Specialist,Junior,remote,en,2024-03-26,workshop,online,4,False,624,1,0,4,0.5,0.125,0.125,0.25,3,0.6,3,0.6,41,0.6976744186046512,0,33,completed,1
R001610,E0069,EV_019,2025-12-10,,dropped,60,,,self,Backend Engineer,Middle,hybrid,en,2023-09-20,workshop,offline,8,False,812,1,0,3,0.2857142857142857,0.2857142857142857,0.2857142857142857,0.14285714285714285,1,0.6666666666666666,2,0.5,22,0.4166666666666667,0,37,dropped,0
R001611,E0074,EV_026,2025-12-10,,completed,100,,,self,Product Manager,Middle,office,kk,2022-04-20,workshop,offline,8,False,1330,1,0,2,0.3333333333333333,0.16666666666666666,0.16666666666666666,0.3333333333333333,0,0.5,2,0.5,13,0.8,0,37,completed,1
R001612,E0115,EV_008,2025-12-10,,no_show,0,,,manager,Frontend Engineer,Junior,hybrid,ru,2025-02-12,workshop,online,4,False,301,1,0,3,0.2857142857142857,0.42857142857142855,0.14285714285714285,0.14285714285714285,3,0.4,1,0.3333333333333333,63,0.7846153846153846,0,37,no_show,0
R001613,E0167,EV_004,2025-12-10,2025-12-18,completed,100,,,hr,HR Business Partner,Junior,hybrid,kk,2025-11-18,onboarding,offline,8,True,22,1,0,0,0.25,0.25,0.25,0.25,0,0.5,0,0.5,0,0.5,0,19,not_training_eligible,
R001614,E0026,EV_009,2025-12-11,,dropped,90,,,manager,Backend Engineer,Senior,hybrid,kk,2022-04-25,certification,self_paced,40,False,1326,2,1,7,0.45454545454545453,0.18181818181818182,0.09090909090909091,0.2727272727272727,1,0.3333333333333333,1,0.3333333333333333,32,0.6176470588235294,0,8,dropped,0
R001615,E0054,EV_025,2025-12-11,,no_show,0,,,manager,Data Analyst,Senior,hybrid,kk,2022-11-30,course,online,10,False,1107,1,0,5,0.5555555555555556,0.1111111111111111,0.1111111111111111,0.2222222222222222,3,0.8,2,0.75,8,0.7,0,17,no_show,0
R001616,E0079,EV_036,2025-12-11,,completed,100,,3.0,manager,Sales Manager,Junior,office,ru,2024-10-14,meetup,offline,2,False,423,2,1,7,0.7272727272727273,0.09090909090909091,0.09090909090909091,0.09090909090909091,3,0.8,1,0.6666666666666666,91,0.6666666666666666,0,38,completed,1
R001617,E0112,EV_034,2025-12-11,,completed,100,,3.0,hr,Customer Support Specialist,Senior,hybrid,ru,2019-12-30,workshop,online,4,False,2173,2,1,7,0.5454545454545454,0.18181818181818182,0.09090909090909091,0.18181818181818182,7,0.6666666666666666,3,0.6,42,0.7045454545454546,0,29,completed,1
R001618,E0140,EV_006,2025-12-11,,completed,100,,4.0,manager,Backend Engineer,Middle,office,ru,2024-06-21,workshop,offline,12,False,538,1,0,10,0.42857142857142855,0.35714285714285715,0.07142857142857142,0.14285714285714285,3,0.6,3,0.6,14,0.5625,0,38,completed,1
R001619,E0172,EV_031,2025-12-11,,completed,100,,1.0,self,HR Business Partner,Senior,remote,ru,2018-08-27,workshop,online,6,False,2663,1,0,3,0.5714285714285714,0.14285714285714285,0.14285714285714285,0.14285714285714285,3,0.8,2,0.75,7,0.5555555555555556,0,38,completed,1
R001620,E0198,EV_039,2025-12-11,,completed,100,,4.0,self,Sales Manager,Junior,office,ru,2024-06-26,workshop,online,3,False,533,2,1,9,0.5384615384615384,0.07692307692307693,0.3076923076923077,0.07692307692307693,5,0.5714285714285714,6,0.625,53,0.7818181818181819,0,38,completed,1
R001621,E0054,EV_036,2025-12-12,,completed,100,,5.0,self,Data Analyst,Senior,hybrid,kk,2022-11-30,meetup,offline,2,False,1108,2,1,6,0.5,0.1,0.2,0.2,1,0.3333333333333333,1,0.3333333333333333,92,0.6702127659574468,0,1,completed,1
R001622,E0065,EV_037,2025-12-15,,completed,100,,4.0,self,QA Engineer,Middle,hybrid,en,2022-08-01,mentoring,online,12,False,1232,1,0,6,0.5,0.2,0.1,0.2,2,0.5,0,0.5,67,0.7246376811594203,0,12,completed,1
R001623,E0067,EV_005,2025-12-15,,completed,100,88.0,3.0,manager,Frontend Engineer,Middle,hybrid,ru,2024-10-16,course,online,16,False,425,1,0,6,0.7,0.1,0.1,0.1,2,0.75,1,0.6666666666666666,23,0.48,0,32,completed,1
R001624,E0092,EV_012,2025-12-15,,dropped,70,,,manager,Backend Engineer,Middle,office,en,2024-10-11,course,self_paced,24,False,430,1,0,2,0.3333333333333333,0.16666666666666666,0.3333333333333333,0.16666666666666666,0,0.5,1,0.6666666666666666,16,0.4444444444444444,0,26,dropped,0
R001625,E0112,EV_040,2025-12-15,,completed,100,,4.0,self,Customer Support Specialist,Senior,hybrid,ru,2019-12-30,workshop,offline,4,False,2177,1,0,8,0.5833333333333334,0.16666666666666666,0.08333333333333333,0.16666666666666666,0,0.5,4,0.6666666666666666,80,0.7073170731707317,0,4,completed,1
R001626,E0045,EV_032,2025-12-16,,completed,100,,3.0,hr,Sales Manager,Junior,office,kk,2025-03-28,workshop,offline,8,False,263,1,0,2,0.5,0.16666666666666666,0.16666666666666666,0.16666666666666666,1,0.6666666666666666,1,0.6666666666666666,18,0.75,0,43,completed,1
R001627,E0047,EV_007,2025-12-16,,no_show,0,,,self,Backend Engineer,Middle,office,ru,2022-12-22,mentoring,online,8,False,1090,1,0,10,0.5714285714285714,0.21428571428571427,0.14285714285714285,0.07142857142857142,4,0.8333333333333334,1,0.6666666666666666,12,0.5714285714285714,0,43,no_show,0
R001628,E0092,EV_006,2025-12-16,,completed,100,,,self,Backend Engineer,Middle,office,en,2024-10-11,workshop,offline,12,False,431,1,0,3,0.2857142857142857,0.2857142857142857,0.2857142857142857,0.14285714285714285,0,0.5,0,0.5,15,0.5882352941176471,0,1,completed,1
R001629,E0147,EV_037,2025-12-16,,completed,100,,5.0,self,Frontend Engineer,Middle,office,ru,2024-05-27,mentoring,online,12,False,568,1,0,5,0.5555555555555556,0.1111111111111111,0.2222222222222222,0.1111111111111111,1,0.6666666666666666,0,0.5,68,0.7285714285714285,0,43,completed,1
R001630,E0192,EV_005,2025-12-16,,completed,100,83.0,2.0,self,Backend Engineer,Junior,hybrid,ru,2024-12-11,course,online,16,False,370,1,0,6,0.6,0.1,0.1,0.2,2,0.75,0,0.5,24,0.5,0,43,completed,1
R001631,E0077,EV_030,2025-12-17,,completed,100,,5.0,self,HR Business Partner,Junior,office,ru,2025-09-15,workshop,online,4,False,93,1,0,1,0.4,0.2,0.2,0.2,1,0.6666666666666666,1,0.6666666666666666,7,0.6666666666666666,0,41,completed,1
R001632,E0053,EV_040,2025-12-18,,no_show,0,,,self,QA Engineer,Junior,remote,kk,2024-05-28,workshop,offline,4,False,569,1,0,7,0.2727272727272727,0.18181818181818182,0.45454545454545453,0.09090909090909091,5,0.14285714285714285,6,0.25,81,0.7108433734939759,0,45,no_show,0
R001633,E0080,EV_020,2025-12-18,,dropped,10,,,self,Data Analyst,Senior,hybrid,ru,2018-08-15,course,self_paced,40,False,2682,1,0,8,0.4166666666666667,0.3333333333333333,0.16666666666666666,0.08333333333333333,3,0.2,6,0.375,8,0.7,0,45,dropped,0
R001634,E0099,EV_039,2025-12-18,,declined,0,,,manager,HR Business Partner,Middle,hybrid,ru,2022-05-17,workshop,online,3,False,1311,1,0,6,0.4,0.3,0.2,0.1,5,0.42857142857142855,5,0.42857142857142855,54,0.7857142857142857,0,45,declined,0
R001635,E0104,EV_004,2025-12-18,2025-12-28,completed,100,,5.0,hr,Sales Manager,Junior,remote,ru,2025-11-28,onboarding,offline,8,True,20,1,0,0,0.25,0.25,0.25,0.25,0,0.5,0,0.5,0,0.5,0,17,not_training_eligible,
R001636,E0111,EV_018,2025-12-18,,completed,100,86.0,4.0,self,QA Engineer,Middle,office,ru,2024-06-19,course,online,24,False,547,1,0,5,0.6666666666666666,0.1111111111111111,0.1111111111111111,0.1111111111111111,2,0.75,1,0.6666666666666666,11,0.6153846153846154,0,45,completed,1
R001637,E0149,EV_036,2025-12-18,,completed,100,,,self,Sales Manager,Middle,office,ru,2022-10-26,meetup,offline,2,False,1149,5,4,9,0.6923076923076923,0.07692307692307693,0.15384615384615385,0.07692307692307693,5,0.8571428571428571,4,0.8333333333333334,93,0.6736842105263158,0,45,completed,1
R001638,E0167,EV_030,2025-12-18,,completed,100,,,manager,HR Business Partner,Junior,hybrid,kk,2025-11-18,workshop,online,4,False,30,1,0,0,0.25,0.25,0.25,0.25,0,0.5,0,0.5,8,0.7,0,8,completed,1
R001639,E0171,EV_037,2025-12-18,,completed,100,,,self,QA Engineer,Middle,hybrid,ru,2024-11-18,mentoring,online,12,False,395,1,0,2,0.3333333333333333,0.3333333333333333,0.16666666666666666,0.16666666666666666,1,0.3333333333333333,0,0.5,69,0.7323943661971831,0,45,completed,1
R001640,E0152,EV_001,2025-12-19,2026-01-18,completed,100,89.0,,hr,Sales Manager,Junior,remote,kk,2025-12-16,compliance,self_paced,2,True,3,1,0,0,0.25,0.25,0.25,0.25,0,0.5,0,0.5,0,0.5,1,-1,not_training_eligible,
R001641,E0152,EV_002,2025-12-19,2026-01-18,completed,100,77.0,,hr,Sales Manager,Junior,remote,kk,2025-12-16,compliance,self_paced,2,True,3,1,0,0,0.25,0.25,0.25,0.25,0,0.5,0,0.5,0,0.5,1,-1,not_training_eligible,
R001642,E0152,EV_003,2025-12-19,2026-01-18,completed,100,72.0,,hr,Sales Manager,Junior,remote,kk,2025-12-16,compliance,self_paced,2,True,3,1,0,0,0.25,0.25,0.25,0.25,0,0.5,0,0.5,0,0.5,1,-1,not_training_eligible,
R001643,E0017,EV_036,2025-12-22,,completed,100,,,self,Product Manager,Senior,office,ru,2019-02-26,meetup,offline,2,False,2491,2,1,9,0.7692307692307693,0.07692307692307693,0.07692307692307693,0.07692307692307693,4,0.8333333333333334,1,0.6666666666666666,94,0.6770833333333334,0,14,completed,1
R001644,E0046,EV_036,2025-12-22,,completed,100,,2.0,hr,Sales Manager,Middle,hybrid,ru,2024-02-26,meetup,offline,2,False,665,2,1,10,0.6428571428571429,0.21428571428571427,0.07142857142857142,0.07142857142857142,4,0.6666666666666666,1,0.6666666666666666,94,0.6770833333333334,0,17,completed,1
R001645,E0053,EV_005,2025-12-22,,no_show,0,,,self,QA Engineer,Junior,remote,kk,2024-05-28,course,online,16,False,573,1,0,8,0.25,0.16666666666666666,0.5,0.08333333333333333,2,0.75,1,0.6666666666666666,25,0.5185185185185185,0,4,no_show,0
R001646,E0089,EV_004,2025-12-22,2025-12-31,completed,100,,3.0,hr,Sales Manager,Junior,hybrid,kk,2025-12-01,onboarding,offline,8,True,21,1,0,0,0.25,0.25,0.25,0.25,0,0.5,0,0.5,0,0.5,0,18,not_training_eligible,
R001647,E0141,EV_004,2025-12-22,2025-12-27,completed,100,,,hr,Frontend Engineer,Junior,remote,kk,2025-11-27,onboarding,offline,8,True,25,1,0,0,0.25,0.25,0.25,0.25,0,0.5,0,0.5,0,0.5,0,21,not_training_eligible,
R001648,E0158,EV_036,2025-12-22,,completed,100,,,hr,Sales Manager,Senior,office,kk,2018-08-27,meetup,offline,2,False,2674,1,0,7,0.45454545454545453,0.09090909090909091,0.18181818181818182,0.2727272727272727,2,0.5,0,0.5,94,0.6770833333333334,0,18,completed,1
R001649,E0182,EV_040,2025-12-22,,completed,100,,,self,Frontend Engineer,Middle,office,ru,2024-06-14,workshop,offline,4,False,556,1,0,4,0.375,0.125,0.25,0.25,2,0.25,1,0.6666666666666666,82,0.7023809523809523,0,47,completed,1
R001650,E0047,EV_007,2025-12-23,,dropped,80,,2.0,self,Backend Engineer,Middle,office,ru,2022-12-22,mentoring,online,8,False,1097,2,1,11,0.5333333333333333,0.2,0.2,0.06666666666666667,5,0.7142857142857143,2,0.5,13,0.5333333333333333,0,7,dropped,0
R001651,E0067,EV_015,2025-12-23,,completed,100,76.0,5.0,manager,Frontend Engineer,Middle,hybrid,ru,2024-10-16,course,self_paced,6,False,433,1,0,7,0.7272727272727273,0.09090909090909091,0.09090909090909091,0.09090909090909091,1,0.6666666666666666,2,0.75,9,0.9090909090909091,0,8,completed,1
R001652,E0097,EV_036,2025-12-24,,declined,0,,,manager,Backend Engineer,Senior,office,kk,2024-02-16,meetup,offline,2,False,677,1,0,6,0.5,0.2,0.1,0.2,1,0.3333333333333333,0,0.5,97,0.6868686868686869,0,15,declined,0
R001653,E0160,EV_036,2025-12-24,,completed,100,,,self,Customer Support Specialist,Junior,hybrid,ru,2024-11-13,meetup,offline,2,False,406,4,3,8,0.5833333333333334,0.08333333333333333,0.16666666666666666,0.16666666666666666,4,0.5,3,0.4,97,0.6868686868686869,0,20,completed,1
R001654,E0021,EV_037,2025-12-25,,no_show,0,,,hr,Customer Support Specialist,Middle,remote,ru,2024-09-12,mentoring,online,12,False,469,1,0,4,0.5,0.125,0.25,0.125,2,0.75,0,0.5,70,0.7361111111111112,0,30,no_show,0
R001655,E0028,EV_012,2025-12-25,,completed,100,87.0,,manager,Backend Engineer,Middle,hybrid,kk,2022-05-23,course,self_paced,24,False,1312,1,0,4,0.375,0.25,0.25,0.125,0,0.5,1,0.3333333333333333,17,0.42105263157894735,0,49,completed,1
R001656,E0057,EV_040,2025-12-25,,completed,100,,4.0,self,Sales Manager,Senior,hybrid,kk,2023-10-19,workshop,offline,4,False,798,1,0,6,0.6,0.1,0.2,0.1,1,0.6666666666666666,2,0.75,83,0.7058823529411765,0,52,completed,1
R001657,E0113,EV_036,2025-12-25,,completed,100,,,self,Product Manager,Junior,office,ru,2025-02-14,meetup,offline,2,False,314,1,0,1,0.4,0.2,0.2,0.2,0,0.5,0,0.5,99,0.6831683168316832,0,52,completed,1
R001658,E0178,EV_001,2025-12-25,2026-01-24,overdue,40,,,hr,Backend Engineer,Middle,remote,kk,2025-12-22,compliance,self_paced,2,True,3,1,0,0,0.25,0.25,0.25,0.25,0,0.5,0,0.5,0,0.5,1,-1,not_training_eligible,
R001659,E0178,EV_002,2025-12-25,2026-01-24,completed,100,85.0,,hr,Backend Engineer,Middle,remote,kk,2025-12-22,compliance,self_paced,2,True,3,1,0,0,0.25,0.25,0.25,0.25,0,0.5,0,0.5,0,0.5,1,-1,not_training_eligible,
R001660,E0178,EV_003,2025-12-25,2026-01-24,completed,100,85.0,,hr,Backend Engineer,Middle,remote,kk,2025-12-22,compliance,self_paced,2,True,3,1,0,0,0.25,0.25,0.25,0.25,0,0.5,0,0.5,0,0.5,1,-1,not_training_eligible,
R001661,E0016,EV_001,2025-12-26,2026-01-25,overdue,0,,,hr,Backend Engineer,Junior,office,ru,2025-12-23,compliance,self_paced,2,True,3,1,0,0,0.25,0.25,0.25,0.25,0,0.5,0,0.5,0,0.5,1,-1,not_training_eligible,
R001662,E0016,EV_002,2025-12-26,2026-01-25,overdue,0,,,hr,Backend Engineer,Junior,office,ru,2025-12-23,compliance,self_paced,2,True,3,1,0,0,0.25,0.25,0.25,0.25,0,0.5,0,0.5,0,0.5,1,-1,not_training_eligible,
R001663,E0016,EV_003,2025-12-26,2026-01-25,completed,100,73.0,,hr,Backend Engineer,Junior,office,ru,2025-12-23,compliance,self_paced,2,True,3,1,0,0,0.25,0.25,0.25,0.25,0,0.5,0,0.5,0,0.5,1,-1,not_training_eligible,
R001664,E0022,EV_001,2025-12-26,2026-01-25,overdue,0,,,hr,Data Analyst,Junior,hybrid,kk,2025-12-23,compliance,self_paced,2,True,3,1,0,0,0.25,0.25,0.25,0.25,0,0.5,0,0.5,0,0.5,1,-1,not_training_eligible,
R001665,E0022,EV_002,2025-12-26,2026-01-25,completed,100,70.0,,hr,Data Analyst,Junior,hybrid,kk,2025-12-23,compliance,self_paced,2,True,3,1,0,0,0.25,0.25,0.25,0.25,0,0.5,0,0.5,0,0.5,1,-1,not_training_eligible,
R001666,E0022,EV_003,2025-12-26,2026-01-25,completed,100,70.0,,hr,Data Analyst,Junior,hybrid,kk,2025-12-23,compliance,self_paced,2,True,3,1,0,0,0.25,0.25,0.25,0.25,0,0.5,0,0.5,0,0.5,1,-1,not_training_eligible,
R001667,E0063,EV_019,2025-12-26,,completed,100,,4.0,manager,QA Engineer,Lead,office,kk,2023-08-29,workshop,offline,8,False,850,1,0,2,0.3333333333333333,0.3333333333333333,0.16666666666666666,0.16666666666666666,1,0.6666666666666666,1,0.6666666666666666,23,0.4,0,53,completed,1
R001668,E0095,EV_028,2025-12-26,,completed,100,,3.0,manager,HR Business Partner,Middle,office,kk,2021-12-20,workshop,online,4,False,1467,3,2,7,0.45454545454545453,0.18181818181818182,0.18181818181818182,0.18181818181818182,6,0.5,5,0.42857142857142855,7,0.5555555555555556,0,38,completed,1
R001669,E0148,EV_037,2025-12-26,,completed,100,,4.0,hr,Sales Manager,Lead,office,kk,2020-08-18,mentoring,online,12,False,1956,1,0,7,0.6363636363636364,0.09090909090909091,0.18181818181818182,0.09090909090909091,4,0.6666666666666666,0,0.5,71,0.726027397260274,0,53,completed,1
R001670,E0170,EV_016,2025-12-26,,completed,100,,5.0,self,Frontend Engineer,Middle,hybrid,ru,2025-04-24,workshop,online,4,False,246,1,0,4,0.25,0.25,0.25,0.25,2,0.25,1,0.3333333333333333,21,0.782608695652174,0,53,completed,1
R001671,E0183,EV_014,2025-12-26,,completed,100,,5.0,self,Frontend Engineer,Middle,office,ru,2025-09-22,workshop,offline,8,False,95,1,0,0,0.25,0.25,0.25,0.25,0,0.5,0,0.5,7,0.6666666666666666,0,88,completed,1
R001672,E0192,EV_036,2025-12-26,,no_show,0,,,self,Backend Engineer,Junior,hybrid,ru,2024-12-11,meetup,offline,2,False,380,1,0,7,0.6363636363636364,0.09090909090909091,0.09090909090909091,0.18181818181818182,4,0.6666666666666666,0,0.5,100,0.6862745098039216,0,10,no_show,0
R001673,E0083,EV_039,2025-12-29,,completed,100,,,self,Customer Support Specialist,Senior,hybrid,ru,2025-01-30,workshop,online,3,False,333,1,0,2,0.3333333333333333,0.3333333333333333,0.16666666666666666,0.16666666666666666,2,0.5,2,0.5,55,0.7719298245614035,0,56,completed,1
R001674,E0152,EV_004,2025-12-29,2026-01-15,completed,100,,2.0,hr,Sales Manager,Junior,remote,kk,2025-12-16,onboarding,offline,8,True,13,1,0,0,0.25,0.25,0.25,0.25,0,0.5,0,0.5,0,0.5,0,10,not_training_eligible,
R001675,E0175,EV_038,2025-12-29,,dropped,60,,,manager,Backend Engineer,Lead,hybrid,kk,2016-10-03,course,online,16,False,3374,1,0,2,0.3333333333333333,0.16666666666666666,0.3333333333333333,0.16666666666666666,1,0.6666666666666666,1,0.6666666666666666,46,0.7291666666666666,0,56,dropped,0
R001676,E0157,EV_018,2025-12-30,,completed,100,92.0,5.0,self,QA Engineer,Junior,remote,kk,2025-10-13,course,online,24,False,78,1,0,0,0.25,0.25,0.25,0.25,0,0.5,0,0.5,12,0.6428571428571429,0,57,completed,1
R001677,E0160,EV_036,2025-12-30,,no_show,0,,,hr,Customer Support Specialist,Junior,hybrid,ru,2024-11-13,meetup,offline,2,False,412,5,4,9,0.6153846153846154,0.07692307692307693,0.15384615384615385,0.15384615384615385,5,0.5714285714285714,4,0.5,101,0.6796116504854369,0,6,no_show,0
R001678,E0041,EV_037,2025-12-31,,completed,100,,5.0,self,Product Manager,Senior,office,kk,2023-09-22,mentoring,online,12,False,831,1,0,6,0.5,0.2,0.1,0.2,1,0.3333333333333333,0,0.5,72,0.7297297297297297,0,58,completed,1
R001679,E0053,EV_040,2025-12-31,,no_show,0,,,self,QA Engineer,Junior,remote,kk,2024-05-28,workshop,offline,4,False,582,2,1,9,0.23076923076923078,0.15384615384615385,0.5384615384615384,0.07692307692307693,6,0.125,7,0.2222222222222222,84,0.7093023255813954,0,9,no_show,0
R001680,E0099,EV_039,2025-12-31,,completed,100,,,self,HR Business Partner,Middle,hybrid,ru,2022-05-17,workshop,online,3,False,1324,2,1,7,0.36363636363636365,0.2727272727272727,0.18181818181818182,0.18181818181818182,6,0.375,6,0.375,56,0.7758620689655172,0,13,completed,1
R001681,E0051,EV_033,2026-01-01,,completed,100,73.0,5.0,self,Sales Manager,Senior,office,kk,2023-01-30,course,online,10,False,1067,1,0,8,0.4166666666666667,0.16666666666666666,0.25,0.16666666666666666,4,0.6666666666666666,1,0.6666666666666666,11,0.6923076923076923,0,23,completed,1
R001682,E0093,EV_008,2026-01-01,,completed,100,,5.0,manager,Customer Support Specialist,Middle,hybrid,kk,2022-08-31,workshop,online,4,False,1219,1,0,7,0.5454545454545454,0.18181818181818182,0.09090909090909091,0.18181818181818182,6,0.625,3,0.8,64,0.7727272727272727,0,59,completed,1
R001683,E0124,EV_040,2026-01-01,,completed,100,,,self,Data Analyst,Middle,office,kk,2025-02-17,workshop,offline,4,False,318,1,0,1,0.2,0.2,0.2,0.4,0,0.5,0,0.5,85,0.7011494252873564,0,59,completed,1
R001684,E0165,EV_036,2026-01-01,,completed,100,,4.0,self,Product Manager,Junior,office,ru,2024-08-30,meetup,offline,2,False,489,3,2,6,0.5,0.3,0.1,0.1,5,0.5714285714285714,2,0.75,102,0.6730769230769231,0,48,completed,1
R001685,E0183,EV_008,2026-01-01,,completed,100,,5.0,self,Frontend Engineer,Middle,office,ru,2025-09-22,workshop,online,4,False,101,1,0,1,0.4,0.2,0.2,0.2,0,0.5,1,0.6666666666666666,64,0.7727272727272727,0,6,completed,1
R001686,E0193,EV_040,2026-01-01,,completed,100,,4.0,self,Data Analyst,Middle,office,ru,2022-08-01,workshop,offline,4,False,1249,1,0,4,0.625,0.125,0.125,0.125,2,0.75,2,0.75,85,0.7011494252873564,0,27,completed,1
R001687,E0006,EV_011,2026-01-02,,dropped,40,,,hr,Frontend Engineer,Lead,office,kk,2018-01-16,workshop,offline,6,False,2908,1,0,7,0.45454545454545453,0.09090909090909091,0.18181818181818182,0.2727272727272727,4,0.5,2,0.5,14,0.625,0,60,dropped,0
R001688,E0022,EV_004,2026-01-05,2026-01-22,completed,100,,5.0,hr,Data Analyst,Junior,hybrid,kk,2025-12-23,onboarding,offline,8,True,13,1,0,0,0.25,0.25,0.25,0.25,0,0.5,0,0.5,0,0.5,0,10,not_training_eligible,
R001689,E0026,EV_006,2026-01-05,,completed,100,,5.0,manager,Backend Engineer,Senior,hybrid,kk,2022-04-25,workshop,offline,12,False,1351,1,0,8,0.4166666666666667,0.25,0.08333333333333333,0.25,2,0.75,1,0.6666666666666666,16,0.6111111111111112,0,25,completed,1
R001690,E0034,EV_040,2026-01-05,,completed,100,,,manager,Data Analyst,Junior,office,kk,2025-08-01,workshop,offline,4,False,157,1,0,1,0.4,0.2,0.2,0.2,1,0.6666666666666666,1,0.6666666666666666,87,0.7078651685393258,0,87,completed,1
R001691,E0036,EV_040,2026-01-05,,no_show,0,,,hr,Frontend Engineer,Junior,remote,ru,2025-06-30,workshop,offline,4,False,189,1,0,1,0.4,0.2,0.2,0.2,0,0.5,1,0.6666666666666666,87,0.7078651685393258,0,63,no_show,0
R001692,E0097,EV_019,2026-01-05,,completed,100,,,hr,Backend Engineer,Senior,office,kk,2024-02-16,workshop,offline,8,False,689,1,0,7,0.45454545454545453,0.18181818181818182,0.09090909090909091,0.2727272727272727,2,0.25,1,0.3333333333333333,24,0.4230769230769231,0,12,completed,1
R001693,E0154,EV_009,2026-01-05,,completed,100,64.0,3.0,hr,Frontend Engineer,Middle,office,ru,2023-08-16,certification,self_paced,40,False,873,1,0,6,0.5,0.1,0.2,0.2,0,0.5,0,0.5,33,0.6,0,63,completed,1
R001694,E0164,EV_025,2026-01-05,,completed,100,79.0,5.0,self,Backend Engineer,Middle,hybrid,ru,2022-08-26,course,online,10,False,1228,1,0,6,0.5,0.2,0.2,0.1,1,0.6666666666666666,0,0.5,9,0.6363636363636364,0,63,completed,1
R001695,E0097,EV_039,2026-01-06,,no_show,0,,,self,Backend Engineer,Senior,office,kk,2024-02-16,workshop,online,3,False,690,1,0,8,0.5,0.16666666666666666,0.08333333333333333,0.25,4,0.8333333333333334,2,0.5,57,0.7796610169491526,0,1,no_show,0
R001696,E0111,EV_039,2026-01-06,,completed,100,,,manager,QA Engineer,Middle,office,ru,2024-06-19,workshop,online,3,False,566,1,0,6,0.7,0.1,0.1,0.1,3,0.8,2,0.75,57,0.7796610169491526,0,19,completed,1
R001697,E0065,EV_008,2026-01-07,,completed,100,,,self,QA Engineer,Middle,hybrid,en,2022-08-01,workshop,online,4,False,1255,2,1,7,0.5454545454545454,0.18181818181818182,0.09090909090909091,0.18181818181818182,3,0.6,3,0.6,66,0.7794117647058824,0,23,completed,1
R001698,E0082,EV_036,2026-01-07,,no_show,0,,,self,Frontend Engineer,Middle,office,ru,2025-03-27,meetup,offline,2,False,286,1,0,1,0.4,0.2,0.2,0.2,0,0.5,0,0.5,103,0.6761904761904762,0,65,no_show,0
R001699,E0083,EV_038,2026-01-07,,completed,100,61.0,,self,Customer Support Specialist,Senior,hybrid,ru,2025-01-30,course,online,16,False,342,1,0,3,0.42857142857142855,0.2857142857142857,0.14285714285714285,0.14285714285714285,3,0.6,0,0.5,47,0.7142857142857143,0,9,completed,1
R001700,E0170,EV_014,2026-01-07,,completed,100,,5.0,self,Frontend Engineer,Middle,hybrid,ru,2025-04-24,workshop,offline,8,False,258,1,0,5,0.3333333333333333,0.2222222222222222,0.2222222222222222,0.2222222222222222,1,0.3333333333333333,2,0.5,8,0.7,0,12,completed,1
R001701,E0091,EV_040,2026-01-08,,completed,100,,3.0,self,QA Engineer,Senior,hybrid,kk,2024-05-28,workshop,offline,4,False,590,1,0,6,0.6,0.2,0.1,0.1,1,0.6666666666666666,2,0.75,89,0.7032967032967034,0,37,completed,1
R001702,E0200,EV_008,2026-01-08,,completed,100,,5.0,self,Backend Engineer,Junior,hybrid,ru,2025-07-14,workshop,online,4,False,178,1,0,1,0.2,0.4,0.2,0.2,0,0.5,0,0.5,67,0.782608695652174,0,128,completed,1
R001703,E0072,EV_037,2026-01-09,,dropped,75,,,self,QA Engineer,Middle,office,ru,2024-04-15,mentoring,online,12,False,634,1,0,1,0.2,0.4,0.2,0.2,1,0.3333333333333333,0,0.5,73,0.7333333333333333,0,67,dropped,0
R001704,E0105,EV_039,2026-01-09,,completed,100,,4.0,self,HR Business Partner,Senior,office,kk,2024-04-22,workshop,online,3,False,627,1,0,7,0.5454545454545454,0.2727272727272727,0.09090909090909091,0.09090909090909091,7,0.6666666666666666,5,0.5714285714285714,59,0.7704918032786885,0,67,completed,1
R001705,E0112,EV_036,2026-01-09,,declined,0,,,manager,Customer Support Specialist,Senior,hybrid,ru,2019-12-30,meetup,offline,2,False,2202,1,0,9,0.6153846153846154,0.15384615384615385,0.07692307692307693,0.15384615384615385,1,0.6666666666666666,0,0.5,104,0.6698113207547169,0,25,declined,0
R001706,E0016,EV_004,2026-01-12,2026-01-22,completed,100,,5.0,hr,Backend Engineer,Junior,office,ru,2025-12-23,onboarding,offline,8,True,20,1,0,0,0.25,0.25,0.25,0.25,0,0.5,0,0.5,0,0.5,0,17,not_training_eligible,
R001707,E0002,EV_010,2026-01-13,,dropped,70,,,manager,Backend Engineer,Middle,remote,ru,2023-04-25,course,online,20,False,994,1,0,4,0.375,0.375,0.125,0.125,2,0.5,2,0.5,13,0.6666666666666666,0,71,dropped,0
R001708,E0027,EV_031,2026-01-13,,completed,100,,5.0,manager,HR Business Partner,Middle,remote,ru,2025-03-18,workshop,online,6,False,301,1,0,3,0.42857142857142855,0.2857142857142857,0.14285714285714285,0.14285714285714285,2,0.5,1,0.3333333333333333,8,0.6,0,71,completed,1
R001709,E0041,EV_036,2026-01-13,,completed,100,,3.0,self,Product Manager,Senior,office,kk,2023-09-22,meetup,offline,2,False,844,2,1,7,0.5454545454545454,0.18181818181818182,0.09090909090909091,0.18181818181818182,3,0.8,1,0.6666666666666666,105,0.6635514018691588,0,13,completed,1
R001710,E0047,EV_007,2026-01-13,,dropped,75,,1.0,self,Backend Engineer,Middle,office,ru,2022-12-22,mentoring,online,8,False,1118,3,2,12,0.5,0.25,0.1875,0.0625,6,0.625,3,0.4,14,0.5,0,21,dropped,0
R001711,E0080,EV_020,2026-01-13,,declined,0,,,hr,Data Analyst,Senior,hybrid,ru,2018-08-15,course,self_paced,40,False,2708,2,1,9,0.38461538461538464,0.38461538461538464,0.15384615384615385,0.07692307692307693,4,0.16666666666666666,7,0.3333333333333333,9,0.6363636363636364,0,26,declined,0
R001712,E0149,EV_008,2026-01-13,,completed,100,,5.0,self,Sales Manager,Middle,office,ru,2022-10-26,workshop,online,4,False,1175,1,0,10,0.7142857142857143,0.07142857142857142,0.14285714285714285,0.07142857142857142,4,0.6666666666666666,3,0.6,68,0.7857142857142857,0,26,completed,1
R001713,E0164,EV_012,2026-01-13,,completed,100,75.0,4.0,self,Backend Engineer,Middle,hybrid,ru,2022-08-26,course,self_paced,24,False,1236,1,0,7,0.5454545454545454,0.18181818181818182,0.18181818181818182,0.09090909090909091,0,0.5,1,0.6666666666666666,18,0.45,0,8,completed,1
R001714,E0189,EV_011,2026-01-13,,completed,100,,,self,QA Engineer,Senior,office,ru,2019-11-18,workshop,offline,6,False,2248,1,0,8,0.5833333333333334,0.16666666666666666,0.16666666666666666,0.08333333333333333,2,0.75,3,0.8,15,0.5882352941176471,0,41,completed,1
R001715,E0194,EV_039,2026-01-13,,completed,100,,3.0,self,Frontend Engineer,Senior,remote,ru,2021-07-14,workshop,online,3,False,1644,1,0,3,0.42857142857142855,0.14285714285714285,0.2857142857142857,0.14285714285714285,2,0.5,0,0.5,60,0.7741935483870968,0,71,completed,1
R001716,E0114,EV_039,2026-01-14,,completed,100,,,hr,Customer Support Specialist,Junior,hybrid,en,2024-11-14,workshop,online,3,False,426,1,0,2,0.3333333333333333,0.16666666666666666,0.16666666666666666,0.3333333333333333,2,0.5,2,0.5,61,0.7777777777777778,0,72,completed,1
R001717,E0178,EV_004,2026-01-14,2026-01-21,completed,100,,4.0,hr,Backend Engineer,Middle,remote,kk,2025-12-22,onboarding,offline,8,True,23,1,0,0,0.25,0.25,0.25,0.25,0,0.5,0,0.5,0,0.5,0,20,not_training_eligible,
R001718,E0021,EV_037,2026-01-15,,completed,100,,3.0,self,Customer Support Specialist,Middle,remote,ru,2024-09-12,mentoring,online,12,False,490,2,1,5,0.4444444444444444,0.1111111111111111,0.3333333333333333,0.1111111111111111,3,0.6,1,0.3333333333333333,74,0.7236842105263158,0,21,completed,1
R001719,E0025,EV_040,2026-01-15,,declined,0,,,manager,Data Analyst,Junior,office,kk,2024-04-22,workshop,offline,4,False,633,1,0,2,0.5,0.16666666666666666,0.16666666666666666,0.16666666666666666,0,0.5,2,0.75,90,0.7065217391304348,0,73,declined,0
R001720,E0090,EV_036,2026-01-15,,completed,100,,4.0,self,Data Analyst,Middle,office,ru,2025-06-24,meetup,offline,2,False,205,1,0,0,0.25,0.25,0.25,0.25,0,0.5,0,0.5,106,0.6666666666666666,0,73,completed,1
R001721,E0195,EV_020,2026-01-15,,dropped,35,,2.0,hr,Product Manager,Middle,office,kk,2025-04-21,course,self_paced,40,False,269,1,0,7,0.36363636363636365,0.2727272727272727,0.2727272727272727,0.09090909090909091,0,0.5,0,0.5,10,0.5833333333333334,0,73,dropped,0
R001722,E0171,EV_039,2026-01-16,,completed,100,,4.0,manager,QA Engineer,Middle,hybrid,ru,2024-11-18,workshop,online,3,False,424,1,0,3,0.42857142857142855,0.2857142857142857,0.14285714285714285,0.14285714285714285,2,0.5,2,0.5,62,0.78125,0,29,completed,1
R001723,E0177,EV_034,2026-01-16,,dropped,65,,2.0,manager,Customer Support Specialist,Middle,office,ru,2024-08-12,workshop,online,4,False,522,1,0,4,0.25,0.125,0.375,0.25,3,0.4,2,0.25,43,0.7111111111111111,0,74,dropped,0
R001724,E0184,EV_009,2026-01-16,,dropped,45,,3.0,self,Backend Engineer,Middle,office,ru,2024-10-30,certification,self_paced,40,False,443,2,1,4,0.25,0.375,0.125,0.25,1,0.3333333333333333,1,0.3333333333333333,34,0.6111111111111112,0,74,dropped,0
R001725,E0187,EV_022,2026-01-16,,completed,100,83.0,3.0,self,Data Analyst,Junior,office,ru,2024-03-25,course,online,12,False,662,1,0,4,0.375,0.25,0.125,0.25,2,0.5,1,0.3333333333333333,11,0.6923076923076923,0,70,completed,1
R001726,E0030,EV_035,2026-01-19,,completed,100,84.0,,self,Customer Support Specialist,Middle,office,ru,2024-12-12,course,online,16,False,403,1,0,1,0.4,0.2,0.2,0.2,0,0.5,0,0.5,21,0.6956521739130435,0,77,completed,1
R001727,E0049,EV_039,2026-01-19,,completed,100,,,self,Sales Manager,Junior,hybrid,kk,2025-11-03,workshop,online,3,False,77,1,0,0,0.25,0.25,0.25,0.25,0,0.5,0,0.5,63,0.7846153846153846,0,67,completed,1
R001728,E0129,EV_001,2026-01-19,2026-02-18,overdue,60,,,hr,Sales Manager,Middle,hybrid,kk,2026-01-14,compliance,self_paced,2,True,5,1,0,0,0.25,0.25,0.25,0.25,0,0.5,0,0.5,0,0.5,1,-1,not_training_eligible,
R001729,E0129,EV_002,2026-01-19,2026-02-18,completed,100,77.0,,hr,Sales Manager,Middle,hybrid,kk,2026-01-14,compliance,self_paced,2,True,5,1,0,0,0.25,0.25,0.25,0.25,0,0.5,0,0.5,0,0.5,1,-1,not_training_eligible,
R001730,E0129,EV_003,2026-01-19,2026-02-18,completed,100,75.0,,hr,Sales Manager,Middle,hybrid,kk,2026-01-14,compliance,self_paced,2,True,5,1,0,0,0.25,0.25,0.25,0.25,0,0.5,0,0.5,0,0.5,1,-1,not_training_eligible,
R001731,E0140,EV_012,2026-01-19,,dropped,45,,,manager,Backend Engineer,Middle,office,ru,2024-06-21,course,self_paced,24,False,577,2,1,11,0.4666666666666667,0.3333333333333333,0.06666666666666667,0.13333333333333333,1,0.3333333333333333,4,0.3333333333333333,19,0.47619047619047616,0,39,dropped,0
R001732,E0151,EV_034,2026-01-19,,completed,100,,3.0,self,HR Business Partner,Junior,remote,ru,2025-09-11,workshop,online,4,False,130,1,0,1,0.2,0.2,0.4,0.2,0,0.5,0,0.5,44,0.6956521739130435,0,48,completed,1
R001733,E0181,EV_038,2026-01-19,,no_show,0,,,manager,Product Manager,Senior,office,ru,2025-01-27,course,online,16,False,357,2,1,6,0.5,0.1,0.2,0.2,4,0.5,1,0.3333333333333333,48,0.72,0,77,no_show,0
R001734,E0121,EV_023,2026-01-20,,completed,100,,2.0,self,Data Analyst,Middle,hybrid,ru,2025-09-15,workshop,offline,6,False,127,1,0,0,0.25,0.25,0.25,0.25,0,0.5,0,0.5,17,0.7368421052631579,0,113,completed,1
R001735,E0164,EV_005,2026-01-20,,completed,100,84.0,5.0,self,Backend Engineer,Middle,hybrid,ru,2022-08-26,course,online,16,False,1243,1,0,8,0.5833333333333334,0.16666666666666666,0.16666666666666666,0.08333333333333333,2,0.75,2,0.75,26,0.5,0,7,completed,1
R001736,E0197,EV_037,2026-01-20,,completed,100,,2.0,manager,QA Engineer,Middle,hybrid,ru,2022-08-15,mentoring,online,12,False,1254,2,1,10,0.42857142857142855,0.21428571428571427,0.21428571428571427,0.14285714285714285,5,0.42857142857142855,1,0.3333333333333333,75,0.7272727272727273,0,62,completed,1
R001737,E0046,EV_036,2026-01-21,,no_show,0,,,manager,Sales Manager,Middle,hybrid,ru,2024-02-26,meetup,offline,2,False,695,3,2,11,0.6666666666666666,0.2,0.06666666666666667,0.06666666666666667,5,0.7142857142857143,2,0.75,107,0.6697247706422018,0,30,no_show,0
R001738,E0093,EV_036,2026-01-21,,completed,100,,4.0,self,Customer Support Specialist,Middle,hybrid,kk,2022-08-31,meetup,offline,2,False,1239,1,0,8,0.5833333333333334,0.16666666666666666,0.08333333333333333,0.16666666666666666,1,0.6666666666666666,0,0.5,107,0.6697247706422018,0,20,completed,1
R001739,E0150,EV_037,2026-01-21,,completed,100,,4.0,self,Backend Engineer,Middle,office,ru,2023-07-03,mentoring,online,12,False,933,1,0,9,0.6153846153846154,0.07692307692307693,0.15384615384615385,0.15384615384615385,2,0.75,0,0.5,76,0.7307692307692307,0,79,completed,1
R001740,E0151,EV_008,2026-01-21,,completed,100,,4.0,self,HR Business Partner,Junior,remote,ru,2025-09-11,workshop,online,4,False,132,1,0,2,0.3333333333333333,0.16666666666666666,0.3333333333333333,0.16666666666666666,1,0.6666666666666666,1,0.6666666666666666,69,0.7887323943661971,0,2,completed,1
R001741,E0044,EV_040,2026-01-22,,completed,100,,5.0,self,Frontend Engineer,Lead,office,kk,2022-10-17,workshop,offline,4,False,1193,2,1,6,0.5,0.1,0.3,0.1,2,0.5,3,0.6,91,0.6989247311827957,0,70,completed,1
R001742,E0060,EV_038,2026-01-22,,completed,100,88.0,5.0,self,Product Manager,Lead,office,kk,2021-10-18,course,online,16,False,1557,1,0,4,0.5,0.125,0.125,0.25,1,0.3333333333333333,0,0.5,49,0.7058823529411765,0,80,completed,1
R001743,E0173,EV_040,2026-01-22,,completed,100,,,self,HR Business Partner,Senior,remote,kk,2019-04-25,workshop,offline,4,False,2464,1,0,7,0.5454545454545454,0.09090909090909091,0.2727272727272727,0.09090909090909091,0,0.5,4,0.5,91,0.6989247311827957,0,52,completed,1
R001744,E0048,EV_012,2026-01-23,,completed,100,71.0,,hr,Data Analyst,Middle,hybrid,kk,2024-11-22,course,self_paced,24,False,427,1,0,5,0.4444444444444444,0.2222222222222222,0.1111111111111111,0.2222222222222222,1,0.3333333333333333,0,0.5,20,0.45454545454545453,0,81,completed,1
R001745,E0054,EV_009,2026-01-23,,dropped,65,,,self,Data Analyst,Senior,hybrid,kk,2022-11-30,certification,self_paced,40,False,1150,1,0,7,0.5454545454545454,0.09090909090909091,0.18181818181818182,0.18181818181818182,1,0.6666666666666666,0,0.5,35,0.5945945945945946,0,42,dropped,0
R001746,E0156,EV_001,2026-01-23,2026-02-22,overdue,60,,,hr,QA Engineer,Junior,hybrid,kk,2026-01-20,compliance,self_paced,2,True,3,1,0,0,0.25,0.25,0.25,0.25,0,0.5,0,0.5,0,0.5,1,-1,not_training_eligible,
R001747,E0156,EV_002,2026-01-23,2026-02-22,overdue,60,,,hr,QA Engineer,Junior,hybrid,kk,2026-01-20,compliance,self_paced,2,True,3,1,0,0,0.25,0.25,0.25,0.25,0,0.5,0,0.5,0,0.5,1,-1,not_training_eligible,
R001748,E0156,EV_003,2026-01-23,2026-02-22,completed,100,86.0,,hr,QA Engineer,Junior,hybrid,kk,2026-01-20,compliance,self_paced,2,True,3,1,0,0,0.25,0.25,0.25,0.25,0,0.5,0,0.5,0,0.5,1,-1,not_training_eligible,
R001749,E0059,EV_036,2026-01-26,,no_show,0,,,self,Sales Manager,Middle,remote,ru,2023-06-28,meetup,offline,2,False,943,3,2,11,0.4666666666666667,0.13333333333333333,0.3333333333333333,0.06666666666666667,6,0.375,2,0.75,109,0.6666666666666666,0,74,no_show,0
R001750,E0133,EV_034,2026-01-26,,completed,100,,3.0,manager,HR Business Partner,Lead,office,ru,2019-08-23,workshop,online,4,False,2348,2,1,7,0.5454545454545454,0.2727272727272727,0.09090909090909091,0.09090909090909091,5,0.7142857142857143,6,0.75,45,0.7021276595744681,0,84,completed,1
R001751,E0143,EV_040,2026-01-26,,no_show,0,,,self,Customer Support Specialist,Middle,office,kk,2023-08-15,workshop,offline,4,False,895,1,0,3,0.2857142857142857,0.2857142857142857,0.2857142857142857,0.14285714285714285,1,0.3333333333333333,1,0.6666666666666666,93,0.7052631578947368,0,84,no_show,0
R001752,E0161,EV_036,2026-01-27,,completed,100,,4.0,hr,Sales Manager,Senior,remote,ru,2024-05-15,meetup,offline,2,False,622,1,0,2,0.16666666666666666,0.3333333333333333,0.3333333333333333,0.16666666666666666,0,0.5,0,0.5,110,0.6607142857142857,0,68,completed,1
R001753,E0011,EV_025,2026-01-28,,completed,100,62.0,5.0,self,Data Analyst,Senior,office,kk,2021-01-11,course,online,10,False,1843,2,1,8,0.5833333333333334,0.16666666666666666,0.16666666666666666,0.08333333333333333,6,0.75,5,0.5714285714285714,10,0.6666666666666666,0,58,completed,1
R001754,E0085,EV_037,2026-01-28,,completed,100,,,hr,Data Analyst,Lead,hybrid,ru,2018-05-23,mentoring,online,12,False,2807,1,0,6,0.6,0.2,0.1,0.1,3,0.8,0,0.5,77,0.7341772151898734,0,69,completed,1
R001755,E0128,EV_038,2026-01-28,,completed,100,74.0,5.0,hr,Backend Engineer,Senior,hybrid,kk,2024-07-29,course,online,16,False,548,1,0,2,0.5,0.16666666666666666,0.16666666666666666,0.16666666666666666,2,0.75,0,0.5,50,0.7115384615384616,0,86,completed,1
R001756,E0145,EV_008,2026-01-28,,completed,100,,1.0,manager,QA Engineer,Senior,office,kk,2023-10-12,workshop,online,4,False,839,1,0,3,0.2857142857142857,0.2857142857142857,0.14285714285714285,0.2857142857142857,0,0.5,3,0.4,70,0.7916666666666666,0,64,completed,1
R001757,E0154,EV_013,2026-01-28,,completed,100,83.0,4.0,self,Frontend Engineer,Middle,office,ru,2023-08-16,course,online,12,False,896,1,0,7,0.5454545454545454,0.09090909090909091,0.18181818181818182,0.18181818181818182,2,0.75,0,0.5,14,0.5,0,23,completed,1
R001758,E0162,EV_036,2026-01-28,,completed,100,,4.0,manager,Data Analyst,Middle,hybrid,kk,2024-01-15,meetup,offline,2,False,744,2,1,6,0.6,0.1,0.2,0.1,2,0.5,1,0.3333333333333333,111,0.6637168141592921,0,86,completed,1
R001759,E0029,EV_008,2026-01-29,,completed,100,,5.0,manager,Customer Support Specialist,Senior,hybrid,kk,2025-03-13,workshop,online,4,False,322,1,0,5,0.6666666666666666,0.1111111111111111,0.1111111111111111,0.1111111111111111,4,0.8333333333333334,3,0.8,71,0.7945205479452054,0,86,completed,1
R001760,E0106,EV_039,2026-01-29,,declined,0,,,hr,Backend Engineer,Senior,remote,kk,2020-02-13,workshop,online,3,False,2177,1,0,1,0.2,0.2,0.4,0.2,0,0.5,1,0.3333333333333333,64,0.7878787878787878,0,87,declined,0
R001761,E0139,EV_038,2026-01-29,,declined,0,,,manager,Customer Support Specialist,Senior,office,kk,2025-03-25,course,online,16,False,310,1,0,3,0.42857142857142855,0.14285714285714285,0.2857142857142857,0.14285714285714285,3,0.6,1,0.6666666666666666,51,0.7169811320754716,0,55,declined,0
R001762,E0166,EV_036,2026-01-29,,completed,100,,3.0,self,Sales Manager,Senior,office,kk,2025-02-21,meetup,offline,2,False,342,2,1,4,0.625,0.125,0.125,0.125,1,0.6666666666666666,1,0.6666666666666666,112,0.6666666666666666,0,87,completed,1
R001763,E0181,EV_037,2026-01-29,,dropped,10,,,manager,Product Manager,Senior,office,ru,2025-01-27,mentoring,online,12,False,367,1,0,7,0.45454545454545453,0.09090909090909091,0.2727272727272727,0.18181818181818182,5,0.42857142857142855,0,0.5,78,0.7375,0,10,dropped,0
R001764,E0005,EV_005,2026-01-30,,no_show,0,,,hr,Backend Engineer,Middle,hybrid,kk,2024-06-12,course,online,16,False,597,1,0,11,0.5333333333333333,0.13333333333333333,0.13333333333333333,0.2,3,0.4,2,0.5,27,0.5172413793103449,0,84,no_show,0
R001765,E0074,EV_020,2026-01-30,,completed,100,63.0,3.0,hr,Product Manager,Middle,office,kk,2022-04-20,course,self_paced,40,False,1381,1,0,3,0.42857142857142855,0.14285714285714285,0.14285714285714285,0.2857142857142857,0,0.5,0,0.5,11,0.5384615384615384,0,51,completed,1
R001766,E0112,EV_036,2026-01-30,,completed,100,,5.0,self,Customer Support Specialist,Senior,hybrid,ru,2019-12-30,meetup,offline,2,False,2223,2,1,10,0.5714285714285714,0.14285714285714285,0.07142857142857142,0.21428571428571427,2,0.5,1,0.3333333333333333,113,0.6695652173913044,0,21,completed,1
R001767,E0170,EV_037,2026-01-30,,declined,0,,,hr,Frontend Engineer,Middle,hybrid,ru,2025-04-24,mentoring,online,12,False,281,1,0,6,0.4,0.2,0.2,0.2,3,0.4,0,0.5,79,0.7283950617283951,0,23,declined,0
R001768,E0007,EV_009,2026-02-02,,completed,100,79.0,2.0,hr,Backend Engineer,Senior,office,kk,2018-10-26,certification,self_paced,40,False,2656,1,0,7,0.5454545454545454,0.09090909090909091,0.18181818181818182,0.18181818181818182,1,0.6666666666666666,0,0.5,36,0.5789473684210527,0,91,completed,1
R001769,E0011,EV_023,2026-02-02,,no_show,0,,,manager,Data Analyst,Senior,office,kk,2021-01-11,workshop,offline,6,False,1848,1,0,9,0.6153846153846154,0.15384615384615385,0.15384615384615385,0.07692307692307693,0,0.5,2,0.75,18,0.75,0,5,no_show,0
R001770,E0086,EV_034,2026-02-02,,completed,100,,5.0,self,Customer Support Specialist,Junior,office,kk,2025-05-26,workshop,online,4,False,252,1,0,3,0.42857142857142855,0.14285714285714285,0.14285714285714285,0.2857142857142857,2,0.5,3,0.6,46,0.7083333333333334,0,61,completed,1
R001771,E0158,EV_037,2026-02-02,,completed,100,,,self,Sales Manager,Senior,office,kk,2018-08-27,mentoring,online,12,False,2716,1,0,8,0.5,0.08333333333333333,0.16666666666666666,0.25,5,0.5714285714285714,0,0.5,80,0.7195121951219512,0,42,completed,1
R001772,E0173,EV_034,2026-02-02,,declined,0,,,manager,HR Business Partner,Senior,remote,kk,2019-04-25,workshop,online,4,False,2475,2,1,8,0.5833333333333334,0.08333333333333333,0.25,0.08333333333333333,6,0.625,5,0.5714285714285714,46,0.7083333333333334,0,11,declined,0
R001773,E0185,EV_034,2026-02-02,,completed,100,,5.0,self,Customer Support Specialist,Middle,remote,kk,2024-10-21,workshop,online,4,False,469,1,0,4,0.625,0.125,0.125,0.125,4,0.8333333333333334,2,0.75,46,0.7083333333333334,0,91,completed,1
R001774,E0197,EV_039,2026-02-02,,completed,100,,3.0,self,QA Engineer,Middle,hybrid,ru,2022-08-15,workshop,online,3,False,1267,2,1,11,0.4666666666666667,0.2,0.2,0.13333333333333333,6,0.5,6,0.5,65,0.7761194029850746,0,13,completed,1
R001775,E0052,EV_028,2026-02-03,,completed,100,,3.0,manager,HR Business Partner,Middle,office,kk,2025-01-13,workshop,online,4,False,386,1,0,5,0.4444444444444444,0.2222222222222222,0.2222222222222222,0.1111111111111111,4,0.5,1,0.6666666666666666,8,0.6,0,92,completed,1
R001776,E0079,EV_036,2026-02-03,,completed,100,,5.0,manager,Sales Manager,Junior,office,ru,2024-10-14,meetup,offline,2,False,477,3,2,8,0.75,0.08333333333333333,0.08333333333333333,0.08333333333333333,4,0.8333333333333334,2,0.75,114,0.6724137931034483,0,54,completed,1
R001777,E0156,EV_004,2026-02-03,2026-02-19,completed,100,,,hr,QA Engineer,Junior,hybrid,kk,2026-01-20,onboarding,offline,8,True,14,1,0,0,0.25,0.25,0.25,0.25,0,0.5,0,0.5,0,0.5,0,11,not_training_eligible,
R001778,E0049,EV_036,2026-02-04,,completed,100,,,manager,Sales Manager,Junior,hybrid,kk,2025-11-03,meetup,offline,2,False,93,1,0,1,0.4,0.2,0.2,0.2,0,0.5,0,0.5,115,0.6752136752136753,0,16,completed,1
R001779,E0052,EV_034,2026-02-04,,completed,100,,4.0,self,HR Business Partner,Middle,office,kk,2025-01-13,workshop,online,4,False,387,1,0,6,0.5,0.2,0.2,0.1,5,0.5714285714285714,2,0.75,49,0.7058823529411765,0,1,completed,1
R001780,E0165,EV_036,2026-02-04,,completed,100,,,self,Product Manager,Junior,office,ru,2024-08-30,meetup,offline,2,False,523,4,3,7,0.5454545454545454,0.2727272727272727,0.09090909090909091,0.09090909090909091,6,0.625,3,0.8,115,0.6752136752136753,0,34,completed,1
R001781,E0107,EV_040,2026-02-05,,declined,0,,,manager,Product Manager,Middle,office,ru,2022-04-25,workshop,offline,4,False,1382,1,0,7,0.6363636363636364,0.18181818181818182,0.09090909090909091,0.09090909090909091,4,0.6666666666666666,6,0.75,94,0.6979166666666666,0,76,declined,0
R001782,E0124,EV_020,2026-02-05,,completed,100,70.0,,manager,Data Analyst,Middle,office,kk,2025-02-17,course,self_paced,40,False,353,1,0,2,0.3333333333333333,0.16666666666666666,0.16666666666666666,0.3333333333333333,0,0.5,1,0.3333333333333333,12,0.5714285714285714,0,35,completed,1
R001783,E0065,EV_039,2026-02-06,,completed,100,,5.0,manager,QA Engineer,Middle,hybrid,en,2022-08-01,workshop,online,3,False,1285,1,0,8,0.5833333333333334,0.16666666666666666,0.08333333333333333,0.16666666666666666,4,0.6666666666666666,4,0.6666666666666666,66,0.7794117647058824,0,30,completed,1
R001784,E0065,EV_036,2026-02-09,,no_show,0,,,manager,QA Engineer,Middle,hybrid,en,2022-08-01,meetup,offline,2,False,1288,1,0,9,0.6153846153846154,0.15384615384615385,0.07692307692307693,0.15384615384615385,2,0.75,0,0.5,117,0.680672268907563,0,3,no_show,0
R001785,E0073,EV_023,2026-02-09,,completed,100,,5.0,manager,Data Analyst,Senior,office,ru,2022-08-29,workshop,offline,6,False,1260,1,0,6,0.3,0.4,0.2,0.1,1,0.3333333333333333,4,0.3333333333333333,19,0.7142857142857143,0,98,completed,1
R001786,E0086,EV_035,2026-02-09,,completed,100,68.0,5.0,self,Customer Support Specialist,Junior,office,kk,2025-05-26,course,online,16,False,259,1,0,4,0.5,0.125,0.125,0.25,3,0.6,0,0.5,22,0.7083333333333334,0,7,completed,1
R001787,E0129,EV_004,2026-02-09,2026-02-13,completed,100,,2.0,hr,Sales Manager,Middle,hybrid,kk,2026-01-14,onboarding,offline,8,True,26,1,0,0,0.25,0.25,0.25,0.25,0,0.5,0,0.5,0,0.5,0,21,not_training_eligible,
R001788,E0136,EV_006,2026-02-09,,completed,100,,,self,Backend Engineer,Senior,hybrid,kk,2024-04-01,workshop,offline,12,False,679,1,0,2,0.3333333333333333,0.16666666666666666,0.3333333333333333,0.16666666666666666,1,0.3333333333333333,1,0.3333333333333333,17,0.631578947368421,0,98,completed,1
R001789,E0144,EV_036,2026-02-09,,completed,100,,4.0,self,Customer Support Specialist,Junior,office,ru,2024-09-16,meetup,offline,2,False,511,2,1,6,0.7,0.1,0.1,0.1,2,0.75,1,0.6666666666666666,117,0.680672268907563,0,98,completed,1
R001790,E0022,EV_008,2026-02-10,,dropped,80,,2.0,self,Data Analyst,Junior,hybrid,kk,2025-12-23,workshop,online,4,False,49,1,0,0,0.25,0.25,0.25,0.25,0,0.5,0,0.5,72,0.7972972972972973,0,36,dropped,0
R001791,E0073,EV_020,2026-02-10,,declined,0,,,hr,Data Analyst,Senior,office,ru,2022-08-29,course,self_paced,40,False,1261,2,1,7,0.36363636363636365,0.36363636363636365,0.18181818181818182,0.09090909090909091,1,0.3333333333333333,2,0.5,13,0.6,0,1,declined,0
R001792,E0107,EV_022,2026-02-10,,completed,100,70.0,4.0,self,Product Manager,Middle,office,ru,2022-04-25,course,online,12,False,1387,1,0,8,0.5833333333333334,0.16666666666666666,0.08333333333333333,0.16666666666666666,3,0.8,0,0.5,12,0.7142857142857143,0,5,completed,1
R001793,E0143,EV_008,2026-02-10,,completed,100,,3.0,manager,Customer Support Specialist,Middle,office,kk,2023-08-15,workshop,online,4,False,910,1,0,4,0.25,0.25,0.375,0.125,2,0.5,2,0.5,72,0.7972972972972973,0,15,completed,1
R001794,E0179,EV_009,2026-02-10,,completed,100,73.0,3.0,self,QA Engineer,Lead,hybrid,ru,2020-01-30,certification,self_paced,40,False,2203,1,0,4,0.5,0.125,0.125,0.25,0,0.5,0,0.5,37,0.5897435897435898,0,99,completed,1
R001795,E0189,EV_039,2026-02-10,,completed,100,,1.0,self,QA Engineer,Senior,office,ru,2019-11-18,workshop,online,3,False,2276,1,0,9,0.6153846153846154,0.15384615384615385,0.15384615384615385,0.07692307692307693,5,0.5714285714285714,4,0.8333333333333334,67,0.782608695652174,0,28,completed,1
R001796,E0050,EV_006,2026-02-11,,completed,100,,5.0,self,Backend Engineer,Lead,hybrid,ru,2017-01-24,workshop,offline,12,False,3305,1,0,8,0.5833333333333334,0.08333333333333333,0.16666666666666666,0.16666666666666666,2,0.5,2,0.5,18,0.65,0,100,completed,1
R001797,E0095,EV_031,2026-02-11,,no_show,0,,,manager,HR Business Partner,Middle,office,kk,2021-12-20,workshop,online,6,False,1514,2,1,8,0.5,0.16666666666666666,0.16666666666666666,0.16666666666666666,7,0.5555555555555556,6,0.5,9,0.6363636363636364,0,47,no_show,0
R001798,E0141,EV_016,2026-02-11,,completed,100,,4.0,hr,Frontend Engineer,Junior,remote,kk,2025-11-27,workshop,online,4,False,76,1,0,0,0.25,0.25,0.25,0.25,0,0.5,0,0.5,22,0.7916666666666666,0,51,completed,1
R001799,E0193,EV_036,2026-02-11,,declined,0,,,hr,Data Analyst,Middle,office,ru,2022-08-01,meetup,offline,2,False,1290,2,1,5,0.6666666666666666,0.1111111111111111,0.1111111111111111,0.1111111111111111,3,0.8,1,0.6666666666666666,119,0.6776859504132231,0,41,declined,0
R001800,E0115,EV_015,2026-02-12,,completed,100,82.0,5.0,manager,Frontend Engineer,Junior,hybrid,ru,2025-02-12,course,self_paced,6,False,365,1,0,4,0.25,0.375,0.25,0.125,0,0.5,2,0.5,10,0.9166666666666666,0,64,completed,1
R001801,E0004,EV_024,2026-02-13,,completed,100,60.0,2.0,self,Data Analyst,Middle,office,ru,2021-10-21,course,self_paced,30,False,1576,1,0,1,0.4,0.2,0.2,0.2,0,0.5,0,0.5,7,0.4444444444444444,0,102,completed,1
R001802,E0047,EV_008,2026-02-13,,declined,0,,,manager,Backend Engineer,Middle,office,ru,2022-12-22,workshop,online,4,False,1149,1,0,13,0.47058823529411764,0.29411764705882354,0.17647058823529413,0.058823529411764705,7,0.5555555555555556,5,0.42857142857142855,74,0.7894736842105263,0,31,declined,0
R001803,E0172,EV_029,2026-02-13,,completed,100,70.0,5.0,manager,HR Business Partner,Senior,remote,ru,2018-08-27,course,self_paced,12,False,2727,1,0,4,0.625,0.125,0.125,0.125,0,0.5,1,0.6666666666666666,6,0.625,0,64,completed,1
R001804,E0002,EV_010,2026-02-16,,completed,100,63.0,2.0,self,Backend Engineer,Middle,remote,ru,2023-04-25,course,online,20,False,1028,2,1,5,0.3333333333333333,0.4444444444444444,0.1111111111111111,0.1111111111111111,3,0.4,3,0.4,14,0.625,0,34,completed,1
R001805,E0020,EV_026,2026-02-16,,completed,100,,4.0,self,Product Manager,Junior,remote,ru,2024-05-22,workshop,offline,8,False,635,1,0,3,0.42857142857142855,0.14285714285714285,0.2857142857142857,0.14285714285714285,0,0.5,3,0.6,14,0.8125,0,105,completed,1
R001806,E0043,EV_040,2026-02-16,,completed,100,,4.0,self,Frontend Engineer,Senior,hybrid,ru,2021-08-13,workshop,offline,4,False,1648,1,0,7,0.7272727272727273,0.09090909090909091,0.09090909090909091,0.09090909090909091,0,0.5,1,0.6666666666666666,95,0.6907216494845361,0,96,completed,1
R001807,E0100,EV_027,2026-02-16,,dropped,70,,,hr,Product Manager,Junior,office,ru,2024-11-18,workshop,online,6,False,455,1,0,2,0.16666666666666666,0.5,0.16666666666666666,0.16666666666666666,0,0.5,2,0.25,18,0.65,0,105,dropped,0
R001808,E0129,EV_036,2026-02-16,,completed,100,,4.0,manager,Sales Manager,Middle,hybrid,kk,2026-01-14,meetup,offline,2,False,33,1,0,0,0.25,0.25,0.25,0.25,0,0.5,0,0.5,120,0.6721311475409836,0,7,completed,1
R001809,E0144,EV_036,2026-02-16,,completed,100,,4.0,manager,Customer Support Specialist,Junior,office,ru,2024-09-16,meetup,offline,2,False,518,3,2,7,0.7272727272727273,0.09090909090909091,0.09090909090909091,0.09090909090909091,3,0.8,2,0.75,120,0.6721311475409836,0,7,completed,1
R001810,E0160,EV_036,2026-02-16,,no_show,0,,,self,Customer Support Specialist,Junior,hybrid,ru,2024-11-13,meetup,offline,2,False,460,6,5,10,0.5714285714285714,0.07142857142857142,0.21428571428571427,0.14285714285714285,6,0.5,5,0.42857142857142855,120,0.6721311475409836,0,48,no_show,0
R001811,E0167,EV_008,2026-02-17,,completed,100,,,self,HR Business Partner,Junior,hybrid,kk,2025-11-18,workshop,online,4,False,91,1,0,1,0.4,0.2,0.2,0.2,1,0.6666666666666666,1,0.6666666666666666,75,0.7792207792207793,0,61,completed,1
R001812,E0194,EV_017,2026-02-17,,completed,100,87.0,5.0,self,Frontend Engineer,Senior,remote,ru,2021-07-14,course,online,16,False,1679,1,0,4,0.5,0.125,0.25,0.125,3,0.6,1,0.3333333333333333,9,0.36363636363636365,0,35,completed,1
R001813,E0011,EV_023,2026-02-18,,completed,100,,4.0,self,Data Analyst,Senior,office,kk,2021-01-11,workshop,offline,6,False,1864,2,1,10,0.5714285714285714,0.14285714285714285,0.21428571428571427,0.07142857142857142,1,0.3333333333333333,3,0.6,20,0.7272727272727273,0,16,completed,1
R001814,E0012,EV_036,2026-02-18,,completed,100,,5.0,self,Sales Manager,Middle,hybrid,ru,2022-01-19,meetup,offline,2,False,1491,2,1,3,0.5714285714285714,0.14285714285714285,0.14285714285714285,0.14285714285714285,2,0.75,1,0.6666666666666666,123,0.672,0,107,completed,1
R001815,E0021,EV_034,2026-02-18,,completed,100,,5.0,self,Customer Support Specialist,Middle,remote,ru,2024-09-12,workshop,online,4,False,524,1,0,6,0.5,0.1,0.3,0.1,4,0.6666666666666666,2,0.5,50,0.7115384615384616,0,34,completed,1
R001816,E0185,EV_040,2026-02-18,,completed,100,,5.0,self,Customer Support Specialist,Middle,remote,kk,2024-10-21,workshop,offline,4,False,485,1,0,5,0.6666666666666666,0.1111111111111111,0.1111111111111111,0.1111111111111111,0,0.5,3,0.8,96,0.6938775510204082,0,16,completed,1
R001817,E0193,EV_020,2026-02-18,,dropped,65,,2.0,self,Data Analyst,Middle,office,ru,2022-08-01,course,self_paced,40,False,1297,1,0,6,0.6,0.1,0.1,0.2,0,0.5,1,0.6666666666666666,14,0.5625,0,7,dropped,0
R001818,E0015,EV_013,2026-02-19,,completed,100,61.0,5.0,self,Frontend Engineer,Middle,office,ru,2024-03-20,course,online,12,False,701,2,1,4,0.5,0.125,0.25,0.125,2,0.5,1,0.3333333333333333,15,0.5294117647058824,0,108,completed,1
R001819,E0025,EV_040,2026-02-19,,completed,100,,4.0,self,Data Analyst,Junior,office,kk,2024-04-22,workshop,offline,4,False,668,2,1,3,0.42857142857142855,0.14285714285714285,0.14285714285714285,0.2857142857142857,1,0.3333333333333333,3,0.6,97,0.696969696969697,0,35,completed,1
R001820,E0042,EV_016,2026-02-19,,completed,100,,4.0,self,Frontend Engineer,Junior,hybrid,ru,2024-08-21,workshop,online,4,False,547,1,0,5,0.4444444444444444,0.2222222222222222,0.2222222222222222,0.1111111111111111,1,0.3333333333333333,2,0.5,23,0.8,0,108,completed,1
R001821,E0141,EV_017,2026-02-19,,completed,100,73.0,4.0,self,Frontend Engineer,Junior,remote,kk,2025-11-27,course,online,16,False,84,1,0,1,0.4,0.2,0.2,0.2,1,0.6666666666666666,0,0.5,10,0.4166666666666667,0,8,completed,1
R001822,E0187,EV_021,2026-02-19,,completed,100,,,self,Data Analyst,Junior,office,ru,2024-03-25,workshop,online,6,False,696,2,1,5,0.4444444444444444,0.2222222222222222,0.1111111111111111,0.2222222222222222,3,0.6,3,0.6,13,0.6,0,34,completed,1
R001823,E0018,EV_008,2026-02-20,,completed,100,,,self,Customer Support Specialist,Junior,remote,en,2024-03-26,workshop,online,4,False,696,1,0,5,0.5555555555555556,0.1111111111111111,0.1111111111111111,0.2222222222222222,4,0.6666666666666666,4,0.6666666666666666,76,0.782051282051282,0,72,completed,1
R001824,E0026,EV_009,2026-02-20,,completed,100,81.0,4.0,self,Backend Engineer,Senior,hybrid,kk,2022-04-25,certification,self_paced,40,False,1397,3,2,9,0.46153846153846156,0.23076923076923078,0.07692307692307693,0.23076923076923078,2,0.25,2,0.25,38,0.6,0,46,completed,1
R001825,E0163,EV_033,2026-02-23,,completed,100,65.0,5.0,self,Sales Manager,Middle,office,ru,2022-05-25,course,online,10,False,1370,1,0,6,0.5,0.1,0.1,0.3,2,0.75,0,0.5,12,0.7142857142857143,0,112,completed,1
R001826,E0017,EV_032,2026-02-24,,dropped,45,,3.0,self,Product Manager,Senior,office,ru,2019-02-26,workshop,offline,8,False,2555,1,0,10,0.7857142857142857,0.07142857142857142,0.07142857142857142,0.07142857142857142,5,0.8571428571428571,5,0.8571428571428571,19,0.7619047619047619,0,64,dropped,0
R001827,E0124,EV_025,2026-02-24,,no_show,0,,,self,Data Analyst,Middle,office,kk,2025-02-17,course,online,10,False,372,1,0,3,0.42857142857142855,0.14285714285714285,0.14285714285714285,0.2857142857142857,1,0.3333333333333333,2,0.5,11,0.6923076923076923,0,19,no_show,0
R001828,E0157,EV_036,2026-02-24,,no_show,0,,,manager,QA Engineer,Junior,remote,kk,2025-10-13,meetup,offline,2,False,134,1,0,1,0.4,0.2,0.2,0.2,0,0.5,0,0.5,124,0.6746031746031746,0,56,no_show,0
R001829,E0051,EV_036,2026-02-25,,declined,0,,,manager,Sales Manager,Senior,office,kk,2023-01-30,meetup,offline,2,False,1122,3,2,9,0.46153846153846156,0.15384615384615385,0.23076923076923078,0.15384615384615385,4,0.3333333333333333,2,0.25,125,0.6692913385826772,0,55,declined,0
R001830,E0107,EV_037,2026-02-25,,completed,100,,4.0,self,Product Manager,Middle,office,ru,2022-04-25,mentoring,online,12,False,1402,1,0,9,0.6153846153846154,0.15384615384615385,0.07692307692307693,0.15384615384615385,4,0.8333333333333334,0,0.5,81,0.7228915662650602,0,15,completed,1
R001831,E0162,EV_012,2026-02-25,,completed,100,94.0,,self,Data Analyst,Middle,hybrid,kk,2024-01-15,course,self_paced,24,False,772,1,0,7,0.6363636363636364,0.09090909090909091,0.18181818181818182,0.09090909090909091,1,0.6666666666666666,1,0.6666666666666666,21,0.4782608695652174,0,28,completed,1
R001832,E0198,EV_036,2026-02-25,,completed,100,,5.0,self,Sales Manager,Junior,office,ru,2024-06-26,meetup,offline,2,False,609,3,2,10,0.5714285714285714,0.07142857142857142,0.2857142857142857,0.07142857142857142,4,0.6666666666666666,2,0.5,125,0.6692913385826772,0,76,completed,1
R001833,E0003,EV_035,2026-02-26,,completed,100,76.0,,self,Customer Support Specialist,Senior,hybrid,kk,2019-09-16,course,online,16,False,2355,1,0,3,0.5714285714285714,0.14285714285714285,0.14285714285714285,0.14285714285714285,2,0.75,0,0.5,23,0.72,0,115,completed,1
R001834,E0041,EV_038,2026-02-26,,completed,100,79.0,4.0,hr,Product Manager,Senior,office,kk,2023-09-22,course,online,16,False,888,2,1,8,0.5833333333333334,0.16666666666666666,0.08333333333333333,0.16666666666666666,2,0.5,3,0.4,52,0.7037037037037037,0,44,completed,1
R001835,E0165,EV_023,2026-02-26,,dropped,45,,3.0,self,Product Manager,Junior,office,ru,2024-08-30,workshop,offline,6,False,545,2,1,8,0.5833333333333334,0.25,0.08333333333333333,0.08333333333333333,7,0.6666666666666666,4,0.5,21,0.7391304347826086,0,22,dropped,0
R001836,E0029,EV_037,2026-02-27,,dropped,85,,2.0,manager,Customer Support Specialist,Senior,hybrid,kk,2025-03-13,mentoring,online,12,False,351,1,0,6,0.7,0.1,0.1,0.1,5,0.8571428571428571,0,0.5,82,0.7261904761904762,0,29,dropped,0
R001837,E0062,EV_036,2026-02-27,,no_show,0,,,self,Sales Manager,Middle,office,ru,2022-06-22,meetup,offline,2,False,1346,1,0,7,0.7272727272727273,0.09090909090909091,0.09090909090909091,0.09090909090909091,2,0.75,0,0.5,127,0.6666666666666666,0,116,no_show,0
R001838,E0002,EV_002,2026-03-02,2026-04-01,overdue,60,,,hr,Backend Engineer,Middle,remote,ru,2023-04-25,compliance,self_paced,2,True,1042,2,1,6,0.4,0.4,0.1,0.1,1,0.6666666666666666,0,0.5,0,0.5,0,14,not_training_eligible,
R001839,E0003,EV_002,2026-03-02,2026-04-01,completed,100,99.0,,hr,Customer Support Specialist,Senior,hybrid,kk,2019-09-16,compliance,self_paced,2,True,2359,2,1,4,0.625,0.125,0.125,0.125,0,0.5,0,0.5,0,0.5,0,4,not_training_eligible,
R001840,E0004,EV_002,2026-03-02,2026-04-01,completed,100,71.0,,hr,Data Analyst,Middle,office,ru,2021-10-21,compliance,self_paced,2,True,1593,2,1,2,0.5,0.16666666666666666,0.16666666666666666,0.16666666666666666,1,0.6666666666666666,0,0.5,0,0.5,0,17,not_training_eligible,
R001841,E0005,EV_002,2026-03-02,2026-04-01,completed,100,97.0,,hr,Backend Engineer,Middle,hybrid,kk,2024-06-12,compliance,self_paced,2,True,628,2,1,12,0.5,0.125,0.1875,0.1875,3,0.6,0,0.5,0,0.5,0,31,not_training_eligible,
R001842,E0006,EV_002,2026-03-02,2026-04-01,overdue,10,,,hr,Frontend Engineer,Lead,office,kk,2018-01-16,compliance,self_paced,2,True,2967,2,1,8,0.4166666666666667,0.16666666666666666,0.16666666666666666,0.25,2,0.75,0,0.5,0,0.5,0,59,not_training_eligible,
R001843,E0007,EV_002,2026-03-02,2026-04-01,completed,100,86.0,,hr,Backend Engineer,Senior,office,kk,2018-10-26,compliance,self_paced,2,True,2684,2,1,8,0.5833333333333334,0.08333333333333333,0.16666666666666666,0.16666666666666666,2,0.75,0,0.5,0,0.5,0,28,not_training_eligible,
R001844,E0008,EV_002,2026-03-02,2026-04-01,completed,100,89.0,,hr,Frontend Engineer,Senior,remote,en,2024-11-11,compliance,self_paced,2,True,476,2,1,10,0.35714285714285715,0.14285714285714285,0.35714285714285715,0.14285714285714285,1,0.3333333333333333,0,0.5,0,0.5,0,117,not_training_eligible,
R001845,E0010,EV_002,2026-03-02,2026-04-01,completed,100,88.0,,hr,Customer Support Specialist,Middle,remote,ru,2023-11-24,compliance,self_paced,2,True,829,2,1,3,0.42857142857142855,0.2857142857142857,0.14285714285714285,0.14285714285714285,0,0.5,0,0.5,0,0.5,0,84,not_training_eligible,
R001846,E0011,EV_002,2026-03-02,2026-04-01,overdue,40,,,hr,Data Analyst,Senior,office,kk,2021-01-11,compliance,self_paced,2,True,1876,2,1,11,0.6,0.13333333333333333,0.2,0.06666666666666667,2,0.5,0,0.5,0,0.5,0,12,not_training_eligible,
R001847,E0012,EV_002,2026-03-02,2026-04-01,completed,100,91.0,,hr,Sales Manager,Middle,hybrid,ru,2022-01-19,compliance,self_paced,2,True,1503,2,1,4,0.625,0.125,0.125,0.125,0,0.5,0,0.5,0,0.5,0,12,not_training_eligible,
R001848,E0013,EV_002,2026-03-02,2026-04-01,completed,100,93.0,,hr,Backend Engineer,Senior,office,ru,2020-12-28,compliance,self_paced,2,True,1890,2,1,7,0.5454545454545454,0.09090909090909091,0.18181818181818182,0.18181818181818182,1,0.3333333333333333,0,0.5,0,0.5,0,119,not_training_eligible,
R001849,E0014,EV_002,2026-03-02,2026-04-01,completed,100,71.0,,hr,HR Business Partner,Lead,office,en,2019-10-02,compliance,self_paced,2,True,2343,2,1,4,0.5,0.25,0.125,0.125,1,0.3333333333333333,0,0.5,0,0.5,0,103,not_training_eligible,
R001850,E0015,EV_002,2026-03-02,2026-04-01,completed,100,96.0,,hr,Frontend Engineer,Middle,office,ru,2024-03-20,compliance,self_paced,2,True,712,2,1,5,0.5555555555555556,0.1111111111111111,0.2222222222222222,0.1111111111111111,1,0.6666666666666666,0,0.5,0,0.5,0,11,not_training_eligible,
R001851,E0017,EV_002,2026-03-02,2026-04-01,completed,100,90.0,,hr,Product Manager,Senior,office,ru,2019-02-26,compliance,self_paced,2,True,2561,2,1,11,0.7333333333333333,0.13333333333333333,0.06666666666666667,0.06666666666666667,1,0.6666666666666666,0,0.5,0,0.5,0,6,not_training_eligible,
R001852,E0018,EV_002,2026-03-02,2026-04-01,overdue,10,,,hr,Customer Support Specialist,Junior,remote,en,2024-03-26,compliance,self_paced,2,True,706,2,1,6,0.6,0.1,0.1,0.2,0,0.5,0,0.5,0,0.5,0,10,not_training_eligible,
R001853,E0019,EV_002,2026-03-02,2026-04-01,overdue,40,,,hr,Frontend Engineer,Junior,office,kk,2025-03-31,compliance,self_paced,2,True,336,2,1,3,0.5714285714285714,0.14285714285714285,0.14285714285714285,0.14285714285714285,0,0.5,0,0.5,0,0.5,0,83,not_training_eligible,
R001854,E0020,EV_002,2026-03-02,2026-04-01,completed,100,82.0,,hr,Product Manager,Junior,remote,ru,2024-05-22,compliance,self_paced,2,True,649,2,1,4,0.5,0.125,0.25,0.125,0,0.5,0,0.5,0,0.5,0,14,not_training_eligible,
R001855,E0021,EV_002,2026-03-02,2026-04-01,completed,100,92.0,,hr,Customer Support Specialist,Middle,remote,ru,2024-09-12,compliance,self_paced,2,True,536,2,1,7,0.5454545454545454,0.09090909090909091,0.2727272727272727,0.09090909090909091,0,0.5,0,0.5,0,0.5,0,12,not_training_eligible,
R001856,E0023,EV_002,2026-03-02,2026-04-01,completed,100,89.0,,hr,Backend Engineer,Junior,office,kk,2024-11-18,compliance,self_paced,2,True,469,2,1,9,0.6923076923076923,0.15384615384615385,0.07692307692307693,0.07692307692307693,1,0.6666666666666666,0,0.5,0,0.5,0,83,not_training_eligible,
R001857,E0025,EV_002,2026-03-02,2026-04-01,completed,100,82.0,,hr,Data Analyst,Junior,office,kk,2024-04-22,compliance,self_paced,2,True,679,2,1,4,0.5,0.125,0.125,0.25,0,0.5,0,0.5,0,0.5,0,11,not_training_eligible,
R001858,E0026,EV_002,2026-03-02,2026-04-01,completed,100,73.0,,hr,Backend Engineer,Senior,hybrid,kk,2022-04-25,compliance,self_paced,2,True,1407,2,1,10,0.5,0.21428571428571427,0.07142857142857142,0.21428571428571427,3,0.4,0,0.5,0,0.5,0,10,not_training_eligible,
R001859,E0027,EV_002,2026-03-02,2026-04-01,completed,100,71.0,,hr,HR Business Partner,Middle,remote,ru,2025-03-18,compliance,self_paced,2,True,349,2,1,4,0.5,0.25,0.125,0.125,1,0.6666666666666666,0,0.5,0,0.5,0,48,not_training_eligible,
R001860,E0028,EV_002,2026-03-02,2026-04-01,completed,100,98.0,,hr,Backend Engineer,Middle,hybrid,kk,2022-05-23,compliance,self_paced,2,True,1379,2,1,5,0.4444444444444444,0.2222222222222222,0.2222222222222222,0.1111111111111111,1,0.6666666666666666,0,0.5,0,0.5,0,67,not_training_eligible,
R001861,E0028,EV_011,2026-03-02,,completed,100,,4.0,self,Backend Engineer,Middle,hybrid,kk,2022-05-23,workshop,offline,6,False,1379,1,0,5,0.4444444444444444,0.2222222222222222,0.2222222222222222,0.1111111111111111,1,0.6666666666666666,1,0.6666666666666666,16,0.6111111111111112,0,67,completed,1
R001862,E0029,EV_002,2026-03-02,2026-04-01,completed,100,70.0,,hr,Customer Support Specialist,Senior,hybrid,kk,2025-03-13,compliance,self_paced,2,True,354,2,1,7,0.6363636363636364,0.18181818181818182,0.09090909090909091,0.09090909090909091,0,0.5,0,0.5,0,0.5,0,3,not_training_eligible,
R001863,E0030,EV_002,2026-03-02,2026-04-01,completed,100,73.0,,hr,Customer Support Specialist,Middle,office,ru,2024-12-12,compliance,self_paced,2,True,445,2,1,2,0.5,0.16666666666666666,0.16666666666666666,0.16666666666666666,0,0.5,0,0.5,0,0.5,0,42,not_training_eligible,
R001864,E0031,EV_002,2026-03-02,2026-04-01,completed,100,79.0,,hr,Customer Support Specialist,Middle,office,kk,2025-05-21,compliance,self_paced,2,True,285,2,1,3,0.5714285714285714,0.14285714285714285,0.14285714285714285,0.14285714285714285,0,0.5,0,0.5,0,0.5,0,119,not_training_eligible,
R001865,E0032,EV_002,2026-03-02,2026-04-01,completed,100,91.0,,hr,Data Analyst,Junior,hybrid,kk,2024-07-18,compliance,self_paced,2,True,592,2,1,5,0.4444444444444444,0.2222222222222222,0.2222222222222222,0.1111111111111111,2,0.5,0,0.5,0,0.5,0,117,not_training_eligible,
R001866,E0033,EV_002,2026-03-02,2026-04-01,completed,100,88.0,,hr,Data Analyst,Middle,office,kk,2025-09-23,compliance,self_paced,2,True,160,2,1,0,0.25,0.25,0.25,0.25,0,0.5,0,0.5,0,0.5,0,151,not_training_eligible,
R001867,E0034,EV_002,2026-03-02,2026-04-01,completed,100,71.0,,hr,Data Analyst,Junior,office,kk,2025-08-01,compliance,self_paced,2,True,213,2,1,2,0.5,0.16666666666666666,0.16666666666666666,0.16666666666666666,0,0.5,0,0.5,0,0.5,0,56,not_training_eligible,
R001868,E0035,EV_002,2026-03-02,2026-04-01,completed,100,71.0,,hr,Customer Support Specialist,Lead,hybrid,ru,2021-08-26,compliance,self_paced,2,True,1649,2,1,9,0.5384615384615384,0.07692307692307693,0.23076923076923078,0.15384615384615385,0,0.5,0,0.5,0,0.5,0,104,not_training_eligible,
R001869,E0036,EV_002,2026-03-02,2026-04-01,completed,100,99.0,,hr,Frontend Engineer,Junior,remote,ru,2025-06-30,compliance,self_paced,2,True,245,2,1,2,0.3333333333333333,0.16666666666666666,0.3333333333333333,0.16666666666666666,0,0.5,0,0.5,0,0.5,0,56,not_training_eligible,
R001870,E0037,EV_002,2026-03-02,2026-04-01,completed,100,99.0,,hr,Frontend Engineer,Junior,remote,ru,2024-11-11,compliance,self_paced,2,True,476,2,1,5,0.4444444444444444,0.1111111111111111,0.3333333333333333,0.1111111111111111,0,0.5,0,0.5,0,0.5,0,119,not_training_eligible,
R001871,E0038,EV_002,2026-03-02,2026-04-01,completed,100,97.0,,hr,Product Manager,Senior,hybrid,kk,2022-06-24,compliance,self_paced,2,True,1347,2,1,4,0.5,0.125,0.125,0.25,0,0.5,0,0.5,0,0.5,0,88,not_training_eligible,
R001872,E0039,EV_002,2026-03-02,2026-04-01,overdue,60,,,hr,Data Analyst,Middle,hybrid,ru,2022-08-29,compliance,self_paced,2,True,1281,2,1,3,0.2857142857142857,0.14285714285714285,0.42857142857142855,0.14285714285714285,0,0.5,0,0.5,0,0.5,0,119,not_training_eligible,
R001873,E0040,EV_002,2026-03-02,2026-04-01,completed,100,79.0,,hr,Backend Engineer,Junior,office,ru,2025-06-13,compliance,self_paced,2,True,262,2,1,3,0.42857142857142855,0.14285714285714285,0.2857142857142857,0.14285714285714285,1,0.6666666666666666,0,0.5,0,0.5,0,104,not_training_eligible,
R001874,E0041,EV_002,2026-03-02,2026-04-01,completed,100,87.0,,hr,Product Manager,Senior,office,kk,2023-09-22,compliance,self_paced,2,True,892,2,1,9,0.6153846153846154,0.15384615384615385,0.07692307692307693,0.15384615384615385,2,0.5,0,0.5,0,0.5,0,4,not_training_eligible,
R001875,E0042,EV_002,2026-03-02,2026-04-01,completed,100,88.0,,hr,Frontend Engineer,Junior,hybrid,ru,2024-08-21,compliance,self_paced,2,True,558,2,1,6,0.5,0.2,0.2,0.1,1,0.6666666666666666,0,0.5,0,0.5,0,11,not_training_eligible,
R001876,E0043,EV_002,2026-03-02,2026-04-01,completed,100,85.0,,hr,Frontend Engineer,Senior,hybrid,ru,2021-08-13,compliance,self_paced,2,True,1662,2,1,8,0.75,0.08333333333333333,0.08333333333333333,0.08333333333333333,2,0.75,0,0.5,0,0.5,0,14,not_training_eligible,
R001877,E0043,EV_005,2026-03-02,,completed,100,80.0,3.0,manager,Frontend Engineer,Senior,hybrid,ru,2021-08-13,course,online,16,False,1662,1,0,8,0.75,0.08333333333333333,0.08333333333333333,0.08333333333333333,5,0.8571428571428571,4,0.8333333333333334,28,0.5,0,14,completed,1
R001878,E0044,EV_002,2026-03-02,2026-04-01,overdue,25,,,hr,Frontend Engineer,Lead,office,kk,2022-10-17,compliance,self_paced,2,True,1232,2,1,7,0.5454545454545454,0.09090909090909091,0.2727272727272727,0.09090909090909091,0,0.5,0,0.5,0,0.5,0,39,not_training_eligible,
R001879,E0045,EV_002,2026-03-02,2026-04-01,completed,100,75.0,,hr,Sales Manager,Junior,office,kk,2025-03-28,compliance,self_paced,2,True,339,2,1,3,0.5714285714285714,0.14285714285714285,0.14285714285714285,0.14285714285714285,0,0.5,0,0.5,0,0.5,0,76,not_training_eligible,
R001880,E0046,EV_002,2026-03-02,2026-04-01,completed,100,72.0,,hr,Sales Manager,Middle,hybrid,ru,2024-02-26,compliance,self_paced,2,True,735,2,1,12,0.625,0.1875,0.125,0.0625,0,0.5,0,0.5,0,0.5,0,40,not_training_eligible,
R001881,E0047,EV_002,2026-03-02,2026-04-01,completed,100,78.0,,hr,Backend Engineer,Middle,office,ru,2022-12-22,compliance,self_paced,2,True,1166,2,1,14,0.4444444444444444,0.2777777777777778,0.16666666666666666,0.1111111111111111,2,0.75,0,0.5,0,0.5,0,17,not_training_eligible,
R001882,E0048,EV_002,2026-03-02,2026-04-01,completed,100,75.0,,hr,Data Analyst,Middle,hybrid,kk,2024-11-22,compliance,self_paced,2,True,465,2,1,6,0.5,0.2,0.1,0.2,2,0.5,0,0.5,0,0.5,0,38,not_training_eligible,
R001883,E0050,EV_002,2026-03-02,2026-04-01,overdue,10,,,hr,Backend Engineer,Lead,hybrid,ru,2017-01-24,compliance,self_paced,2,True,3324,2,1,9,0.6153846153846154,0.07692307692307693,0.15384615384615385,0.15384615384615385,1,0.6666666666666666,0,0.5,0,0.5,0,19,not_training_eligible,
R001884,E0051,EV_002,2026-03-02,2026-04-01,completed,100,97.0,,hr,Sales Manager,Senior,office,kk,2023-01-30,compliance,self_paced,2,True,1127,2,1,10,0.42857142857142855,0.14285714285714285,0.21428571428571427,0.21428571428571427,0,0.5,0,0.5,0,0.5,0,5,not_training_eligible,
R001885,E0052,EV_002,2026-03-02,2026-04-01,overdue,60,,,hr,HR Business Partner,Middle,office,kk,2025-01-13,compliance,self_paced,2,True,413,2,1,7,0.5454545454545454,0.18181818181818182,0.18181818181818182,0.09090909090909091,0,0.5,0,0.5,0,0.5,0,26,not_training_eligible,
R001886,E0053,EV_002,2026-03-02,2026-04-01,completed,100,100.0,,hr,QA Engineer,Junior,remote,kk,2024-05-28,compliance,self_paced,2,True,643,2,1,10,0.21428571428571427,0.14285714285714285,0.5714285714285714,0.07142857142857142,0,0.5,0,0.5,0,0.5,0,61,not_training_eligible,
R001887,E0054,EV_002,2026-03-02,2026-04-01,completed,100,83.0,,hr,Data Analyst,Senior,hybrid,kk,2022-11-30,compliance,self_paced,2,True,1188,2,1,8,0.5,0.16666666666666666,0.16666666666666666,0.16666666666666666,2,0.5,0,0.5,0,0.5,0,38,not_training_eligible,
R001888,E0055,EV_002,2026-03-02,2026-04-01,completed,100,100.0,,hr,Product Manager,Lead,hybrid,en,2023-02-22,compliance,self_paced,2,True,1104,2,1,9,0.6923076923076923,0.07692307692307693,0.15384615384615385,0.07692307692307693,0,0.5,0,0.5,0,0.5,0,104,not_training_eligible,
R001889,E0056,EV_002,2026-03-02,2026-04-01,completed,100,78.0,,hr,Sales Manager,Middle,office,ru,2022-07-18,compliance,self_paced,2,True,1323,2,1,4,0.5,0.125,0.25,0.125,0,0.5,0,0.5,0,0.5,0,119,not_training_eligible,
R001890,E0057,EV_002,2026-03-02,2026-04-01,completed,100,73.0,,hr,Sales Manager,Senior,hybrid,kk,2023-10-19,compliance,self_paced,2,True,865,2,1,7,0.6363636363636364,0.09090909090909091,0.18181818181818182,0.09090909090909091,0,0.5,0,0.5,0,0.5,0,67,not_training_eligible,
R001891,E0059,EV_002,2026-03-02,2026-04-01,overdue,40,,,hr,Sales Manager,Middle,remote,ru,2023-06-28,compliance,self_paced,2,True,978,2,1,12,0.4375,0.125,0.375,0.0625,0,0.5,0,0.5,0,0.5,0,35,not_training_eligible,
R001892,E0060,EV_002,2026-03-02,2026-04-01,completed,100,95.0,,hr,Product Manager,Lead,office,kk,2021-10-18,compliance,self_paced,2,True,1596,2,1,5,0.5555555555555556,0.1111111111111111,0.1111111111111111,0.2222222222222222,0,0.5,0,0.5,0,0.5,0,39,not_training_eligible,
R001893,E0061,EV_002,2026-03-02,2026-04-01,completed,100,93.0,,hr,Data Analyst,Lead,remote,kk,2023-07-17,compliance,self_paced,2,True,959,2,1,4,0.375,0.125,0.25,0.25,2,0.5,0,0.5,0,0.5,0,96,not_training_eligible,
R001894,E0062,EV_002,2026-03-02,2026-04-01,overdue,0,,,hr,Sales Manager,Middle,office,ru,2022-06-22,compliance,self_paced,2,True,1349,2,1,8,0.6666666666666666,0.08333333333333333,0.16666666666666666,0.08333333333333333,0,0.5,0,0.5,0,0.5,0,3,not_training_eligible,
R001895,E0063,EV_002,2026-03-02,2026-04-01,completed,100,74.0,,hr,QA Engineer,Lead,office,kk,2023-08-29,compliance,self_paced,2,True,916,2,1,3,0.42857142857142855,0.2857142857142857,0.14285714285714285,0.14285714285714285,0,0.5,0,0.5,0,0.5,0,66,not_training_eligible,
R001896,E0064,EV_002,2026-03-02,2026-04-01,completed,100,91.0,,hr,Backend Engineer,Senior,office,ru,2021-10-20,compliance,self_paced,2,True,1594,2,1,3,0.42857142857142855,0.2857142857142857,0.14285714285714285,0.14285714285714285,0,0.5,0,0.5,0,0.5,0,119,not_training_eligible,
R001897,E0065,EV_002,2026-03-02,2026-04-01,completed,100,81.0,,hr,QA Engineer,Middle,hybrid,en,2022-08-01,compliance,self_paced,2,True,1309,2,1,10,0.5714285714285714,0.14285714285714285,0.14285714285714285,0.14285714285714285,2,0.5,0,0.5,0,0.5,0,21,not_training_eligible,
R001898,E0066,EV_002,2026-03-02,2026-04-01,completed,100,80.0,,hr,QA Engineer,Middle,office,en,2024-05-14,compliance,self_paced,2,True,657,2,1,3,0.42857142857142855,0.14285714285714285,0.2857142857142857,0.14285714285714285,0,0.5,0,0.5,0,0.5,0,119,not_training_eligible,
R001899,E0067,EV_002,2026-03-02,2026-04-01,overdue,0,,,hr,Frontend Engineer,Middle,hybrid,ru,2024-10-16,compliance,self_paced,2,True,502,3,2,8,0.75,0.08333333333333333,0.08333333333333333,0.08333333333333333,2,0.75,0,0.5,0,0.5,0,69,not_training_eligible,
R001900,E0068,EV_002,2026-03-02,2026-04-01,overdue,0,,,hr,Frontend Engineer,Middle,hybrid,kk,2025-06-02,compliance,self_paced,2,True,273,2,1,5,0.4444444444444444,0.1111111111111111,0.3333333333333333,0.1111111111111111,1,0.6666666666666666,0,0.5,0,0.5,0,98,not_training_eligible,
R001901,E0069,EV_002,2026-03-02,2026-04-01,completed,100,89.0,,hr,Backend Engineer,Middle,hybrid,en,2023-09-20,compliance,self_paced,2,True,894,2,1,4,0.25,0.375,0.25,0.125,1,0.3333333333333333,0,0.5,0,0.5,0,82,not_training_eligible,
R001902,E0070,EV_002,2026-03-02,2026-04-01,completed,100,82.0,,hr,Customer Support Specialist,Senior,hybrid,kk,2022-11-30,compliance,self_paced,2,True,1188,2,1,5,0.5555555555555556,0.1111111111111111,0.1111111111111111,0.2222222222222222,0,0.5,0,0.5,0,0.5,0,111,not_training_eligible,
R001903,E0071,EV_002,2026-03-02,2026-04-01,completed,100,92.0,,hr,Product Manager,Middle,office,kk,2022-11-14,compliance,self_paced,2,True,1204,2,1,7,0.6363636363636364,0.18181818181818182,0.09090909090909091,0.09090909090909091,0,0.5,0,0.5,0,0.5,0,119,not_training_eligible,
R001904,E0072,EV_002,2026-03-02,2026-04-01,completed,100,97.0,,hr,QA Engineer,Middle,office,ru,2024-04-15,compliance,self_paced,2,True,686,2,1,2,0.16666666666666666,0.5,0.16666666666666666,0.16666666666666666,0,0.5,0,0.5,0,0.5,0,52,not_training_eligible,
R001905,E0073,EV_002,2026-03-02,2026-04-01,overdue,40,,,hr,Data Analyst,Senior,office,ru,2022-08-29,compliance,self_paced,2,True,1281,2,1,8,0.3333333333333333,0.3333333333333333,0.16666666666666666,0.16666666666666666,2,0.25,0,0.5,0,0.5,0,20,not_training_eligible,
R001906,E0074,EV_002,2026-03-02,2026-04-01,completed,100,76.0,,hr,Product Manager,Middle,office,kk,2022-04-20,compliance,self_paced,2,True,1412,2,1,4,0.5,0.125,0.125,0.25,1,0.6666666666666666,0,0.5,0,0.5,0,31,not_training_eligible,
R001907,E0075,EV_002,2026-03-02,2026-04-01,overdue,10,,,hr,Frontend Engineer,Senior,office,kk,2018-10-22,compliance,self_paced,2,True,2688,2,1,10,0.6428571428571429,0.14285714285714285,0.14285714285714285,0.07142857142857142,1,0.6666666666666666,0,0.5,0,0.5,0,104,not_training_eligible,
R001908,E0077,EV_002,2026-03-02,2026-04-01,completed,100,89.0,,hr,HR Business Partner,Junior,office,ru,2025-09-15,compliance,self_paced,2,True,168,2,1,2,0.5,0.16666666666666666,0.16666666666666666,0.16666666666666666,0,0.5,0,0.5,0,0.5,0,75,not_training_eligible,
R001909,E0078,EV_002,2026-03-02,2026-04-01,completed,100,78.0,,hr,Customer Support Specialist,Junior,hybrid,kk,2024-11-11,compliance,self_paced,2,True,476,2,1,1,0.4,0.2,0.2,0.2,0,0.5,0,0.5,0,0.5,0,119,not_training_eligible,
R001910,E0079,EV_002,2026-03-02,2026-04-01,overdue,0,,,hr,Sales Manager,Junior,office,ru,2024-10-14,compliance,self_paced,2,True,504,3,2,9,0.7692307692307693,0.07692307692307693,0.07692307692307693,0.07692307692307693,0,0.5,0,0.5,0,0.5,0,27,not_training_eligible,
R001911,E0080,EV_002,2026-03-02,2026-04-01,completed,100,91.0,,hr,Data Analyst,Senior,hybrid,ru,2018-08-15,compliance,self_paced,2,True,2756,2,1,10,0.35714285714285715,0.35714285714285715,0.14285714285714285,0.14285714285714285,5,0.14285714285714285,0,0.5,0,0.5,0,48,not_training_eligible,
R001912,E0081,EV_002,2026-03-02,2026-04-01,completed,100,90.0,,hr,Customer Support Specialist,Middle,hybrid,kk,2023-12-29,compliance,self_paced,2,True,794,2,1,6,0.4,0.3,0.2,0.1,0,0.5,0,0.5,0,0.5,0,118,not_training_eligible,
R001913,E0082,EV_002,2026-03-02,2026-04-01,completed,100,82.0,,hr,Frontend Engineer,Middle,office,ru,2025-03-27,compliance,self_paced,2,True,340,2,1,2,0.3333333333333333,0.16666666666666666,0.3333333333333333,0.16666666666666666,1,0.6666666666666666,0,0.5,0,0.5,0,54,not_training_eligible,
R001914,E0083,EV_002,2026-03-02,2026-04-01,completed,100,89.0,,hr,Customer Support Specialist,Senior,hybrid,ru,2025-01-30,compliance,self_paced,2,True,396,2,1,4,0.5,0.25,0.125,0.125,0,0.5,0,0.5,0,0.5,0,54,not_training_eligible,
R001915,E0085,EV_002,2026-03-02,2026-04-01,completed,100,87.0,,hr,Data Analyst,Lead,hybrid,ru,2018-05-23,compliance,self_paced,2,True,2840,2,1,7,0.6363636363636364,0.18181818181818182,0.09090909090909091,0.09090909090909091,1,0.3333333333333333,0,0.5,0,0.5,0,33,not_training_eligible,
R001916,E0086,EV_002,2026-03-02,2026-04-01,completed,100,92.0,,hr,Customer Support Specialist,Junior,office,kk,2025-05-26,compliance,self_paced,2,True,280,2,1,5,0.5555555555555556,0.1111111111111111,0.1111111111111111,0.2222222222222222,0,0.5,0,0.5,0,0.5,0,21,not_training_eligible,
R001917,E0087,EV_002,2026-03-02,2026-04-01,completed,100,98.0,,hr,Backend Engineer,Middle,office,ru,2025-04-15,compliance,self_paced,2,True,321,2,1,1,0.2,0.4,0.2,0.2,0,0.5,0,0.5,0,0.5,0,119,not_training_eligible,
R001918,E0088,EV_002,2026-03-02,2026-04-01,completed,100,86.0,,hr,Backend Engineer,Senior,remote,kk,2019-04-22,compliance,self_paced,2,True,2506,2,1,5,0.6666666666666666,0.1111111111111111,0.1111111111111111,0.1111111111111111,0,0.5,0,0.5,0,0.5,0,119,not_training_eligible,
R001919,E0090,EV_002,2026-03-02,2026-04-01,completed,100,70.0,,hr,Data Analyst,Middle,office,ru,2025-06-24,compliance,self_paced,2,True,251,2,1,1,0.4,0.2,0.2,0.2,0,0.5,0,0.5,0,0.5,0,46,not_training_eligible,
R001920,E0091,EV_002,2026-03-02,2026-04-01,completed,100,70.0,,hr,QA Engineer,Senior,hybrid,kk,2024-05-28,compliance,self_paced,2,True,643,2,1,7,0.6363636363636364,0.18181818181818182,0.09090909090909091,0.09090909090909091,1,0.6666666666666666,0,0.5,0,0.5,0,53,not_training_eligible,
R001921,E0092,EV_002,2026-03-02,2026-04-01,completed,100,82.0,,hr,Backend Engineer,Middle,office,en,2024-10-11,compliance,self_paced,2,True,507,3,2,4,0.375,0.25,0.25,0.125,1,0.3333333333333333,0,0.5,0,0.5,0,76,not_training_eligible,
R001922,E0093,EV_002,2026-03-02,2026-04-01,overdue,60,,,hr,Customer Support Specialist,Middle,hybrid,kk,2022-08-31,compliance,self_paced,2,True,1279,2,1,9,0.6153846153846154,0.15384615384615385,0.07692307692307693,0.15384615384615385,0,0.5,0,0.5,0,0.5,0,40,not_training_eligible,
R001923,E0094,EV_002,2026-03-02,2026-04-01,completed,100,74.0,,hr,Sales Manager,Senior,hybrid,ru,2022-01-12,compliance,self_paced,2,True,1510,2,1,5,0.5555555555555556,0.2222222222222222,0.1111111111111111,0.1111111111111111,0,0.5,0,0.5,0,0.5,0,119,not_training_eligible,
R001924,E0095,EV_002,2026-03-02,2026-04-01,completed,100,71.0,,hr,HR Business Partner,Middle,office,kk,2021-12-20,compliance,self_paced,2,True,1533,2,1,9,0.46153846153846156,0.15384615384615385,0.23076923076923078,0.15384615384615385,1,0.6666666666666666,0,0.5,0,0.5,0,19,not_training_eligible,
R001925,E0097,EV_002,2026-03-02,2026-04-01,completed,100,92.0,,hr,Backend Engineer,Senior,office,kk,2024-02-16,compliance,self_paced,2,True,745,2,1,9,0.46153846153846156,0.15384615384615385,0.15384615384615385,0.23076923076923078,1,0.3333333333333333,0,0.5,0,0.5,0,55,not_training_eligible,
R001926,E0098,EV_002,2026-03-02,2026-04-01,completed,100,94.0,,hr,QA Engineer,Middle,hybrid,kk,2023-04-18,compliance,self_paced,2,True,1049,2,1,8,0.4166666666666667,0.4166666666666667,0.08333333333333333,0.08333333333333333,2,0.25,0,0.5,0,0.5,0,110,not_training_eligible,
R001927,E0099,EV_002,2026-03-02,2026-04-01,completed,100,87.0,,hr,HR Business Partner,Middle,hybrid,ru,2022-05-17,compliance,self_paced,2,True,1385,2,1,8,0.4166666666666667,0.25,0.16666666666666666,0.16666666666666666,1,0.6666666666666666,0,0.5,0,0.5,0,61,not_training_eligible,
R001928,E0100,EV_002,2026-03-02,2026-04-01,completed,100,98.0,,hr,Product Manager,Junior,office,ru,2024-11-18,compliance,self_paced,2,True,469,2,1,3,0.14285714285714285,0.5714285714285714,0.14285714285714285,0.14285714285714285,0,0.5,0,0.5,0,0.5,0,14,not_training_eligible,
R001929,E0102,EV_002,2026-03-02,2026-04-01,completed,100,92.0,,hr,Frontend Engineer,Junior,remote,ru,2024-05-30,compliance,self_paced,2,True,641,2,1,7,0.45454545454545453,0.09090909090909091,0.2727272727272727,0.18181818181818182,1,0.6666666666666666,0,0.5,0,0.5,0,119,not_training_eligible,
R001930,E0103,EV_002,2026-03-02,2026-04-01,overdue,0,,,hr,QA Engineer,Senior,remote,ru,2021-08-17,compliance,self_paced,2,True,1658,2,1,5,0.4444444444444444,0.1111111111111111,0.3333333333333333,0.1111111111111111,0,0.5,0,0.5,0,0.5,0,119,not_training_eligible,
R001931,E0105,EV_002,2026-03-02,2026-04-01,completed,100,76.0,,hr,HR Business Partner,Senior,office,kk,2024-04-22,compliance,self_paced,2,True,679,2,1,8,0.5833333333333334,0.25,0.08333333333333333,0.08333333333333333,0,0.5,0,0.5,0,0.5,0,52,not_training_eligible,
R001932,E0106,EV_002,2026-03-02,2026-04-01,completed,100,71.0,,hr,Backend Engineer,Senior,remote,kk,2020-02-13,compliance,self_paced,2,True,2209,2,1,2,0.16666666666666666,0.16666666666666666,0.3333333333333333,0.3333333333333333,0,0.5,0,0.5,0,0.5,0,32,not_training_eligible,
R001933,E0107,EV_002,2026-03-02,2026-04-01,completed,100,95.0,,hr,Product Manager,Middle,office,ru,2022-04-25,compliance,self_paced,2,True,1407,2,1,10,0.6428571428571429,0.14285714285714285,0.07142857142857142,0.14285714285714285,0,0.5,0,0.5,0,0.5,0,5,not_training_eligible,
R001934,E0108,EV_002,2026-03-02,2026-04-01,completed,100,82.0,,hr,Product Manager,Middle,office,ru,2022-04-18,compliance,self_paced,2,True,1414,2,1,0,0.25,0.25,0.25,0.25,0,0.5,0,0.5,0,0.5,0,119,not_training_eligible,
R001935,E0109,EV_002,2026-03-02,2026-04-01,completed,100,100.0,,hr,Frontend Engineer,Middle,office,ru,2023-12-21,compliance,self_paced,2,True,802,2,1,6,0.5,0.2,0.2,0.1,0,0.5,0,0.5,0,0.5,0,89,not_training_eligible,
R001936,E0111,EV_002,2026-03-02,2026-04-01,completed,100,86.0,,hr,QA Engineer,Middle,office,ru,2024-06-19,compliance,self_paced,2,True,621,2,1,7,0.7272727272727273,0.09090909090909091,0.09090909090909091,0.09090909090909091,1,0.6666666666666666,0,0.5,0,0.5,0,55,not_training_eligible,
R001937,E0112,EV_002,2026-03-02,2026-04-01,completed,100,75.0,,hr,Customer Support Specialist,Senior,hybrid,ru,2019-12-30,compliance,self_paced,2,True,2254,2,1,11,0.6,0.13333333333333333,0.06666666666666667,0.2,0,0.5,0,0.5,0,0.5,0,31,not_training_eligible,
R001938,E0113,EV_002,2026-03-02,2026-04-01,overdue,60,,,hr,Product Manager,Junior,office,ru,2025-02-14,compliance,self_paced,2,True,381,2,1,2,0.5,0.16666666666666666,0.16666666666666666,0.16666666666666666,0,0.5,0,0.5,0,0.5,0,67,not_training_eligible,
R001939,E0114,EV_002,2026-03-02,2026-04-01,completed,100,94.0,,hr,Customer Support Specialist,Junior,hybrid,en,2024-11-14,compliance,self_paced,2,True,473,2,1,3,0.42857142857142855,0.14285714285714285,0.14285714285714285,0.2857142857142857,0,0.5,0,0.5,0,0.5,0,47,not_training_eligible,
R001940,E0114,EV_008,2026-03-02,,completed,100,,1.0,self,Customer Support Specialist,Junior,hybrid,en,2024-11-14,workshop,online,4,False,473,2,1,3,0.42857142857142855,0.14285714285714285,0.14285714285714285,0.2857142857142857,3,0.6,3,0.6,77,0.7848101265822784,0,47,completed,1
R001941,E0115,EV_002,2026-03-02,2026-04-01,completed,100,99.0,,hr,Frontend Engineer,Junior,hybrid,ru,2025-02-12,compliance,self_paced,2,True,383,2,1,5,0.3333333333333333,0.3333333333333333,0.2222222222222222,0.1111111111111111,1,0.6666666666666666,0,0.5,0,0.5,0,18,not_training_eligible,
R001942,E0116,EV_002,2026-03-02,2026-04-01,completed,100,93.0,,hr,Product Manager,Middle,office,kk,2025-02-20,compliance,self_paced,2,True,375,2,1,1,0.4,0.2,0.2,0.2,0,0.5,0,0.5,0,0.5,0,119,not_training_eligible,
R001943,E0118,EV_002,2026-03-02,2026-04-01,completed,100,82.0,,hr,Frontend Engineer,Middle,hybrid,ru,2021-11-01,compliance,self_paced,2,True,1582,2,1,8,0.5,0.25,0.16666666666666666,0.08333333333333333,1,0.6666666666666666,0,0.5,0,0.5,0,103,not_training_eligible,
R001944,E0120,EV_002,2026-03-02,2026-04-01,completed,100,77.0,,hr,Frontend Engineer,Senior,hybrid,ru,2019-11-25,compliance,self_paced,2,True,2289,2,1,5,0.6666666666666666,0.1111111111111111,0.1111111111111111,0.1111111111111111,1,0.6666666666666666,0,0.5,0,0.5,0,119,not_training_eligible,
R001945,E0121,EV_002,2026-03-02,2026-04-01,completed,100,77.0,,hr,Data Analyst,Middle,hybrid,ru,2025-09-15,compliance,self_paced,2,True,168,2,1,1,0.4,0.2,0.2,0.2,0,0.5,0,0.5,0,0.5,0,41,not_training_eligible,
R001946,E0122,EV_002,2026-03-02,2026-04-01,overdue,40,,,hr,Frontend Engineer,Senior,hybrid,kk,2024-04-22,compliance,self_paced,2,True,679,2,1,4,0.5,0.25,0.125,0.125,0,0.5,0,0.5,0,0.5,0,119,not_training_eligible,
R001947,E0123,EV_002,2026-03-02,2026-04-01,completed,100,94.0,,hr,Frontend Engineer,Senior,hybrid,kk,2021-04-15,compliance,self_paced,2,True,1782,2,1,10,0.5,0.14285714285714285,0.21428571428571427,0.14285714285714285,1,0.6666666666666666,0,0.5,0,0.5,0,119,not_training_eligible,
R001948,E0124,EV_002,2026-03-02,2026-04-01,completed,100,90.0,,hr,Data Analyst,Middle,office,kk,2025-02-17,compliance,self_paced,2,True,378,2,1,4,0.375,0.125,0.25,0.25,1,0.6666666666666666,0,0.5,0,0.5,0,6,not_training_eligible,
R001949,E0125,EV_002,2026-03-02,2026-04-01,overdue,10,,,hr,Sales Manager,Middle,office,ru,2025-10-21,compliance,self_paced,2,True,132,2,1,0,0.25,0.25,0.25,0.25,0,0.5,0,0.5,0,0.5,0,123,not_training_eligible,
R001950,E0127,EV_002,2026-03-02,2026-04-01,completed,100,78.0,,hr,Backend Engineer,Middle,remote,kk,2022-06-29,compliance,self_paced,2,True,1342,2,1,8,0.5,0.16666666666666666,0.25,0.08333333333333333,1,0.6666666666666666,0,0.5,0,0.5,0,112,not_training_eligible,
R001951,E0128,EV_002,2026-03-02,2026-04-01,completed,100,89.0,,hr,Backend Engineer,Senior,hybrid,kk,2024-07-29,compliance,self_paced,2,True,581,2,1,3,0.5714285714285714,0.14285714285714285,0.14285714285714285,0.14285714285714285,0,0.5,0,0.5,0,0.5,0,33,not_training_eligible,
R001952,E0130,EV_002,2026-03-02,2026-04-01,completed,100,96.0,,hr,QA Engineer,Middle,hybrid,kk,2024-11-18,compliance,self_paced,2,True,469,2,1,2,0.5,0.16666666666666666,0.16666666666666666,0.16666666666666666,0,0.5,0,0.5,0,0.5,0,119,not_training_eligible,
R001953,E0131,EV_002,2026-03-02,2026-04-01,completed,100,81.0,,hr,HR Business Partner,Middle,office,ru,2022-10-31,compliance,self_paced,2,True,1218,2,1,5,0.4444444444444444,0.1111111111111111,0.3333333333333333,0.1111111111111111,0,0.5,0,0.5,0,0.5,0,119,not_training_eligible,
R001954,E0132,EV_002,2026-03-02,2026-04-01,completed,100,86.0,,hr,Data Analyst,Senior,remote,en,2019-08-02,compliance,self_paced,2,True,2404,2,1,5,0.5555555555555556,0.1111111111111111,0.2222222222222222,0.1111111111111111,0,0.5,0,0.5,0,0.5,0,119,not_training_eligible,
R001955,E0133,EV_002,2026-03-02,2026-04-01,completed,100,90.0,,hr,HR Business Partner,Lead,office,ru,2019-08-23,compliance,self_paced,2,True,2383,2,1,8,0.5833333333333334,0.25,0.08333333333333333,0.08333333333333333,1,0.3333333333333333,0,0.5,0,0.5,0,35,not_training_eligible,
R001956,E0134,EV_002,2026-03-02,2026-04-01,completed,100,86.0,,hr,Product Manager,Middle,hybrid,ru,2023-05-01,compliance,self_paced,2,True,1036,2,1,4,0.25,0.25,0.375,0.125,0,0.5,0,0.5,0,0.5,0,119,not_training_eligible,
R001957,E0136,EV_002,2026-03-02,2026-04-01,completed,100,89.0,,hr,Backend Engineer,Senior,hybrid,kk,2024-04-01,compliance,self_paced,2,True,700,2,1,3,0.42857142857142855,0.14285714285714285,0.2857142857142857,0.14285714285714285,0,0.5,0,0.5,0,0.5,0,21,not_training_eligible,
R001958,E0137,EV_002,2026-03-02,2026-04-01,completed,100,70.0,,hr,Backend Engineer,Middle,remote,kk,2025-02-17,compliance,self_paced,2,True,378,2,1,3,0.42857142857142855,0.2857142857142857,0.14285714285714285,0.14285714285714285,1,0.3333333333333333,0,0.5,0,0.5,0,119,not_training_eligible,
R001959,E0138,EV_002,2026-03-02,2026-04-01,overdue,25,,,hr,Sales Manager,Senior,remote,ru,2020-10-21,compliance,self_paced,2,True,1958,2,1,2,0.3333333333333333,0.16666666666666666,0.16666666666666666,0.3333333333333333,0,0.5,0,0.5,0,0.5,0,119,not_training_eligible,
R001960,E0139,EV_002,2026-03-02,2026-04-01,completed,100,71.0,,hr,Customer Support Specialist,Senior,office,kk,2025-03-25,compliance,self_paced,2,True,342,2,1,4,0.375,0.125,0.25,0.25,0,0.5,0,0.5,0,0.5,0,32,not_training_eligible,
R001961,E0140,EV_002,2026-03-02,2026-04-01,completed,100,98.0,,hr,Backend Engineer,Middle,office,ru,2024-06-21,compliance,self_paced,2,True,619,2,1,12,0.4375,0.375,0.0625,0.125,2,0.25,0,0.5,0,0.5,0,42,not_training_eligible,
R001962,E0142,EV_002,2026-03-02,2026-04-01,completed,100,98.0,,hr,Sales Manager,Middle,hybrid,kk,2025-08-18,compliance,self_paced,2,True,196,2,1,2,0.5,0.16666666666666666,0.16666666666666666,0.16666666666666666,0,0.5,0,0.5,0,0.5,0,104,not_training_eligible,
R001963,E0143,EV_002,2026-03-02,2026-04-01,completed,100,70.0,,hr,Customer Support Specialist,Middle,office,kk,2023-08-15,compliance,self_paced,2,True,930,2,1,5,0.3333333333333333,0.2222222222222222,0.3333333333333333,0.1111111111111111,0,0.5,0,0.5,0,0.5,0,20,not_training_eligible,
R001964,E0144,EV_002,2026-03-02,2026-04-01,completed,100,74.0,,hr,Customer Support Specialist,Junior,office,ru,2024-09-16,compliance,self_paced,2,True,532,2,1,8,0.75,0.08333333333333333,0.08333333333333333,0.08333333333333333,0,0.5,0,0.5,0,0.5,0,14,not_training_eligible,
R001965,E0145,EV_002,2026-03-02,2026-04-01,completed,100,73.0,,hr,QA Engineer,Senior,office,kk,2023-10-12,compliance,self_paced,2,True,872,2,1,4,0.375,0.25,0.125,0.25,0,0.5,0,0.5,0,0.5,0,33,not_training_eligible,
R001966,E0147,EV_002,2026-03-02,2026-04-01,completed,100,93.0,,hr,Frontend Engineer,Middle,office,ru,2024-05-27,compliance,self_paced,2,True,644,2,1,6,0.6,0.1,0.2,0.1,1,0.6666666666666666,0,0.5,0,0.5,0,76,not_training_eligible,
R001967,E0148,EV_002,2026-03-02,2026-04-01,completed,100,93.0,,hr,Sales Manager,Lead,office,kk,2020-08-18,compliance,self_paced,2,True,2022,2,1,8,0.6666666666666666,0.08333333333333333,0.16666666666666666,0.08333333333333333,0,0.5,0,0.5,0,0.5,0,66,not_training_eligible,
R001968,E0149,EV_002,2026-03-02,2026-04-01,completed,100,88.0,,hr,Sales Manager,Middle,office,ru,2022-10-26,compliance,self_paced,2,True,1223,2,1,11,0.7333333333333333,0.06666666666666667,0.13333333333333333,0.06666666666666667,0,0.5,0,0.5,0,0.5,0,48,not_training_eligible,
R001969,E0150,EV_002,2026-03-02,2026-04-01,completed,100,99.0,,hr,Backend Engineer,Middle,office,ru,2023-07-03,compliance,self_paced,2,True,973,2,1,10,0.6428571428571429,0.07142857142857142,0.14285714285714285,0.14285714285714285,3,0.6,0,0.5,0,0.5,0,40,not_training_eligible,
R001970,E0151,EV_002,2026-03-02,2026-04-01,completed,100,81.0,,hr,HR Business Partner,Junior,remote,ru,2025-09-11,compliance,self_paced,2,True,172,2,1,3,0.42857142857142855,0.14285714285714285,0.2857142857142857,0.14285714285714285,0,0.5,0,0.5,0,0.5,0,40,not_training_eligible,
R001971,E0153,EV_002,2026-03-02,2026-04-01,completed,100,89.0,,hr,Sales Manager,Middle,office,ru,2022-10-17,compliance,self_paced,2,True,1232,2,1,7,0.6363636363636364,0.09090909090909091,0.18181818181818182,0.09090909090909091,0,0.5,0,0.5,0,0.5,0,119,not_training_eligible,
R001972,E0154,EV_002,2026-03-02,2026-04-01,completed,100,71.0,,hr,Frontend Engineer,Middle,office,ru,2023-08-16,compliance,self_paced,2,True,929,2,1,8,0.5833333333333334,0.08333333333333333,0.16666666666666666,0.16666666666666666,1,0.6666666666666666,0,0.5,0,0.5,0,33,not_training_eligible,
R001973,E0155,EV_002,2026-03-02,2026-04-01,completed,100,93.0,,hr,Backend Engineer,Middle,hybrid,kk,2023-06-19,compliance,self_paced,2,True,987,2,1,4,0.25,0.375,0.25,0.125,0,0.5,0,0.5,0,0.5,0,112,not_training_eligible,
R001974,E0157,EV_002,2026-03-02,2026-04-01,completed,100,94.0,,hr,QA Engineer,Junior,remote,kk,2025-10-13,compliance,self_paced,2,True,140,2,1,2,0.3333333333333333,0.16666666666666666,0.3333333333333333,0.16666666666666666,0,0.5,0,0.5,0,0.5,0,6,not_training_eligible,
R001975,E0158,EV_002,2026-03-02,2026-04-01,completed,100,78.0,,hr,Sales Manager,Senior,office,kk,2018-08-27,compliance,self_paced,2,True,2744,2,1,9,0.5384615384615384,0.07692307692307693,0.15384615384615385,0.23076923076923078,0,0.5,0,0.5,0,0.5,0,28,not_training_eligible,
R001976,E0160,EV_002,2026-03-02,2026-04-01,overdue,0,,,hr,Customer Support Specialist,Junior,hybrid,ru,2024-11-13,compliance,self_paced,2,True,474,2,1,11,0.5333333333333333,0.06666666666666667,0.26666666666666666,0.13333333333333333,0,0.5,0,0.5,0,0.5,0,14,not_training_eligible,
R001977,E0161,EV_002,2026-03-02,2026-04-01,completed,100,99.0,,hr,Sales Manager,Senior,remote,ru,2024-05-15,compliance,self_paced,2,True,656,2,1,3,0.2857142857142857,0.2857142857142857,0.2857142857142857,0.14285714285714285,0,0.5,0,0.5,0,0.5,0,34,not_training_eligible,
R001978,E0162,EV_002,2026-03-02,2026-04-01,completed,100,76.0,,hr,Data Analyst,Middle,hybrid,kk,2024-01-15,compliance,self_paced,2,True,777,2,1,8,0.6666666666666666,0.08333333333333333,0.16666666666666666,0.08333333333333333,2,0.75,0,0.5,0,0.5,0,5,not_training_eligible,
R001979,E0163,EV_002,2026-03-02,2026-04-01,completed,100,81.0,,hr,Sales Manager,Middle,office,ru,2022-05-25,compliance,self_paced,2,True,1377,2,1,7,0.5454545454545454,0.09090909090909091,0.09090909090909091,0.2727272727272727,0,0.5,0,0.5,0,0.5,0,7,not_training_eligible,
R001980,E0164,EV_002,2026-03-02,2026-04-01,completed,100,78.0,,hr,Backend Engineer,Middle,hybrid,ru,2022-08-26,compliance,self_paced,2,True,1284,2,1,9,0.6153846153846154,0.15384615384615385,0.15384615384615385,0.07692307692307693,1,0.6666666666666666,0,0.5,0,0.5,0,41,not_training_eligible,
R001981,E0165,EV_002,2026-03-02,2026-04-01,completed,100,94.0,,hr,Product Manager,Junior,office,ru,2024-08-30,compliance,self_paced,2,True,549,2,1,9,0.5384615384615384,0.3076923076923077,0.07692307692307693,0.07692307692307693,0,0.5,0,0.5,0,0.5,0,4,not_training_eligible,
R001982,E0165,EV_040,2026-03-02,,no_show,0,,,manager,Product Manager,Junior,office,ru,2024-08-30,workshop,offline,4,False,549,2,1,9,0.5384615384615384,0.3076923076923077,0.07692307692307693,0.07692307692307693,8,0.6,5,0.42857142857142855,98,0.7,0,4,no_show,0
R001983,E0166,EV_002,2026-03-02,2026-04-01,completed,100,79.0,,hr,Sales Manager,Senior,office,kk,2025-02-21,compliance,self_paced,2,True,374,2,1,5,0.6666666666666666,0.1111111111111111,0.1111111111111111,0.1111111111111111,0,0.5,0,0.5,0,0.5,0,32,not_training_eligible,
R001984,E0168,EV_002,2026-03-02,2026-04-01,completed,100,75.0,,hr,Customer Support Specialist,Middle,remote,kk,2023-07-19,compliance,self_paced,2,True,957,2,1,2,0.3333333333333333,0.16666666666666666,0.3333333333333333,0.16666666666666666,0,0.5,0,0.5,0,0.5,0,119,not_training_eligible,
R001985,E0169,EV_002,2026-03-02,2026-04-01,completed,100,77.0,,hr,Sales Manager,Lead,office,kk,2020-04-29,compliance,self_paced,2,True,2133,2,1,10,0.5714285714285714,0.14285714285714285,0.14285714285714285,0.14285714285714285,0,0.5,0,0.5,0,0.5,0,119,not_training_eligible,
R001986,E0170,EV_002,2026-03-02,2026-04-01,completed,100,95.0,,hr,Frontend Engineer,Middle,hybrid,ru,2025-04-24,compliance,self_paced,2,True,312,2,1,7,0.36363636363636365,0.18181818181818182,0.18181818181818182,0.2727272727272727,1,0.6666666666666666,0,0.5,0,0.5,0,31,not_training_eligible,
R001987,E0171,EV_002,2026-03-02,2026-04-01,completed,100,87.0,,hr,QA Engineer,Middle,hybrid,ru,2024-11-18,compliance,self_paced,2,True,469,2,1,4,0.5,0.25,0.125,0.125,0,0.5,0,0.5,0,0.5,0,45,not_training_eligible,
R001988,E0172,EV_002,2026-03-02,2026-04-01,completed,100,82.0,,hr,HR Business Partner,Senior,remote,ru,2018-08-27,compliance,self_paced,2,True,2744,2,1,5,0.6666666666666666,0.1111111111111111,0.1111111111111111,0.1111111111111111,1,0.6666666666666666,0,0.5,0,0.5,0,17,not_training_eligible,
R001989,E0173,EV_002,2026-03-02,2026-04-01,completed,100,79.0,,hr,HR Business Partner,Senior,remote,kk,2019-04-25,compliance,self_paced,2,True,2503,2,1,9,0.5384615384615384,0.07692307692307693,0.23076923076923078,0.15384615384615385,1,0.6666666666666666,0,0.5,0,0.5,0,28,not_training_eligible,
R001990,E0175,EV_002,2026-03-02,2026-04-01,completed,100,74.0,,hr,Backend Engineer,Lead,hybrid,kk,2016-10-03,compliance,self_paced,2,True,3437,2,1,3,0.2857142857142857,0.2857142857142857,0.2857142857142857,0.14285714285714285,0,0.5,0,0.5,0,0.5,0,63,not_training_eligible,
R001991,E0176,EV_002,2026-03-02,2026-04-01,completed,100,91.0,,hr,Product Manager,Junior,hybrid,ru,2024-04-29,compliance,self_paced,2,True,672,2,1,8,0.6666666666666666,0.08333333333333333,0.08333333333333333,0.16666666666666666,0,0.5,0,0.5,0,0.5,0,119,not_training_eligible,
R001992,E0177,EV_002,2026-03-02,2026-04-01,completed,100,89.0,,hr,Customer Support Specialist,Middle,office,ru,2024-08-12,compliance,self_paced,2,True,567,2,1,5,0.2222222222222222,0.2222222222222222,0.3333333333333333,0.2222222222222222,0,0.5,0,0.5,0,0.5,0,45,not_training_eligible,
R001993,E0179,EV_002,2026-03-02,2026-04-01,overdue,60,,,hr,QA Engineer,Lead,hybrid,ru,2020-01-30,compliance,self_paced,2,True,2223,2,1,5,0.5555555555555556,0.1111111111111111,0.1111111111111111,0.2222222222222222,1,0.6666666666666666,0,0.5,0,0.5,0,20,not_training_eligible,
R001994,E0180,EV_002,2026-03-02,2026-04-01,completed,100,82.0,,hr,Customer Support Specialist,Lead,hybrid,kk,2020-05-14,compliance,self_paced,2,True,2118,2,1,7,0.7272727272727273,0.09090909090909091,0.09090909090909091,0.09090909090909091,0,0.5,0,0.5,0,0.5,0,119,not_training_eligible,
R001995,E0181,EV_002,2026-03-02,2026-04-01,completed,100,88.0,,hr,Product Manager,Senior,office,ru,2025-01-27,compliance,self_paced,2,True,399,2,1,8,0.4166666666666667,0.16666666666666666,0.25,0.16666666666666666,0,0.5,0,0.5,0,0.5,0,32,not_training_eligible,
R001996,E0182,EV_002,2026-03-02,2026-04-01,completed,100,99.0,,hr,Frontend Engineer,Middle,office,ru,2024-06-14,compliance,self_paced,2,True,626,2,1,5,0.4444444444444444,0.1111111111111111,0.2222222222222222,0.2222222222222222,0,0.5,0,0.5,0,0.5,0,70,not_training_eligible,
R001997,E0183,EV_002,2026-03-02,2026-04-01,completed,100,70.0,,hr,Frontend Engineer,Middle,office,ru,2025-09-22,compliance,self_paced,2,True,161,2,1,2,0.5,0.16666666666666666,0.16666666666666666,0.16666666666666666,0,0.5,0,0.5,0,0.5,0,60,not_training_eligible,
R001998,E0184,EV_002,2026-03-02,2026-04-01,completed,100,70.0,,hr,Backend Engineer,Middle,office,ru,2024-10-30,compliance,self_paced,2,True,488,2,1,5,0.2222222222222222,0.4444444444444444,0.1111111111111111,0.2222222222222222,2,0.25,0,0.5,0,0.5,0,45,not_training_eligible,
R001999,E0185,EV_002,2026-03-02,2026-04-01,overdue,10,,,hr,Customer Support Specialist,Middle,remote,kk,2024-10-21,compliance,self_paced,2,True,497,3,2,6,0.7,0.1,0.1,0.1,0,0.5,0,0.5,0,0.5,0,12,not_training_eligible,
R002000,E0186,EV_002,2026-03-02,2026-04-01,completed,100,71.0,,hr,Backend Engineer,Middle,hybrid,ru,2022-06-16,compliance,self_paced,2,True,1355,2,1,7,0.36363636363636365,0.2727272727272727,0.18181818181818182,0.18181818181818182,2,0.5,0,0.5,0,0.5,0,119,not_training_eligible,
R002001,E0187,EV_002,2026-03-02,2026-04-01,completed,100,91.0,,hr,Data Analyst,Junior,office,ru,2024-03-25,compliance,self_paced,2,True,707,2,1,6,0.5,0.2,0.1,0.2,1,0.3333333333333333,0,0.5,0,0.5,0,11,not_training_eligible,
R002002,E0188,EV_002,2026-03-02,2026-04-01,completed,100,77.0,,hr,Data Analyst,Junior,hybrid,ru,2025-05-21,compliance,self_paced,2,True,285,2,1,3,0.5714285714285714,0.14285714285714285,0.14285714285714285,0.14285714285714285,1,0.6666666666666666,0,0.5,0,0.5,0,95,not_training_eligible,
R002003,E0189,EV_002,2026-03-02,2026-04-01,completed,100,97.0,,hr,QA Engineer,Senior,office,ru,2019-11-18,compliance,self_paced,2,True,2296,2,1,10,0.6428571428571429,0.14285714285714285,0.14285714285714285,0.07142857142857142,1,0.6666666666666666,0,0.5,0,0.5,0,20,not_training_eligible,
R002004,E0190,EV_002,2026-03-02,2026-04-01,completed,100,100.0,,hr,Backend Engineer,Senior,office,kk,2023-11-30,compliance,self_paced,2,True,823,2,1,2,0.3333333333333333,0.3333333333333333,0.16666666666666666,0.16666666666666666,0,0.5,0,0.5,0,0.5,0,119,not_training_eligible,
R002005,E0191,EV_002,2026-03-02,2026-04-01,overdue,60,,,hr,Sales Manager,Middle,office,ru,2022-03-15,compliance,self_paced,2,True,1448,2,1,5,0.4444444444444444,0.1111111111111111,0.2222222222222222,0.2222222222222222,0,0.5,0,0.5,0,0.5,0,119,not_training_eligible,
R002006,E0192,EV_002,2026-03-02,2026-04-01,completed,100,95.0,,hr,Backend Engineer,Junior,hybrid,ru,2024-12-11,compliance,self_paced,2,True,446,2,1,8,0.5833333333333334,0.08333333333333333,0.16666666666666666,0.16666666666666666,0,0.5,0,0.5,0,0.5,0,66,not_training_eligible,
R002007,E0193,EV_002,2026-03-02,2026-04-01,completed,100,98.0,,hr,Data Analyst,Middle,office,ru,2022-08-01,compliance,self_paced,2,True,1309,2,1,7,0.5454545454545454,0.18181818181818182,0.09090909090909091,0.18181818181818182,1,0.3333333333333333,0,0.5,0,0.5,0,12,not_training_eligible,
R002008,E0194,EV_002,2026-03-02,2026-04-01,completed,100,97.0,,hr,Frontend Engineer,Senior,remote,ru,2021-07-14,compliance,self_paced,2,True,1692,2,1,5,0.5555555555555556,0.1111111111111111,0.2222222222222222,0.1111111111111111,1,0.6666666666666666,0,0.5,0,0.5,0,13,not_training_eligible,
R002009,E0195,EV_002,2026-03-02,2026-04-01,completed,100,99.0,,hr,Product Manager,Middle,office,kk,2025-04-21,compliance,self_paced,2,True,315,2,1,8,0.3333333333333333,0.3333333333333333,0.25,0.08333333333333333,1,0.3333333333333333,0,0.5,0,0.5,0,46,not_training_eligible,
R002010,E0196,EV_002,2026-03-02,2026-04-01,completed,100,84.0,,hr,Backend Engineer,Junior,hybrid,ru,2025-02-26,compliance,self_paced,2,True,369,2,1,3,0.42857142857142855,0.14285714285714285,0.14285714285714285,0.2857142857142857,1,0.3333333333333333,0,0.5,0,0.5,0,87,not_training_eligible,
R002011,E0197,EV_002,2026-03-02,2026-04-01,completed,100,98.0,,hr,QA Engineer,Middle,hybrid,ru,2022-08-15,compliance,self_paced,2,True,1295,2,1,12,0.5,0.1875,0.1875,0.125,1,0.6666666666666666,0,0.5,0,0.5,0,28,not_training_eligible,
R002012,E0198,EV_002,2026-03-02,2026-04-01,completed,100,83.0,,hr,Sales Manager,Junior,office,ru,2024-06-26,compliance,self_paced,2,True,614,2,1,11,0.6,0.06666666666666667,0.26666666666666666,0.06666666666666667,0,0.5,0,0.5,0,0.5,0,5,not_training_eligible,
R002013,E0199,EV_002,2026-03-02,2026-04-01,completed,100,78.0,,hr,Data Analyst,Senior,hybrid,ru,2019-12-24,compliance,self_paced,2,True,2260,2,1,9,0.6153846153846154,0.07692307692307693,0.23076923076923078,0.07692307692307693,2,0.75,0,0.5,0,0.5,0,94,not_training_eligible,
R002014,E0199,EV_038,2026-03-02,,completed,100,71.0,4.0,hr,Data Analyst,Senior,hybrid,ru,2019-12-24,course,online,16,False,2260,1,0,9,0.6153846153846154,0.07692307692307693,0.23076923076923078,0.07692307692307693,6,0.625,5,0.7142857142857143,53,0.7090909090909091,0,94,completed,1
R002015,E0200,EV_002,2026-03-02,2026-04-01,completed,100,96.0,,hr,Backend Engineer,Junior,hybrid,ru,2025-07-14,compliance,self_paced,2,True,231,2,1,2,0.3333333333333333,0.3333333333333333,0.16666666666666666,0.16666666666666666,1,0.3333333333333333,0,0.5,0,0.5,0,53,not_training_eligible,
R002016,E0019,EV_005,2026-03-03,,completed,100,93.0,,manager,Frontend Engineer,Junior,office,kk,2025-03-31,course,online,16,False,337,1,0,3,0.5714285714285714,0.14285714285714285,0.14285714285714285,0.14285714285714285,0,0.5,0,0.5,29,0.5161290322580645,0,1,completed,1
R002017,E0027,EV_036,2026-03-03,,completed,100,,4.0,manager,HR Business Partner,Middle,remote,ru,2025-03-18,meetup,offline,2,False,350,1,0,4,0.5,0.25,0.125,0.125,0,0.5,0,0.5,128,0.6615384615384615,0,1,completed,1
R002018,E0051,EV_034,2026-03-03,,completed,100,,4.0,self,Sales Manager,Senior,office,kk,2023-01-30,workshop,online,4,False,1128,2,1,10,0.42857142857142855,0.14285714285714285,0.21428571428571427,0.21428571428571427,5,0.7142857142857143,5,0.5714285714285714,51,0.7169811320754716,0,1,completed,1
R002019,E0102,EV_017,2026-03-03,,completed,100,63.0,4.0,self,Frontend Engineer,Junior,remote,ru,2024-05-30,course,online,16,False,642,1,0,7,0.45454545454545453,0.09090909090909091,0.2727272727272727,0.18181818181818182,4,0.5,3,0.4,11,0.46153846153846156,0,1,completed,1
R002020,E0013,EV_012,2026-03-05,,completed,100,98.0,,hr,Backend Engineer,Senior,office,ru,2020-12-28,course,self_paced,24,False,1893,2,1,7,0.5454545454545454,0.09090909090909091,0.18181818181818182,0.18181818181818182,1,0.3333333333333333,2,0.25,22,0.5,0,3,completed,1
R002021,E0017,EV_036,2026-03-05,,completed,100,,4.0,self,Product Manager,Senior,office,ru,2019-02-26,meetup,offline,2,False,2564,3,2,11,0.7333333333333333,0.13333333333333333,0.06666666666666667,0.06666666666666667,6,0.75,2,0.75,129,0.6641221374045801,0,3,completed,1
R002022,E0145,EV_018,2026-03-05,,no_show,0,,,self,QA Engineer,Senior,office,kk,2023-10-12,course,online,24,False,875,1,0,4,0.375,0.25,0.125,0.25,1,0.6666666666666666,0,0.5,13,0.6666666666666666,0,3,no_show,0
R002023,E0165,EV_023,2026-03-05,,completed,100,,3.0,self,Product Manager,Junior,office,ru,2024-08-30,workshop,offline,6,False,552,3,2,10,0.5,0.2857142857142857,0.14285714285714285,0.07142857142857142,9,0.5454545454545454,6,0.375,22,0.7083333333333334,0,3,completed,1
R002024,E0170,EV_039,2026-03-05,,no_show,0,,,self,Frontend Engineer,Middle,hybrid,ru,2025-04-24,workshop,online,3,False,315,2,1,7,0.36363636363636365,0.18181818181818182,0.18181818181818182,0.2727272727272727,4,0.3333333333333333,3,0.6,68,0.7857142857142857,0,3,no_show,0
R002025,E0026,EV_037,2026-03-06,,completed,100,,,self,Backend Engineer,Senior,hybrid,kk,2022-04-25,mentoring,online,12,False,1411,1,0,10,0.5,0.21428571428571427,0.07142857142857142,0.21428571428571427,4,0.5,2,0.25,83,0.7176470588235294,0,4,completed,1
R002026,E0121,EV_008,2026-03-06,,completed,100,,,self,Data Analyst,Middle,hybrid,ru,2025-09-15,workshop,online,4,False,172,1,0,1,0.4,0.2,0.2,0.2,0,0.5,1,0.6666666666666666,78,0.7875,0,4,completed,1
R002027,E0156,EV_040,2026-03-06,,completed,100,,4.0,self,QA Engineer,Junior,hybrid,kk,2026-01-20,workshop,offline,4,False,45,1,0,0,0.25,0.25,0.25,0.25,0,0.5,0,0.5,99,0.693069306930693,0,31,completed,1
R002028,E0055,EV_038,2026-03-09,,completed,100,61.0,4.0,manager,Product Manager,Lead,hybrid,en,2023-02-22,course,online,16,False,1111,1,0,9,0.6923076923076923,0.07692307692307693,0.15384615384615385,0.07692307692307693,4,0.8333333333333334,0,0.5,54,0.7142857142857143,0,7,completed,1
R002029,E0057,EV_036,2026-03-10,,declined,0,,,manager,Sales Manager,Senior,hybrid,kk,2023-10-19,meetup,offline,2,False,873,1,0,7,0.6363636363636364,0.09090909090909091,0.18181818181818182,0.09090909090909091,2,0.75,0,0.5,130,0.6666666666666666,0,8,declined,0
R002030,E0061,EV_040,2026-03-10,,no_show,0,,,hr,Data Analyst,Lead,remote,kk,2023-07-17,workshop,offline,4,False,967,1,0,4,0.375,0.125,0.25,0.25,1,0.3333333333333333,0,0.5,100,0.696078431372549,0,8,no_show,0
R002031,E0180,EV_036,2026-03-10,,completed,100,,4.0,self,Customer Support Specialist,Lead,hybrid,kk,2020-05-14,meetup,offline,2,False,2126,2,1,7,0.7272727272727273,0.09090909090909091,0.09090909090909091,0.09090909090909091,2,0.75,1,0.6666666666666666,130,0.6666666666666666,0,8,completed,1
R002032,E0040,EV_036,2026-03-11,,completed,100,,4.0,self,Backend Engineer,Junior,office,ru,2025-06-13,meetup,offline,2,False,271,1,0,3,0.42857142857142855,0.14285714285714285,0.2857142857142857,0.14285714285714285,1,0.3333333333333333,0,0.5,132,0.664179104477612,0,9,completed,1
R002033,E0071,EV_036,2026-03-11,,completed,100,,4.0,self,Product Manager,Middle,office,kk,2022-11-14,meetup,offline,2,False,1213,1,0,7,0.6363636363636364,0.18181818181818182,0.09090909090909091,0.09090909090909091,3,0.8,0,0.5,132,0.664179104477612,0,9,completed,1
R002034,E0103,EV_018,2026-03-11,,completed,100,77.0,,manager,QA Engineer,Senior,remote,ru,2021-08-17,course,online,24,False,1667,1,0,5,0.4444444444444444,0.1111111111111111,0.3333333333333333,0.1111111111111111,4,0.6666666666666666,2,0.5,14,0.625,0,9,completed,1
R002035,E0115,EV_040,2026-03-11,,completed,100,,5.0,self,Frontend Engineer,Junior,hybrid,ru,2025-02-12,workshop,offline,4,False,392,1,0,5,0.3333333333333333,0.3333333333333333,0.2222222222222222,0.1111111111111111,0,0.5,2,0.25,101,0.6893203883495146,0,9,completed,1
R002036,E0142,EV_036,2026-03-11,,completed,100,,5.0,self,Sales Manager,Middle,hybrid,kk,2025-08-18,meetup,offline,2,False,205,1,0,2,0.5,0.16666666666666666,0.16666666666666666,0.16666666666666666,0,0.5,0,0.5,132,0.664179104477612,0,9,completed,1
R002037,E0038,EV_038,2026-03-13,,completed,100,60.0,,self,Product Manager,Senior,hybrid,kk,2022-06-24,course,online,16,False,1358,1,0,4,0.5,0.125,0.125,0.25,2,0.5,0,0.5,55,0.7192982456140351,0,11,completed,1
R002038,E0106,EV_036,2026-03-13,,declined,0,,,manager,Backend Engineer,Senior,remote,kk,2020-02-13,meetup,offline,2,False,2220,1,0,2,0.16666666666666666,0.16666666666666666,0.3333333333333333,0.3333333333333333,1,0.3333333333333333,0,0.5,135,0.6715328467153284,0,11,declined,0
R002039,E0027,EV_034,2026-03-16,,completed,100,,5.0,self,HR Business Partner,Middle,remote,ru,2025-03-18,workshop,online,4,False,363,1,0,5,0.5555555555555556,0.2222222222222222,0.1111111111111111,0.1111111111111111,3,0.6,2,0.5,52,0.7222222222222222,0,13,completed,1
R002040,E0127,EV_012,2026-03-16,,dropped,55,,2.0,self,Backend Engineer,Middle,remote,kk,2022-06-29,course,self_paced,24,False,1356,1,0,8,0.5,0.16666666666666666,0.25,0.08333333333333333,1,0.6666666666666666,2,0.5,23,0.52,0,14,dropped,0
R002041,E0009,EV_039,2026-03-17,,completed,100,,4.0,self,Customer Support Specialist,Junior,remote,en,2025-11-27,workshop,online,3,False,110,1,0,0,0.25,0.25,0.25,0.25,0,0.5,0,0.5,69,0.7746478873239436,0,102,completed,1
R002042,E0035,EV_036,2026-03-17,,completed,100,,3.0,self,Customer Support Specialist,Lead,hybrid,ru,2021-08-26,meetup,offline,2,False,1664,1,0,9,0.5384615384615384,0.07692307692307693,0.23076923076923078,0.15384615384615385,1,0.6666666666666666,0,0.5,136,0.6666666666666666,0,15,completed,1
R002043,E0108,EV_037,2026-03-17,,completed,100,,5.0,self,Product Manager,Middle,office,ru,2022-04-18,mentoring,online,12,False,1429,1,0,0,0.25,0.25,0.25,0.25,0,0.5,0,0.5,84,0.7209302325581395,0,15,completed,1
R002044,E0129,EV_032,2026-03-17,,completed,100,,3.0,self,Sales Manager,Middle,hybrid,kk,2026-01-14,workshop,offline,8,False,62,1,0,1,0.4,0.2,0.2,0.2,1,0.6666666666666666,0,0.5,20,0.7272727272727273,0,29,completed,1
R002045,E0136,EV_040,2026-03-17,,completed,100,,,hr,Backend Engineer,Senior,hybrid,kk,2024-04-01,workshop,offline,4,False,715,1,0,3,0.42857142857142855,0.14285714285714285,0.2857142857142857,0.14285714285714285,2,0.5,2,0.5,102,0.6923076923076923,0,15,completed,1
R002046,E0139,EV_040,2026-03-17,,completed,100,,4.0,self,Customer Support Specialist,Senior,office,kk,2025-03-25,workshop,offline,4,False,357,1,0,4,0.375,0.125,0.25,0.25,0,0.5,2,0.5,102,0.6923076923076923,0,15,completed,1
R002047,E0172,EV_008,2026-03-17,,dropped,45,,2.0,hr,HR Business Partner,Senior,remote,ru,2018-08-27,workshop,online,4,False,2759,1,0,5,0.6666666666666666,0.1111111111111111,0.1111111111111111,0.1111111111111111,4,0.8333333333333334,3,0.8,79,0.7901234567901234,0,15,dropped,0
R002048,E0044,EV_008,2026-03-18,,completed,100,,4.0,self,Frontend Engineer,Lead,office,kk,2022-10-17,workshop,online,4,False,1248,1,0,7,0.5454545454545454,0.09090909090909091,0.2727272727272727,0.09090909090909091,4,0.6666666666666666,4,0.6666666666666666,80,0.7804878048780488,0,16,completed,1
R002049,E0064,EV_037,2026-03-18,,no_show,0,,,hr,Backend Engineer,Senior,office,ru,2021-10-20,mentoring,online,12,False,1610,1,0,3,0.42857142857142855,0.2857142857142857,0.14285714285714285,0.14285714285714285,1,0.3333333333333333,0,0.5,85,0.7241379310344828,0,16,no_show,0
R002050,E0182,EV_008,2026-03-18,,completed,100,,5.0,self,Frontend Engineer,Middle,office,ru,2024-06-14,workshop,online,4,False,642,1,0,5,0.4444444444444444,0.1111111111111111,0.2222222222222222,0.2222222222222222,2,0.75,2,0.75,80,0.7804878048780488,0,16,completed,1
R002051,E0009,EV_034,2026-03-19,,declined,0,,,hr,Customer Support Specialist,Junior,remote,en,2025-11-27,workshop,online,4,False,112,1,0,1,0.4,0.2,0.2,0.2,1,0.6666666666666666,1,0.6666666666666666,53,0.7272727272727273,0,2,declined,0
R002052,E0187,EV_036,2026-03-19,,no_show,0,,,manager,Data Analyst,Junior,office,ru,2024-03-25,meetup,offline,2,False,724,1,0,6,0.5,0.2,0.1,0.2,1,0.6666666666666666,0,0.5,137,0.6690647482014388,0,17,no_show,0
R002053,E0148,EV_036,2026-03-20,,completed,100,,4.0,manager,Sales Manager,Lead,office,kk,2020-08-18,meetup,offline,2,False,2040,2,1,8,0.6666666666666666,0.08333333333333333,0.16666666666666666,0.08333333333333333,3,0.8,1,0.6666666666666666,138,0.6642857142857143,0,18,completed,1
R002054,E0166,EV_032,2026-03-20,,completed,100,,5.0,self,Sales Manager,Senior,office,kk,2025-02-21,workshop,offline,8,False,392,1,0,5,0.6666666666666666,0.1111111111111111,0.1111111111111111,0.1111111111111111,2,0.75,2,0.75,21,0.7391304347826086,0,18,completed,1
R002055,E0186,EV_010,2026-03-20,,completed,100,79.0,,self,Backend Engineer,Middle,hybrid,ru,2022-06-16,course,online,20,False,1373,1,0,7,0.36363636363636365,0.2727272727272727,0.18181818181818182,0.18181818181818182,3,0.2,3,0.2,15,0.6470588235294118,0,18,completed,1
R002056,E0197,EV_036,2026-03-20,,completed,100,,4.0,self,QA Engineer,Middle,hybrid,ru,2022-08-15,meetup,offline,2,False,1313,1,0,12,0.5,0.1875,0.1875,0.125,4,0.5,0,0.5,138,0.6642857142857143,0,18,completed,1
R002057,E0028,EV_009,2026-03-23,,dropped,75,,2.0,self,Backend Engineer,Middle,hybrid,kk,2022-05-23,certification,self_paced,40,False,1400,1,0,6,0.5,0.2,0.2,0.1,1,0.6666666666666666,0,0.5,39,0.6097560975609756,0,21,dropped,0
R002058,E0072,EV_040,2026-03-23,,declined,0,,,manager,QA Engineer,Middle,office,ru,2024-04-15,workshop,offline,4,False,707,1,0,2,0.16666666666666666,0.5,0.16666666666666666,0.16666666666666666,0,0.5,0,0.5,104,0.6981132075471698,0,21,declined,0
R002059,E0133,EV_037,2026-03-23,,completed,100,,4.0,self,HR Business Partner,Lead,office,ru,2019-08-23,mentoring,online,12,False,2404,1,0,8,0.5833333333333334,0.25,0.08333333333333333,0.08333333333333333,6,0.75,0,0.5,86,0.7159090909090909,0,21,completed,1
R002060,E0157,EV_008,2026-03-23,,completed,100,,,self,QA Engineer,Junior,remote,kk,2025-10-13,workshop,online,4,False,161,1,0,2,0.3333333333333333,0.16666666666666666,0.3333333333333333,0.16666666666666666,1,0.6666666666666666,0,0.5,82,0.7857142857142857,0,21,completed,1
R002061,E0006,EV_036,2026-03-24,,completed,100,,5.0,self,Frontend Engineer,Lead,office,kk,2018-01-16,meetup,offline,2,False,2989,3,2,8,0.4166666666666667,0.16666666666666666,0.16666666666666666,0.25,5,0.42857142857142855,2,0.5,140,0.6690140845070423,0,22,completed,1
R002062,E0013,EV_038,2026-03-24,,completed,100,73.0,,manager,Backend Engineer,Senior,office,ru,2020-12-28,course,online,16,False,1912,1,0,8,0.5833333333333334,0.08333333333333333,0.16666666666666666,0.16666666666666666,3,0.6,3,0.4,56,0.7241379310344828,0,19,completed,1
R002063,E0044,EV_039,2026-03-24,,completed,100,,,self,Frontend Engineer,Lead,office,kk,2022-10-17,workshop,online,3,False,1254,1,0,8,0.5833333333333334,0.08333333333333333,0.25,0.08333333333333333,5,0.7142857142857143,5,0.7142857142857143,70,0.7777777777777778,0,6,completed,1
R002064,E0054,EV_023,2026-03-24,,no_show,0,,,self,Data Analyst,Senior,hybrid,kk,2022-11-30,workshop,offline,6,False,1210,1,0,8,0.5,0.16666666666666666,0.16666666666666666,0.16666666666666666,2,0.5,1,0.6666666666666666,23,0.72,0,22,no_show,0
R002065,E0102,EV_039,2026-03-24,,completed,100,,4.0,self,Frontend Engineer,Junior,remote,ru,2024-05-30,workshop,online,3,False,663,1,0,8,0.5,0.08333333333333333,0.25,0.16666666666666666,5,0.5714285714285714,3,0.6,70,0.7777777777777778,0,21,completed,1
R002066,E0118,EV_036,2026-03-24,,completed,100,,,manager,Frontend Engineer,Middle,hybrid,ru,2021-11-01,meetup,offline,2,False,1604,1,0,8,0.5,0.25,0.16666666666666666,0.08333333333333333,1,0.6666666666666666,0,0.5,140,0.6690140845070423,0,22,completed,1
R002067,E0187,EV_039,2026-03-24,,completed,100,,2.0,self,Data Analyst,Junior,office,ru,2024-03-25,workshop,online,3,False,729,1,0,7,0.45454545454545453,0.18181818181818182,0.18181818181818182,0.18181818181818182,4,0.6666666666666666,4,0.6666666666666666,70,0.7777777777777778,0,5,completed,1
R002068,E0133,EV_038,2026-03-25,,completed,100,91.0,3.0,manager,HR Business Partner,Lead,office,ru,2019-08-23,course,online,16,False,2406,1,0,9,0.6153846153846154,0.23076923076923078,0.07692307692307693,0.07692307692307693,7,0.7777777777777778,1,0.3333333333333333,57,0.7288135593220338,0,2,completed,1
R002069,E0031,EV_008,2026-03-26,,completed,100,,2.0,manager,Customer Support Specialist,Middle,office,kk,2025-05-21,workshop,online,4,False,309,1,0,3,0.5714285714285714,0.14285714285714285,0.14285714285714285,0.14285714285714285,3,0.8,1,0.6666666666666666,83,0.788235294117647,0,24,completed,1
R002070,E0115,EV_017,2026-03-26,,completed,100,90.0,4.0,manager,Frontend Engineer,Junior,hybrid,ru,2025-02-12,course,online,16,False,407,2,1,6,0.4,0.3,0.2,0.1,4,0.3333333333333333,3,0.6,12,0.5,0,15,completed,1
R002071,E0146,EV_001,2026-03-26,2026-04-25,overdue,40,,,hr,Data Analyst,Junior,hybrid,ru,2026-03-23,compliance,self_paced,2,True,3,1,0,0,0.25,0.25,0.25,0.25,0,0.5,0,0.5,0,0.5,1,-1,not_training_eligible,
R002072,E0146,EV_002,2026-03-26,2026-04-25,overdue,60,,,hr,Data Analyst,Junior,hybrid,ru,2026-03-23,compliance,self_paced,2,True,3,1,0,0,0.25,0.25,0.25,0.25,0,0.5,0,0.5,0,0.5,1,-1,not_training_eligible,
R002073,E0146,EV_003,2026-03-26,2026-04-25,completed,100,99.0,,hr,Data Analyst,Junior,hybrid,ru,2026-03-23,compliance,self_paced,2,True,3,1,0,0,0.25,0.25,0.25,0.25,0,0.5,0,0.5,0,0.5,1,-1,not_training_eligible,
R002074,E0006,EV_036,2026-03-27,,completed,100,,,self,Frontend Engineer,Lead,office,kk,2018-01-16,meetup,offline,2,False,2992,4,3,9,0.46153846153846156,0.15384615384615385,0.15384615384615385,0.23076923076923078,6,0.5,3,0.6,142,0.6736111111111112,0,3,completed,1
R002075,E0153,EV_034,2026-03-27,,completed,100,,3.0,self,Sales Manager,Middle,office,ru,2022-10-17,workshop,online,4,False,1257,1,0,7,0.6363636363636364,0.09090909090909091,0.18181818181818182,0.09090909090909091,3,0.8,4,0.8333333333333334,54,0.7142857142857143,0,25,completed,1
R002076,E0195,EV_039,2026-03-27,,completed,100,,4.0,self,Product Manager,Middle,office,kk,2025-04-21,workshop,online,3,False,340,1,0,8,0.3333333333333333,0.3333333333333333,0.25,0.08333333333333333,6,0.375,6,0.5,73,0.7866666666666666,0,25,completed,1
R002077,E0045,EV_036,2026-03-30,,no_show,0,,,manager,Sales Manager,Junior,office,kk,2025-03-28,meetup,offline,2,False,367,2,1,3,0.5714285714285714,0.14285714285714285,0.14285714285714285,0.14285714285714285,2,0.75,1,0.6666666666666666,143,0.6758620689655173,0,28,no_show,0
R002078,E0057,EV_008,2026-03-30,,completed,100,,4.0,self,Sales Manager,Senior,hybrid,kk,2023-10-19,workshop,online,4,False,893,1,0,8,0.5833333333333334,0.08333333333333333,0.16666666666666666,0.16666666666666666,5,0.7142857142857143,3,0.8,84,0.7906976744186046,0,20,completed,1
R002079,E0116,EV_036,2026-03-30,,completed,100,,4.0,self,Product Manager,Middle,office,kk,2025-02-20,meetup,offline,2,False,403,1,0,1,0.4,0.2,0.2,0.2,1,0.6666666666666666,0,0.5,143,0.6758620689655173,0,28,completed,1
R002080,E0146,EV_004,2026-03-30,2026-04-22,completed,100,,4.0,hr,Data Analyst,Junior,hybrid,ru,2026-03-23,onboarding,offline,8,True,7,1,0,0,0.25,0.25,0.25,0.25,0,0.5,0,0.5,0,0.5,0,4,not_training_eligible,
R002081,E0153,EV_036,2026-03-30,,completed,100,,,manager,Sales Manager,Middle,office,ru,2022-10-17,meetup,offline,2,False,1260,3,2,8,0.6666666666666666,0.08333333333333333,0.16666666666666666,0.08333333333333333,4,0.6666666666666666,2,0.5,143,0.6758620689655173,0,3,completed,1
R002082,E0003,EV_036,2026-03-31,,completed,100,,,manager,Customer Support Specialist,Senior,hybrid,kk,2019-09-16,meetup,offline,2,False,2388,1,0,4,0.625,0.125,0.125,0.125,1,0.6666666666666666,0,0.5,146,0.6756756756756757,0,29,completed,1
R002083,E0006,EV_036,2026-03-31,,no_show,0,,,self,Frontend Engineer,Lead,office,kk,2018-01-16,meetup,offline,2,False,2996,5,4,10,0.5,0.14285714285714285,0.14285714285714285,0.21428571428571427,7,0.5555555555555556,4,0.6666666666666666,146,0.6756756756756757,0,4,no_show,0
R002084,E0017,EV_036,2026-03-31,,completed,100,,5.0,manager,Product Manager,Senior,office,ru,2019-02-26,meetup,offline,2,False,2590,4,3,12,0.75,0.125,0.0625,0.0625,7,0.7777777777777778,3,0.8,146,0.6756756756756757,0,26,completed,1
R002085,E0087,EV_012,2026-03-31,,completed,100,84.0,5.0,manager,Backend Engineer,Middle,office,ru,2025-04-15,course,self_paced,24,False,350,1,0,1,0.2,0.4,0.2,0.2,0,0.5,0,0.5,24,0.5,0,29,completed,1
R002086,E0115,EV_036,2026-03-31,,completed,100,,5.0,manager,Frontend Engineer,Junior,hybrid,ru,2025-02-12,meetup,offline,2,False,412,1,0,7,0.45454545454545453,0.2727272727272727,0.18181818181818182,0.09090909090909091,1,0.6666666666666666,0,0.5,146,0.6756756756756757,0,5,completed,1
R002087,E0147,EV_011,2026-03-31,,completed,100,,3.0,self,Frontend Engineer,Middle,office,ru,2024-05-27,workshop,offline,6,False,673,1,0,6,0.6,0.1,0.2,0.1,3,0.6,3,0.8,17,0.631578947368421,0,29,completed,1
R002088,E0052,EV_036,2026-04-01,,completed,100,,3.0,self,HR Business Partner,Middle,office,kk,2025-01-13,meetup,offline,2,False,443,2,1,7,0.5454545454545454,0.18181818181818182,0.18181818181818182,0.09090909090909091,1,0.6666666666666666,1,0.6666666666666666,150,0.6776315789473685,0,30,completed,1
R002089,E0053,EV_040,2026-04-01,,completed,100,,4.0,manager,QA Engineer,Junior,remote,kk,2024-05-28,workshop,offline,4,False,673,3,2,10,0.21428571428571427,0.14285714285714285,0.5714285714285714,0.07142857142857142,7,0.1111111111111111,8,0.2,105,0.6915887850467289,0,30,completed,1
R002090,E0068,EV_017,2026-04-01,,no_show,0,,,hr,Frontend Engineer,Middle,hybrid,kk,2025-06-02,course,online,16,False,303,2,1,5,0.4444444444444444,0.1111111111111111,0.3333333333333333,0.1111111111111111,4,0.5,3,0.6,13,0.5333333333333333,0,30,no_show,0
R002091,E0102,EV_013,2026-04-01,,no_show,0,,,self,Frontend Engineer,Junior,remote,ru,2024-05-30,course,online,12,False,671,3,2,9,0.5384615384615384,0.07692307692307693,0.23076923076923078,0.15384615384615385,6,0.625,4,0.5,16,0.5555555555555556,0,8,no_show,0
R002092,E0137,EV_036,2026-04-01,,no_show,0,,,hr,Backend Engineer,Middle,remote,kk,2025-02-17,meetup,offline,2,False,408,1,0,3,0.42857142857142855,0.2857142857142857,0.14285714285714285,0.14285714285714285,1,0.6666666666666666,0,0.5,150,0.6776315789473685,0,30,no_show,0
R002093,E0147,EV_039,2026-04-01,,completed,100,,,self,Frontend Engineer,Middle,office,ru,2024-05-27,workshop,online,3,False,674,1,0,7,0.6363636363636364,0.09090909090909091,0.18181818181818182,0.09090909090909091,2,0.75,4,0.8333333333333334,74,0.7894736842105263,0,1,completed,1
R002094,E0164,EV_007,2026-04-01,,completed,100,,5.0,hr,Backend Engineer,Middle,hybrid,ru,2022-08-26,mentoring,online,8,False,1314,1,0,9,0.6153846153846154,0.15384615384615385,0.15384615384615385,0.07692307692307693,3,0.8,0,0.5,15,0.47058823529411764,0,30,completed,1
R002095,E0002,EV_009,2026-04-02,,completed,100,67.0,3.0,self,Backend Engineer,Middle,remote,ru,2023-04-25,certification,self_paced,40,False,1073,1,0,6,0.4,0.4,0.1,0.1,1,0.6666666666666666,0,0.5,40,0.5952380952380952,0,31,completed,1
R002096,E0021,EV_040,2026-04-02,,completed,100,,,self,Customer Support Specialist,Middle,remote,ru,2024-09-12,workshop,offline,4,False,567,2,1,7,0.5454545454545454,0.09090909090909091,0.2727272727272727,0.09090909090909091,2,0.5,3,0.6,106,0.6944444444444444,0,31,completed,1
R002097,E0058,EV_001,2026-04-02,2026-05-02,completed,100,70.0,,hr,Backend Engineer,Junior,office,ru,2026-03-30,compliance,self_paced,2,True,3,1,0,0,0.25,0.25,0.25,0.25,0,0.5,0,0.5,0,0.5,1,-1,not_training_eligible,
R002098,E0058,EV_002,2026-04-02,2026-05-02,completed,100,94.0,,hr,Backend Engineer,Junior,office,ru,2026-03-30,compliance,self_paced,2,True,3,1,0,0,0.25,0.25,0.25,0.25,0,0.5,0,0.5,0,0.5,1,-1,not_training_eligible,
R002099,E0058,EV_003,2026-04-02,2026-05-02,completed,100,71.0,,hr,Backend Engineer,Junior,office,ru,2026-03-30,compliance,self_paced,2,True,3,1,0,0,0.25,0.25,0.25,0.25,0,0.5,0,0.5,0,0.5,1,-1,not_training_eligible,
R002100,E0060,EV_037,2026-04-02,,completed,100,,3.0,self,Product Manager,Lead,office,kk,2021-10-18,mentoring,online,12,False,1627,1,0,5,0.5555555555555556,0.1111111111111111,0.1111111111111111,0.2222222222222222,2,0.5,0,0.5,87,0.7191011235955056,0,31,completed,1
R002101,E0068,EV_039,2026-04-02,,completed,100,,5.0,self,Frontend Engineer,Middle,hybrid,kk,2025-06-02,workshop,online,3,False,304,1,0,6,0.4,0.1,0.4,0.1,5,0.42857142857142855,0,0.5,75,0.7922077922077922,0,1,completed,1
R002102,E0165,EV_008,2026-04-02,,completed,100,,4.0,hr,Product Manager,Junior,office,ru,2024-08-30,workshop,online,4,False,580,1,0,11,0.5333333333333333,0.26666666666666666,0.13333333333333333,0.06666666666666667,1,0.6666666666666666,7,0.4444444444444444,85,0.7931034482758621,0,28,completed,1
R002103,E0194,EV_016,2026-04-02,,dropped,45,,3.0,hr,Frontend Engineer,Senior,remote,ru,2021-07-14,workshop,online,4,False,1723,1,0,5,0.5555555555555556,0.1111111111111111,0.2222222222222222,0.1111111111111111,4,0.6666666666666666,1,0.6666666666666666,24,0.8076923076923077,0,31,dropped,0
R002104,E0022,EV_023,2026-04-03,,completed,100,,,self,Data Analyst,Junior,hybrid,kk,2025-12-23,workshop,offline,6,False,101,1,0,1,0.2,0.4,0.2,0.2,0,0.5,1,0.3333333333333333,24,0.6923076923076923,0,52,completed,1
R002105,E0033,EV_008,2026-04-03,,completed,100,,2.0,manager,Data Analyst,Middle,office,kk,2025-09-23,workshop,online,4,False,192,1,0,0,0.25,0.25,0.25,0.25,0,0.5,0,0.5,86,0.7954545454545454,0,32,completed,1
R002106,E0085,EV_024,2026-04-03,,dropped,20,,,manager,Data Analyst,Lead,hybrid,ru,2018-05-23,course,self_paced,30,False,2872,2,1,7,0.6363636363636364,0.18181818181818182,0.09090909090909091,0.09090909090909091,1,0.3333333333333333,3,0.6,8,0.5,0,32,dropped,0
R002107,E0111,EV_008,2026-04-03,,completed,100,,,self,QA Engineer,Middle,office,ru,2024-06-19,workshop,online,4,False,653,1,0,7,0.7272727272727273,0.09090909090909091,0.09090909090909091,0.09090909090909091,4,0.8333333333333334,3,0.8,86,0.7954545454545454,0,32,completed,1
R002108,E0123,EV_037,2026-04-03,,completed,100,,5.0,manager,Frontend Engineer,Senior,hybrid,kk,2021-04-15,mentoring,online,12,False,1814,1,0,10,0.5,0.14285714285714285,0.21428571428571427,0.14285714285714285,4,0.3333333333333333,0,0.5,88,0.7222222222222222,0,32,completed,1
R002109,E0191,EV_032,2026-04-03,,completed,100,,5.0,self,Sales Manager,Middle,office,ru,2022-03-15,workshop,offline,8,False,1480,2,1,5,0.4444444444444444,0.1111111111111111,0.2222222222222222,0.2222222222222222,2,0.5,4,0.5,22,0.75,0,32,completed,1
R002110,E0092,EV_012,2026-04-06,,dropped,75,,,self,Backend Engineer,Middle,office,en,2024-10-11,course,self_paced,24,False,542,2,1,4,0.375,0.25,0.25,0.125,1,0.3333333333333333,2,0.5,25,0.5185185185185185,0,35,dropped,0
R002111,E0096,EV_001,2026-04-06,2026-05-06,completed,100,87.0,,hr,Backend Engineer,Junior,hybrid,kk,2026-04-02,compliance,self_paced,2,True,4,1,0,0,0.25,0.25,0.25,0.25,0,0.5,0,0.5,0,0.5,1,-1,not_training_eligible,
R002112,E0096,EV_002,2026-04-06,2026-05-06,completed,100,80.0,,hr,Backend Engineer,Junior,hybrid,kk,2026-04-02,compliance,self_paced,2,True,4,1,0,0,0.25,0.25,0.25,0.25,0,0.5,0,0.5,0,0.5,1,-1,not_training_eligible,
R002113,E0096,EV_003,2026-04-06,2026-05-06,completed,100,80.0,,hr,Backend Engineer,Junior,hybrid,kk,2026-04-02,compliance,self_paced,2,True,4,1,0,0,0.25,0.25,0.25,0.25,0,0.5,0,0.5,0,0.5,1,-1,not_training_eligible,
R002114,E0095,EV_031,2026-04-07,,no_show,0,,,manager,HR Business Partner,Middle,office,kk,2021-12-20,workshop,online,6,False,1569,3,2,9,0.46153846153846156,0.15384615384615385,0.23076923076923078,0.15384615384615385,8,0.5,7,0.4444444444444444,10,0.5833333333333334,0,36,no_show,0
R002115,E0100,EV_032,2026-04-07,,completed,100,,,self,Product Manager,Junior,office,ru,2024-11-18,workshop,offline,8,False,505,1,0,3,0.14285714285714285,0.5714285714285714,0.14285714285714285,0.14285714285714285,2,0.25,3,0.2,23,0.76,0,36,completed,1
R002116,E0129,EV_039,2026-04-07,,declined,0,,,manager,Sales Manager,Middle,hybrid,kk,2026-01-14,workshop,online,3,False,83,1,0,2,0.5,0.16666666666666666,0.16666666666666666,0.16666666666666666,0,0.5,1,0.6666666666666666,76,0.7948717948717948,0,21,declined,0
R002117,E0162,EV_036,2026-04-07,,completed,100,,5.0,manager,Data Analyst,Middle,hybrid,kk,2024-01-15,meetup,offline,2,False,813,3,2,8,0.6666666666666666,0.08333333333333333,0.16666666666666666,0.08333333333333333,3,0.6,2,0.5,152,0.6753246753246753,0,36,completed,1
R002118,E0028,EV_009,2026-04-08,,dropped,50,,,manager,Backend Engineer,Middle,hybrid,kk,2022-05-23,certification,self_paced,40,False,1416,2,1,7,0.45454545454545453,0.2727272727272727,0.18181818181818182,0.09090909090909091,2,0.5,1,0.3333333333333333,41,0.6046511627906976,0,16,dropped,0
R002119,E0030,EV_037,2026-04-08,,completed,100,,5.0,manager,Customer Support Specialist,Middle,office,ru,2024-12-12,mentoring,online,12,False,482,1,0,2,0.5,0.16666666666666666,0.16666666666666666,0.16666666666666666,1,0.6666666666666666,0,0.5,89,0.7252747252747253,0,37,completed,1
R002120,E0044,EV_036,2026-04-08,,completed,100,,,hr,Frontend Engineer,Lead,office,kk,2022-10-17,meetup,offline,2,False,1269,1,0,9,0.6153846153846154,0.07692307692307693,0.23076923076923078,0.07692307692307693,3,0.6,0,0.5,153,0.6774193548387096,0,15,completed,1
R002121,E0078,EV_039,2026-04-09,,completed,100,,3.0,self,Customer Support Specialist,Junior,hybrid,kk,2024-11-11,workshop,online,3,False,514,1,0,1,0.4,0.2,0.2,0.2,1,0.6666666666666666,1,0.6666666666666666,77,0.7848101265822784,0,38,completed,1
R002122,E0133,EV_036,2026-04-09,,completed,100,,5.0,self,HR Business Partner,Lead,office,ru,2019-08-23,meetup,offline,2,False,2421,1,0,10,0.6428571428571429,0.21428571428571427,0.07142857142857142,0.07142857142857142,1,0.6666666666666666,0,0.5,154,0.6794871794871795,0,15,completed,1
R002123,E0157,EV_039,2026-04-09,,completed,100,,,manager,QA Engineer,Junior,remote,kk,2025-10-13,workshop,online,3,False,178,1,0,3,0.42857142857142855,0.14285714285714285,0.2857142857142857,0.14285714285714285,2,0.75,1,0.6666666666666666,77,0.7848101265822784,0,17,completed,1
R002124,E0166,EV_038,2026-04-09,,completed,100,71.0,2.0,self,Sales Manager,Senior,office,kk,2025-02-21,course,online,16,False,412,1,0,6,0.7,0.1,0.1,0.1,3,0.8,1,0.6666666666666666,58,0.7333333333333333,0,20,completed,1
R002125,E0169,EV_036,2026-04-09,,completed,100,,,manager,Sales Manager,Lead,office,kk,2020-04-29,meetup,offline,2,False,2171,7,6,10,0.5714285714285714,0.14285714285714285,0.14285714285714285,0.14285714285714285,6,0.625,6,0.625,154,0.6794871794871795,0,38,completed,1
R002126,E0093,EV_036,2026-04-10,,declined,0,,,manager,Customer Support Specialist,Middle,hybrid,kk,2022-08-31,meetup,offline,2,False,1318,2,1,9,0.6153846153846154,0.15384615384615385,0.07692307692307693,0.15384615384615385,2,0.75,1,0.6666666666666666,156,0.6835443037974683,0,39,declined,0
R002127,E0105,EV_030,2026-04-10,,completed,100,,4.0,manager,HR Business Partner,Senior,office,kk,2024-04-22,workshop,online,4,False,718,3,2,8,0.5833333333333334,0.25,0.08333333333333333,0.08333333333333333,8,0.7,6,0.625,9,0.7272727272727273,0,39,completed,1
R002128,E0120,EV_011,2026-04-10,,dropped,35,,,hr,Frontend Engineer,Senior,hybrid,ru,2019-11-25,workshop,offline,6,False,2328,1,0,5,0.6666666666666666,0.1111111111111111,0.1111111111111111,0.1111111111111111,1,0.6666666666666666,0,0.5,18,0.65,0,39,dropped,0
R002129,E0124,EV_012,2026-04-10,,completed,100,96.0,3.0,manager,Data Analyst,Middle,office,kk,2025-02-17,course,self_paced,24,False,417,1,0,4,0.375,0.125,0.25,0.25,1,0.6666666666666666,3,0.4,26,0.5,0,39,completed,1
R002130,E0178,EV_005,2026-04-10,,no_show,0,,,manager,Backend Engineer,Middle,remote,kk,2025-12-22,course,online,16,False,109,1,0,0,0.25,0.25,0.25,0.25,0,0.5,0,0.5,30,0.53125,0,86,no_show,0
R002131,E0185,EV_036,2026-04-10,,completed,100,,4.0,self,Customer Support Specialist,Middle,remote,kk,2024-10-21,meetup,offline,2,False,536,1,0,6,0.7,0.1,0.1,0.1,1,0.6666666666666666,0,0.5,156,0.6835443037974683,0,39,completed,1
R002132,E0019,EV_040,2026-04-13,,completed,100,,,self,Frontend Engineer,Junior,office,kk,2025-03-31,workshop,offline,4,False,378,1,0,4,0.625,0.125,0.125,0.125,3,0.8,0,0.5,107,0.6972477064220184,0,41,completed,1
R002133,E0023,EV_036,2026-04-13,,completed,100,,4.0,self,Backend Engineer,Junior,office,kk,2024-11-18,meetup,offline,2,False,511,2,1,9,0.6923076923076923,0.15384615384615385,0.07692307692307693,0.07692307692307693,5,0.7142857142857143,1,0.6666666666666666,158,0.68125,0,42,completed,1
R002134,E0058,EV_004,2026-04-13,2026-04-29,completed,100,,5.0,hr,Backend Engineer,Junior,office,ru,2026-03-30,onboarding,offline,8,True,14,1,0,0,0.25,0.25,0.25,0.25,0,0.5,0,0.5,0,0.5,0,11,not_training_eligible,
R002135,E0073,EV_025,2026-04-13,,completed,100,72.0,4.0,manager,Data Analyst,Senior,office,ru,2022-08-29,course,online,10,False,1323,1,0,8,0.3333333333333333,0.3333333333333333,0.16666666666666666,0.16666666666666666,4,0.5,3,0.4,12,0.6428571428571429,0,42,completed,1
R002136,E0085,EV_036,2026-04-13,,completed,100,,5.0,self,Data Analyst,Lead,hybrid,ru,2018-05-23,meetup,offline,2,False,2882,2,1,8,0.5833333333333334,0.25,0.08333333333333333,0.08333333333333333,2,0.75,1,0.6666666666666666,158,0.68125,0,10,completed,1
R002137,E0096,EV_004,2026-04-13,2026-05-02,completed,100,,,hr,Backend Engineer,Junior,hybrid,kk,2026-04-02,onboarding,offline,8,True,11,1,0,0,0.25,0.25,0.25,0.25,0,0.5,0,0.5,0,0.5,0,7,not_training_eligible,
R002138,E0107,EV_020,2026-04-13,,completed,100,68.0,2.0,self,Product Manager,Middle,office,ru,2022-04-25,course,self_paced,40,False,1449,1,0,10,0.6428571428571429,0.14285714285714285,0.07142857142857142,0.14285714285714285,0,0.5,1,0.6666666666666666,15,0.5294117647058824,0,42,completed,1
R002139,E0088,EV_010,2026-04-15,,completed,100,73.0,,hr,Backend Engineer,Senior,remote,kk,2019-04-22,course,online,20,False,2550,1,0,5,0.6666666666666666,0.1111111111111111,0.1111111111111111,0.1111111111111111,4,0.8333333333333334,3,0.8,16,0.6666666666666666,0,44,completed,1
R002140,E0144,EV_036,2026-04-15,,completed,100,,5.0,self,Customer Support Specialist,Junior,office,ru,2024-09-16,meetup,offline,2,False,576,4,3,8,0.75,0.08333333333333333,0.08333333333333333,0.08333333333333333,4,0.8333333333333334,3,0.8,160,0.6851851851851852,0,44,completed,1
R002141,E0005,EV_036,2026-04-17,,completed,100,,5.0,manager,Backend Engineer,Middle,hybrid,kk,2024-06-12,meetup,offline,2,False,674,3,2,12,0.5,0.125,0.1875,0.1875,5,0.7142857142857143,2,0.75,161,0.6871165644171779,0,46,completed,1
R002142,E0047,EV_011,2026-04-17,,completed,100,,3.0,self,Backend Engineer,Middle,office,ru,2022-12-22,workshop,offline,6,False,1212,3,2,14,0.4444444444444444,0.2777777777777778,0.16666666666666666,0.1111111111111111,4,0.3333333333333333,6,0.375,19,0.6190476190476191,0,46,completed,1
R002143,E0153,EV_036,2026-04-17,,completed,100,,5.0,manager,Sales Manager,Middle,office,ru,2022-10-17,meetup,offline,2,False,1278,4,3,9,0.6923076923076923,0.07692307692307693,0.15384615384615385,0.07692307692307693,5,0.7142857142857143,3,0.6,161,0.6871165644171779,0,18,completed,1
R002144,E0186,EV_037,2026-04-17,,completed,100,,,self,Backend Engineer,Middle,hybrid,ru,2022-06-16,mentoring,online,12,False,1401,1,0,8,0.4166666666666667,0.25,0.16666666666666666,0.16666666666666666,4,0.3333333333333333,0,0.5,90,0.7282608695652174,0,28,completed,1
R002145,E0006,EV_040,2026-04-20,,completed,100,,4.0,self,Frontend Engineer,Lead,office,kk,2018-01-16,workshop,offline,4,False,3016,1,0,11,0.4666666666666667,0.13333333333333333,0.2,0.2,8,0.5,3,0.4,108,0.7,0,20,completed,1
R002146,E0041,EV_027,2026-04-20,,no_show,0,,,self,Product Manager,Senior,office,kk,2023-09-22,workshop,online,6,False,941,1,0,9,0.6153846153846154,0.15384615384615385,0.07692307692307693,0.15384615384615385,3,0.6,2,0.75,19,0.6190476190476191,0,49,no_show,0
R002147,E0121,EV_024,2026-04-20,,completed,100,92.0,5.0,self,Data Analyst,Middle,hybrid,ru,2025-09-15,course,self_paced,30,False,217,1,0,2,0.5,0.16666666666666666,0.16666666666666666,0.16666666666666666,0,0.5,0,0.5,9,0.45454545454545453,0,45,completed,1
R002148,E0151,EV_030,2026-04-20,,completed,100,,,self,HR Business Partner,Junior,remote,ru,2025-09-11,workshop,online,4,False,221,1,0,3,0.42857142857142855,0.14285714285714285,0.2857142857142857,0.14285714285714285,2,0.75,2,0.75,10,0.75,0,49,completed,1
R002149,E0033,EV_009,2026-04-21,,completed,100,98.0,3.0,self,Data Analyst,Middle,office,kk,2025-09-23,certification,self_paced,40,False,210,1,0,1,0.4,0.2,0.2,0.2,0,0.5,0,0.5,42,0.5909090909090909,0,18,completed,1
R002150,E0034,EV_020,2026-04-21,,completed,100,90.0,3.0,self,Data Analyst,Junior,office,kk,2025-08-01,course,self_paced,40,False,263,1,0,2,0.5,0.16666666666666666,0.16666666666666666,0.16666666666666666,0,0.5,0,0.5,16,0.5555555555555556,0,50,completed,1
R002151,E0167,EV_028,2026-04-21,,completed,100,,4.0,self,HR Business Partner,Junior,hybrid,kk,2025-11-18,workshop,online,4,False,154,1,0,2,0.5,0.16666666666666666,0.16666666666666666,0.16666666666666666,2,0.75,2,0.75,9,0.6363636363636364,0,63,completed,1
R002152,E0081,EV_008,2026-04-22,,completed,100,,,manager,Customer Support Specialist,Middle,hybrid,kk,2023-12-29,workshop,online,4,False,845,1,0,6,0.4,0.3,0.2,0.1,6,0.5,3,0.6,88,0.8,0,51,completed,1
R002153,E0093,EV_036,2026-04-23,,completed,100,,3.0,self,Customer Support Specialist,Middle,hybrid,kk,2022-08-31,meetup,offline,2,False,1331,3,2,10,0.5714285714285714,0.14285714285714285,0.07142857142857142,0.21428571428571427,3,0.6,2,0.5,163,0.6909090909090909,0,13,completed,1
R002154,E0042,EV_036,2026-04-24,,completed,100,,,self,Frontend Engineer,Junior,hybrid,ru,2024-08-21,meetup,offline,2,False,611,2,1,6,0.5,0.2,0.2,0.1,3,0.6,1,0.6666666666666666,164,0.6927710843373494,0,53,completed,1
R002155,E0144,EV_036,2026-04-24,,completed,100,,,self,Customer Support Specialist,Junior,office,ru,2024-09-16,meetup,offline,2,False,585,5,4,9,0.7692307692307693,0.07692307692307693,0.07692307692307693,0.07692307692307693,5,0.8571428571428571,4,0.8333333333333334,164,0.6927710843373494,0,9,completed,1
R002156,E0024,EV_001,2026-04-27,2026-05-27,completed,100,88.0,,hr,Customer Support Specialist,Junior,office,kk,2026-04-24,compliance,self_paced,2,True,3,1,0,0,0.25,0.25,0.25,0.25,0,0.5,0,0.5,0,0.5,1,-1,not_training_eligible,
R002157,E0024,EV_002,2026-04-27,2026-05-27,completed,100,87.0,,hr,Customer Support Specialist,Junior,office,kk,2026-04-24,compliance,self_paced,2,True,3,1,0,0,0.25,0.25,0.25,0.25,0,0.5,0,0.5,0,0.5,1,-1,not_training_eligible,
R002158,E0024,EV_003,2026-04-27,2026-05-27,completed,100,100.0,,hr,Customer Support Specialist,Junior,office,kk,2026-04-24,compliance,self_paced,2,True,3,1,0,0,0.25,0.25,0.25,0.25,0,0.5,0,0.5,0,0.5,1,-1,not_training_eligible,
R002159,E0026,EV_007,2026-04-27,,completed,100,,3.0,self,Backend Engineer,Senior,hybrid,kk,2022-04-25,mentoring,online,8,False,1463,3,2,11,0.5333333333333333,0.2,0.06666666666666667,0.2,5,0.5714285714285714,3,0.4,16,0.5,0,52,completed,1
R002160,E0172,EV_036,2026-04-27,,completed,100,,5.0,hr,HR Business Partner,Senior,remote,ru,2018-08-27,meetup,offline,2,False,2800,1,0,6,0.6,0.2,0.1,0.1,0,0.5,0,0.5,166,0.6964285714285714,0,41,completed,1
R002161,E0033,EV_040,2026-04-28,,declined,0,,,manager,Data Analyst,Middle,office,kk,2025-09-23,workshop,offline,4,False,217,1,0,2,0.5,0.16666666666666666,0.16666666666666666,0.16666666666666666,0,0.5,1,0.6666666666666666,109,0.7027027027027027,0,7,declined,0
R002162,E0093,EV_036,2026-04-28,,completed,100,,,self,Customer Support Specialist,Middle,hybrid,kk,2022-08-31,meetup,offline,2,False,1336,4,3,11,0.6,0.13333333333333333,0.06666666666666667,0.2,4,0.6666666666666666,3,0.6,167,0.6982248520710059,0,5,completed,1
R002163,E0183,EV_040,2026-04-28,,declined,0,,,manager,Frontend Engineer,Middle,office,ru,2025-09-22,workshop,offline,4,False,218,1,0,2,0.5,0.16666666666666666,0.16666666666666666,0.16666666666666666,1,0.6666666666666666,2,0.75,109,0.7027027027027027,0,57,declined,0
R002164,E0029,EV_037,2026-04-29,,no_show,0,,,manager,Customer Support Specialist,Senior,hybrid,kk,2025-03-13,mentoring,online,12,False,412,2,1,7,0.6363636363636364,0.18181818181818182,0.09090909090909091,0.09090909090909091,6,0.75,1,0.3333333333333333,91,0.7311827956989247,0,58,no_show,0
R002165,E0031,EV_036,2026-04-29,,completed,100,,5.0,self,Customer Support Specialist,Middle,office,kk,2025-05-21,meetup,offline,2,False,343,1,0,4,0.625,0.125,0.125,0.125,0,0.5,0,0.5,168,0.7,0,34,completed,1
R002166,E0109,EV_036,2026-04-29,,declined,0,,,manager,Frontend Engineer,Middle,office,ru,2023-12-21,meetup,offline,2,False,860,1,0,6,0.5,0.2,0.2,0.1,2,0.5,0,0.5,168,0.7,0,58,declined,0
R002167,E0152,EV_039,2026-04-29,,completed,100,,,manager,Sales Manager,Junior,remote,kk,2025-12-16,workshop,online,3,False,134,1,0,0,0.25,0.25,0.25,0.25,0,0.5,0,0.5,79,0.7901234567901234,0,121,completed,1
R002168,E0166,EV_008,2026-04-29,,completed,100,,,self,Sales Manager,Senior,office,kk,2025-02-21,workshop,online,4,False,432,1,0,7,0.7272727272727273,0.09090909090909091,0.09090909090909091,0.09090909090909091,4,0.8333333333333334,3,0.8,89,0.8021978021978022,0,20,completed,1
R002169,E0036,EV_005,2026-04-30,,completed,100,99.0,4.0,self,Frontend Engineer,Junior,remote,ru,2025-06-30,course,online,16,False,304,1,0,2,0.3333333333333333,0.16666666666666666,0.3333333333333333,0.16666666666666666,1,0.6666666666666666,0,0.5,31,0.5151515151515151,0,59,completed,1
R002170,E0098,EV_040,2026-04-30,,completed,100,,,self,QA Engineer,Middle,hybrid,kk,2023-04-18,workshop,offline,4,False,1108,1,0,8,0.4166666666666667,0.4166666666666667,0.08333333333333333,0.08333333333333333,2,0.5,3,0.6,111,0.6902654867256637,0,59,completed,1
R002171,E0111,EV_036,2026-04-30,,completed,100,,4.0,self,QA Engineer,Middle,office,ru,2024-06-19,meetup,offline,2,False,680,1,0,8,0.75,0.08333333333333333,0.08333333333333333,0.08333333333333333,2,0.75,0,0.5,170,0.6976744186046512,0,27,completed,1
R002172,E0137,EV_005,2026-04-30,,completed,100,87.0,,self,Backend Engineer,Middle,remote,kk,2025-02-17,course,online,16,False,437,1,0,4,0.375,0.25,0.25,0.125,1,0.6666666666666666,0,0.5,31,0.5151515151515151,0,29,completed,1
R002173,E0001,EV_001,2026-05-01,2026-05-31,completed,100,88.0,,hr,Backend Engineer,Junior,office,kk,2026-04-28,compliance,self_paced,2,True,3,1,0,0,0.25,0.25,0.25,0.25,0,0.5,0,0.5,0,0.5,1,-1,not_training_eligible,
R002174,E0001,EV_002,2026-05-01,2026-05-31,completed,100,93.0,,hr,Backend Engineer,Junior,office,kk,2026-04-28,compliance,self_paced,2,True,3,1,0,0,0.25,0.25,0.25,0.25,0,0.5,0,0.5,0,0.5,1,-1,not_training_eligible,
R002175,E0001,EV_003,2026-05-01,2026-05-31,completed,100,70.0,,hr,Backend Engineer,Junior,office,kk,2026-04-28,compliance,self_paced,2,True,3,1,0,0,0.25,0.25,0.25,0.25,0,0.5,0,0.5,0,0.5,1,-1,not_training_eligible,
R002176,E0052,EV_036,2026-05-01,,completed,100,,,manager,HR Business Partner,Middle,office,kk,2025-01-13,meetup,offline,2,False,473,3,2,8,0.5833333333333334,0.16666666666666666,0.16666666666666666,0.08333333333333333,2,0.75,2,0.75,171,0.6994219653179191,0,30,completed,1
R002177,E0110,EV_001,2026-05-01,2026-05-31,completed,100,75.0,,hr,QA Engineer,Junior,office,kk,2026-04-28,compliance,self_paced,2,True,3,1,0,0,0.25,0.25,0.25,0.25,0,0.5,0,0.5,0,0.5,1,-1,not_training_eligible,
R002178,E0110,EV_002,2026-05-01,2026-05-31,overdue,40,,,hr,QA Engineer,Junior,office,kk,2026-04-28,compliance,self_paced,2,True,3,1,0,0,0.25,0.25,0.25,0.25,0,0.5,0,0.5,0,0.5,1,-1,not_training_eligible,
R002179,E0110,EV_003,2026-05-01,2026-05-31,completed,100,100.0,,hr,QA Engineer,Junior,office,kk,2026-04-28,compliance,self_paced,2,True,3,1,0,0,0.25,0.25,0.25,0.25,0,0.5,0,0.5,0,0.5,1,-1,not_training_eligible,
R002180,E0199,EV_023,2026-05-01,,completed,100,,4.0,manager,Data Analyst,Senior,hybrid,ru,2019-12-24,workshop,offline,6,False,2320,1,0,10,0.6428571428571429,0.07142857142857142,0.21428571428571427,0.07142857142857142,1,0.6666666666666666,2,0.5,25,0.7037037037037037,0,60,completed,1
R002181,E0022,EV_008,2026-05-05,,completed,100,,3.0,manager,Data Analyst,Junior,hybrid,kk,2025-12-23,workshop,online,4,False,133,2,1,2,0.3333333333333333,0.3333333333333333,0.16666666666666666,0.16666666666666666,1,0.3333333333333333,2,0.5,90,0.8043478260869565,0,32,completed,1
R002182,E0091,EV_018,2026-05-05,,dropped,70,,,self,QA Engineer,Senior,hybrid,kk,2024-05-28,course,online,24,False,707,2,1,7,0.6363636363636364,0.18181818181818182,0.09090909090909091,0.09090909090909091,4,0.6666666666666666,2,0.5,15,0.6470588235294118,0,64,dropped,0
R002183,E0004,EV_023,2026-05-06,,completed,100,,4.0,manager,Data Analyst,Middle,office,ru,2021-10-21,workshop,offline,6,False,1658,1,0,2,0.5,0.16666666666666666,0.16666666666666666,0.16666666666666666,1,0.6666666666666666,1,0.6666666666666666,26,0.7142857142857143,0,65,completed,1
R002184,E0086,EV_039,2026-05-06,,no_show,0,,,manager,Customer Support Specialist,Junior,office,kk,2025-05-26,workshop,online,3,False,345,2,1,5,0.5555555555555556,0.1111111111111111,0.1111111111111111,0.2222222222222222,4,0.6666666666666666,4,0.6666666666666666,80,0.7926829268292683,0,65,no_show,0
R002185,E0022,EV_040,2026-05-07,,completed,100,,3.0,self,Data Analyst,Junior,hybrid,kk,2025-12-23,workshop,offline,4,False,135,1,0,3,0.42857142857142855,0.2857142857142857,0.14285714285714285,0.14285714285714285,1,0.6666666666666666,3,0.6,112,0.6929824561403509,0,2,completed,1
R002186,E0053,EV_019,2026-05-07,,completed,100,,4.0,manager,QA Engineer,Junior,remote,kk,2024-05-28,workshop,offline,8,False,709,6,5,11,0.26666666666666666,0.13333333333333333,0.5333333333333333,0.06666666666666667,8,0.2,9,0.2727272727272727,25,0.4444444444444444,0,36,completed,1
R002187,E0065,EV_019,2026-05-07,,completed,100,,4.0,manager,QA Engineer,Middle,hybrid,en,2022-08-01,workshop,offline,8,False,1375,1,0,10,0.5714285714285714,0.14285714285714285,0.14285714285714285,0.14285714285714285,3,0.6,5,0.7142857142857143,25,0.4444444444444444,0,66,completed,1
R002188,E0189,EV_005,2026-05-08,,dropped,80,,,hr,QA Engineer,Senior,office,ru,2019-11-18,course,online,16,False,2363,1,0,10,0.6428571428571429,0.14285714285714285,0.14285714285714285,0.07142857142857142,6,0.625,2,0.75,33,0.5428571428571428,0,67,dropped,0
R002189,E0196,EV_005,2026-05-08,,completed,100,69.0,4.0,manager,Backend Engineer,Junior,hybrid,ru,2025-02-26,course,online,16,False,436,1,0,3,0.42857142857142855,0.14285714285714285,0.14285714285714285,0.2857142857142857,1,0.6666666666666666,1,0.3333333333333333,33,0.5428571428571428,0,67,completed,1
R002190,E0058,EV_005,2026-05-11,,completed,100,95.0,4.0,manager,Backend Engineer,Junior,office,ru,2026-03-30,course,online,16,False,42,1,0,0,0.25,0.25,0.25,0.25,0,0.5,0,0.5,35,0.5405405405405406,0,28,completed,1
R002191,E0183,EV_016,2026-05-11,,dropped,60,,,manager,Frontend Engineer,Middle,office,ru,2025-09-22,workshop,online,4,False,231,1,0,3,0.42857142857142855,0.14285714285714285,0.14285714285714285,0.2857142857142857,1,0.6666666666666666,3,0.6,25,0.7777777777777778,0,13,dropped,0
R002192,E0001,EV_004,2026-05-12,2026-05-28,completed,100,,5.0,hr,Backend Engineer,Junior,office,kk,2026-04-28,onboarding,offline,8,True,14,1,0,0,0.25,0.25,0.25,0.25,0,0.5,0,0.5,0,0.5,0,11,not_training_eligible,
R002193,E0010,EV_039,2026-05-12,,no_show,0,,,manager,Customer Support Specialist,Middle,remote,ru,2023-11-24,workshop,online,3,False,900,1,0,3,0.42857142857142855,0.2857142857142857,0.14285714285714285,0.14285714285714285,2,0.5,2,0.75,81,0.7831325301204819,0,71,no_show,0
R002194,E0037,EV_040,2026-05-13,,no_show,0,,,manager,Frontend Engineer,Junior,remote,ru,2024-11-11,workshop,offline,4,False,548,2,1,5,0.4444444444444444,0.1111111111111111,0.3333333333333333,0.1111111111111111,1,0.3333333333333333,3,0.6,113,0.6956521739130435,0,72,no_show,0
R002195,E0050,EV_011,2026-05-13,,completed,100,,5.0,self,Backend Engineer,Lead,hybrid,ru,2017-01-24,workshop,offline,6,False,3396,1,0,9,0.6153846153846154,0.07692307692307693,0.15384615384615385,0.15384615384615385,3,0.6,3,0.6,20,0.6363636363636364,0,72,completed,1
R002196,E0102,EV_036,2026-05-13,,completed,100,,,hr,Frontend Engineer,Junior,remote,ru,2024-05-30,meetup,offline,2,False,713,2,1,10,0.5,0.07142857142857142,0.2857142857142857,0.14285714285714285,2,0.5,1,0.6666666666666666,172,0.7011494252873564,0,42,completed,1
R002197,E0163,EV_036,2026-05-13,,completed,100,,,self,Sales Manager,Middle,office,ru,2022-05-25,meetup,offline,2,False,1449,4,3,7,0.5454545454545454,0.09090909090909091,0.09090909090909091,0.2727272727272727,4,0.5,3,0.4,172,0.7011494252873564,0,72,completed,1
R002198,E0102,EV_013,2026-05-14,,completed,100,98.0,,self,Frontend Engineer,Junior,remote,ru,2024-05-30,course,online,12,False,714,4,3,11,0.5333333333333333,0.06666666666666667,0.26666666666666666,0.13333333333333333,7,0.5555555555555556,5,0.42857142857142855,17,0.5263157894736842,0,1,completed,1
R002199,E0103,EV_005,2026-05-14,,completed,100,95.0,4.0,self,QA Engineer,Senior,remote,ru,2021-08-17,course,online,16,False,1731,1,0,6,0.5,0.1,0.3,0.1,5,0.7142857142857143,3,0.6,36,0.5526315789473685,0,64,completed,1
R002200,E0143,EV_036,2026-05-14,,completed,100,,,hr,Customer Support Specialist,Middle,office,kk,2023-08-15,meetup,offline,2,False,1003,2,1,5,0.3333333333333333,0.2222222222222222,0.3333333333333333,0.1111111111111111,2,0.25,1,0.3333333333333333,174,0.7045454545454546,0,73,completed,1
R002201,E0144,EV_036,2026-05-14,,completed,100,,5.0,self,Customer Support Specialist,Junior,office,ru,2024-09-16,meetup,offline,2,False,605,6,5,10,0.7857142857142857,0.07142857142857142,0.07142857142857142,0.07142857142857142,6,0.875,5,0.8571428571428571,174,0.7045454545454546,0,20,completed,1
R002202,E0151,EV_028,2026-05-14,,completed,100,,4.0,self,HR Business Partner,Junior,remote,ru,2025-09-11,workshop,online,4,False,245,1,0,4,0.5,0.125,0.25,0.125,3,0.8,3,0.8,10,0.6666666666666666,0,24,completed,1
R002203,E0019,EV_008,2026-05-15,,completed,100,,4.0,manager,Frontend Engineer,Junior,office,kk,2025-03-31,workshop,online,4,False,410,1,0,5,0.6666666666666666,0.1111111111111111,0.1111111111111111,0.1111111111111111,1,0.6666666666666666,1,0.6666666666666666,91,0.8064516129032258,0,32,completed,1
R002204,E0024,EV_004,2026-05-15,2026-05-24,completed,100,,5.0,hr,Customer Support Specialist,Junior,office,kk,2026-04-24,onboarding,offline,8,True,21,1,0,0,0.25,0.25,0.25,0.25,0,0.5,0,0.5,0,0.5,0,18,not_training_eligible,
R002205,E0092,EV_037,2026-05-15,,declined,0,,,manager,Backend Engineer,Middle,office,en,2024-10-11,mentoring,online,12,False,581,2,1,5,0.3333333333333333,0.3333333333333333,0.2222222222222222,0.1111111111111111,2,0.5,1,0.3333333333333333,92,0.723404255319149,0,39,declined,0
R002206,E0094,EV_036,2026-05-15,,completed,100,,4.0,self,Sales Manager,Senior,hybrid,ru,2022-01-12,meetup,offline,2,False,1584,1,0,5,0.5555555555555556,0.2222222222222222,0.1111111111111111,0.1111111111111111,0,0.5,0,0.5,176,0.7078651685393258,0,74,completed,1
R002207,E0190,EV_012,2026-05-15,,completed,100,95.0,5.0,self,Backend Engineer,Senior,office,kk,2023-11-30,course,self_paced,24,False,897,1,0,2,0.3333333333333333,0.3333333333333333,0.16666666666666666,0.16666666666666666,0,0.5,1,0.6666666666666666,27,0.5172413793103449,0,74,completed,1
R002208,E0200,EV_012,2026-05-15,,declined,0,,,manager,Backend Engineer,Junior,hybrid,ru,2025-07-14,course,self_paced,24,False,305,2,1,2,0.3333333333333333,0.3333333333333333,0.16666666666666666,0.16666666666666666,1,0.3333333333333333,1,0.3333333333333333,27,0.5172413793103449,0,74,declined,0
R002209,E0073,EV_020,2026-05-18,,dropped,85,,,hr,Data Analyst,Senior,office,ru,2022-08-29,course,self_paced,40,False,1358,3,2,9,0.38461538461538464,0.3076923076923077,0.15384615384615385,0.15384615384615385,2,0.25,4,0.5,17,0.5789473684210527,0,35,dropped,0
R002210,E0110,EV_004,2026-05-18,2026-05-28,completed,100,,,hr,QA Engineer,Junior,office,kk,2026-04-28,onboarding,offline,8,True,20,1,0,0,0.25,0.25,0.25,0.25,0,0.5,0,0.5,0,0.5,0,17,not_training_eligible,
R002211,E0130,EV_009,2026-05-18,,completed,100,80.0,5.0,hr,QA Engineer,Middle,hybrid,kk,2024-11-18,certification,self_paced,40,False,546,1,0,2,0.5,0.16666666666666666,0.16666666666666666,0.16666666666666666,0,0.5,0,0.5,43,0.6,0,77,completed,1
R002212,E0135,EV_001,2026-05-18,2026-06-17,completed,100,82.0,,hr,Backend Engineer,Junior,remote,kk,2026-05-14,compliance,self_paced,2,True,4,1,0,0,0.25,0.25,0.25,0.25,0,0.5,0,0.5,0,0.5,1,-1,not_training_eligible,
R002213,E0135,EV_002,2026-05-18,2026-06-17,completed,100,92.0,,hr,Backend Engineer,Junior,remote,kk,2026-05-14,compliance,self_paced,2,True,4,1,0,0,0.25,0.25,0.25,0.25,0,0.5,0,0.5,0,0.5,1,-1,not_training_eligible,
R002214,E0135,EV_003,2026-05-18,2026-06-17,completed,100,83.0,,hr,Backend Engineer,Junior,remote,kk,2026-05-14,compliance,self_paced,2,True,4,1,0,0,0.25,0.25,0.25,0.25,0,0.5,0,0.5,0,0.5,1,-1,not_training_eligible,
R002215,E0144,EV_036,2026-05-18,,completed,100,,,manager,Customer Support Specialist,Junior,office,ru,2024-09-16,meetup,offline,2,False,609,7,6,11,0.8,0.06666666666666667,0.06666666666666667,0.06666666666666667,7,0.8888888888888888,6,0.875,177,0.7094972067039106,0,4,completed,1
R002216,E0159,EV_001,2026-05-18,2026-06-17,overdue,0,,,hr,Sales Manager,Junior,hybrid,ru,2026-05-15,compliance,self_paced,2,True,3,1,0,0,0.25,0.25,0.25,0.25,0,0.5,0,0.5,0,0.5,1,-1,not_training_eligible,
R002217,E0159,EV_002,2026-05-18,2026-06-17,overdue,25,,,hr,Sales Manager,Junior,hybrid,ru,2026-05-15,compliance,self_paced,2,True,3,1,0,0,0.25,0.25,0.25,0.25,0,0.5,0,0.5,0,0.5,1,-1,not_training_eligible,
R002218,E0159,EV_003,2026-05-18,2026-06-17,completed,100,98.0,,hr,Sales Manager,Junior,hybrid,ru,2026-05-15,compliance,self_paced,2,True,3,1,0,0,0.25,0.25,0.25,0.25,0,0.5,0,0.5,0,0.5,1,-1,not_training_eligible,
R002219,E0164,EV_009,2026-05-18,,completed,100,86.0,5.0,self,Backend Engineer,Middle,hybrid,ru,2022-08-26,certification,self_paced,40,False,1361,1,0,10,0.6428571428571429,0.14285714285714285,0.14285714285714285,0.07142857142857142,1,0.6666666666666666,0,0.5,43,0.6,0,47,completed,1
R002220,E0159,EV_004,2026-05-20,2026-06-14,completed,100,,,hr,Sales Manager,Junior,hybrid,ru,2026-05-15,onboarding,offline,8,True,5,1,0,0,0.25,0.25,0.25,0.25,0,0.5,0,0.5,0,0.5,0,2,not_training_eligible,
R002221,E0063,EV_038,2026-05-21,,dropped,75,,2.0,self,QA Engineer,Lead,office,kk,2023-08-29,course,online,16,False,996,1,0,3,0.42857142857142855,0.2857142857142857,0.14285714285714285,0.14285714285714285,1,0.3333333333333333,0,0.5,59,0.7377049180327869,0,80,dropped,0
R002222,E0123,EV_013,2026-05-21,,no_show,0,,,self,Frontend Engineer,Senior,hybrid,kk,2021-04-15,course,online,12,False,1862,1,0,11,0.5333333333333333,0.13333333333333333,0.2,0.13333333333333333,5,0.42857142857142855,2,0.5,18,0.55,0,48,no_show,0
R002223,E0148,EV_036,2026-05-21,,completed,100,,3.0,self,Sales Manager,Lead,office,kk,2020-08-18,meetup,offline,2,False,2102,3,2,9,0.6923076923076923,0.07692307692307693,0.15384615384615385,0.07692307692307693,4,0.8333333333333334,2,0.75,178,0.7111111111111111,0,62,completed,1
R002224,E0170,EV_036,2026-05-21,,completed,100,,5.0,self,Frontend Engineer,Middle,hybrid,ru,2025-04-24,meetup,offline,2,False,392,2,1,8,0.3333333333333333,0.16666666666666666,0.25,0.25,2,0.5,1,0.3333333333333333,178,0.7111111111111111,0,77,completed,1
R002225,E0023,EV_036,2026-05-22,,completed,100,,5.0,manager,Backend Engineer,Junior,office,kk,2024-11-18,meetup,offline,2,False,550,3,2,10,0.7142857142857143,0.14285714285714285,0.07142857142857142,0.07142857142857142,6,0.75,2,0.75,180,0.7142857142857143,0,39,completed,1
R002226,E0105,EV_008,2026-05-22,,completed,100,,4.0,hr,HR Business Partner,Senior,office,kk,2024-04-22,workshop,online,4,False,760,1,0,9,0.6153846153846154,0.23076923076923078,0.07692307692307693,0.07692307692307693,9,0.7272727272727273,7,0.6666666666666666,92,0.8085106382978723,0,42,completed,1
R002227,E0126,EV_001,2026-05-22,2026-06-21,completed,100,74.0,,hr,QA Engineer,Junior,hybrid,kk,2026-05-19,compliance,self_paced,2,True,3,1,0,0,0.25,0.25,0.25,0.25,0,0.5,0,0.5,0,0.5,1,-1,not_training_eligible,
R002228,E0126,EV_002,2026-05-22,2026-06-21,completed,100,96.0,,hr,QA Engineer,Junior,hybrid,kk,2026-05-19,compliance,self_paced,2,True,3,1,0,0,0.25,0.25,0.25,0.25,0,0.5,0,0.5,0,0.5,1,-1,not_training_eligible,
R002229,E0126,EV_003,2026-05-22,2026-06-21,completed,100,86.0,,hr,QA Engineer,Junior,hybrid,kk,2026-05-19,compliance,self_paced,2,True,3,1,0,0,0.25,0.25,0.25,0.25,0,0.5,0,0.5,0,0.5,1,-1,not_training_eligible,
R002230,E0134,EV_036,2026-05-22,,no_show,0,,,hr,Product Manager,Middle,hybrid,ru,2023-05-01,meetup,offline,2,False,1117,2,1,4,0.25,0.25,0.375,0.125,2,0.25,1,0.3333333333333333,180,0.7142857142857143,0,81,no_show,0
R002231,E0155,EV_007,2026-05-22,,completed,100,,2.0,self,Backend Engineer,Middle,hybrid,kk,2023-06-19,mentoring,online,8,False,1068,3,2,4,0.25,0.375,0.25,0.125,3,0.2,2,0.25,17,0.5263157894736842,0,81,completed,1
R002232,E0192,EV_036,2026-05-22,,no_show,0,,,manager,Backend Engineer,Junior,hybrid,ru,2024-12-11,meetup,offline,2,False,527,2,1,8,0.5833333333333334,0.08333333333333333,0.16666666666666666,0.16666666666666666,5,0.5714285714285714,1,0.3333333333333333,180,0.7142857142857143,0,81,no_show,0
R002233,E0199,EV_021,2026-05-22,,dropped,35,,,manager,Data Analyst,Senior,hybrid,ru,2019-12-24,workshop,online,6,False,2341,2,1,11,0.6666666666666666,0.06666666666666667,0.2,0.06666666666666667,7,0.6666666666666666,3,0.6,14,0.625,0,21,dropped,0
R002234,E0134,EV_026,2026-05-25,,completed,100,,5.0,self,Product Manager,Middle,hybrid,ru,2023-05-01,workshop,offline,8,False,1120,1,0,5,0.2222222222222222,0.2222222222222222,0.4444444444444444,0.1111111111111111,3,0.2,3,0.4,15,0.8235294117647058,0,3,completed,1
R002235,E0095,EV_039,2026-05-26,,completed,100,,3.0,self,HR Business Partner,Middle,office,kk,2021-12-20,workshop,online,3,False,1618,1,0,10,0.42857142857142855,0.14285714285714285,0.2857142857142857,0.14285714285714285,9,0.45454545454545453,8,0.4,82,0.7738095238095238,0,49,completed,1
R002236,E0021,EV_008,2026-05-27,,completed,100,,,self,Customer Support Specialist,Middle,remote,ru,2024-09-12,workshop,online,4,False,622,1,0,8,0.5833333333333334,0.08333333333333333,0.25,0.08333333333333333,5,0.7142857142857143,4,0.6666666666666666,93,0.8105263157894737,0,55,completed,1
R002237,E0025,EV_039,2026-05-27,,declined,0,,,manager,Data Analyst,Junior,office,kk,2024-04-22,workshop,online,3,False,765,1,0,4,0.5,0.125,0.125,0.25,2,0.75,4,0.6666666666666666,83,0.7764705882352941,0,86,declined,0
R002238,E0031,EV_040,2026-05-27,,dropped,15,,1.0,self,Customer Support Specialist,Middle,office,kk,2025-05-21,workshop,offline,4,False,371,1,0,5,0.6666666666666666,0.1111111111111111,0.1111111111111111,0.1111111111111111,1,0.6666666666666666,2,0.75,114,0.6896551724137931,0,28,dropped,0
R002239,E0044,EV_009,2026-05-27,,completed,100,78.0,,manager,Frontend Engineer,Lead,office,kk,2022-10-17,certification,self_paced,40,False,1318,1,0,10,0.6428571428571429,0.07142857142857142,0.21428571428571427,0.07142857142857142,0,0.5,0,0.5,45,0.6170212765957447,0,49,completed,1
R002240,E0118,EV_037,2026-05-27,,completed,100,,5.0,manager,Frontend Engineer,Middle,hybrid,ru,2021-11-01,mentoring,online,12,False,1668,1,0,9,0.5384615384615384,0.23076923076923078,0.15384615384615385,0.07692307692307693,6,0.5,0,0.5,93,0.7157894736842105,0,64,completed,1
R002241,E0180,EV_036,2026-05-27,,completed,100,,2.0,self,Customer Support Specialist,Lead,hybrid,kk,2020-05-14,meetup,offline,2,False,2204,3,2,8,0.75,0.08333333333333333,0.08333333333333333,0.08333333333333333,3,0.8,2,0.75,183,0.7081081081081081,0,78,completed,1
R002242,E0056,EV_033,2026-05-28,,declined,0,,,manager,Sales Manager,Middle,office,ru,2022-07-18,course,online,10,False,1410,2,1,4,0.5,0.125,0.25,0.125,3,0.6,1,0.3333333333333333,13,0.7333333333333333,0,87,declined,0
R002243,E0088,EV_008,2026-05-28,,completed,100,,,self,Backend Engineer,Senior,remote,kk,2019-04-22,workshop,online,4,False,2593,1,0,6,0.7,0.1,0.1,0.1,5,0.8571428571428571,1,0.6666666666666666,94,0.8125,0,43,completed,1
R002244,E0109,EV_011,2026-05-28,,completed,100,,5.0,self,Frontend Engineer,Middle,office,ru,2023-12-21,workshop,offline,6,False,889,1,0,7,0.45454545454545453,0.18181818181818182,0.18181818181818182,0.18181818181818182,3,0.4,4,0.6666666666666666,21,0.6521739130434783,0,29,completed,1
R002245,E0126,EV_004,2026-05-28,2026-06-18,completed,100,,5.0,hr,QA Engineer,Junior,hybrid,kk,2026-05-19,onboarding,offline,8,True,9,1,0,0,0.25,0.25,0.25,0.25,0,0.5,0,0.5,0,0.5,0,6,not_training_eligible,
R002246,E0153,EV_036,2026-05-28,,completed,100,,3.0,self,Sales Manager,Middle,office,ru,2022-10-17,meetup,offline,2,False,1319,5,4,10,0.7142857142857143,0.07142857142857142,0.14285714285714285,0.07142857142857142,6,0.75,4,0.6666666666666666,184,0.7096774193548387,0,41,completed,1
R002247,E0161,EV_032,2026-05-28,,no_show,0,,,manager,Sales Manager,Senior,remote,ru,2024-05-15,workshop,offline,8,False,743,1,0,3,0.2857142857142857,0.2857142857142857,0.2857142857142857,0.14285714285714285,1,0.6666666666666666,1,0.3333333333333333,24,0.7692307692307693,0,87,no_show,0
R002248,E0166,EV_037,2026-05-28,,completed,100,,,self,Sales Manager,Senior,office,kk,2025-02-21,mentoring,online,12,False,461,1,0,8,0.75,0.08333333333333333,0.08333333333333333,0.08333333333333333,5,0.8571428571428571,0,0.5,94,0.71875,0,29,completed,1
R002249,E0078,EV_035,2026-05-29,,completed,100,84.0,2.0,self,Customer Support Specialist,Junior,hybrid,kk,2024-11-11,course,online,16,False,564,1,0,2,0.5,0.16666666666666666,0.16666666666666666,0.16666666666666666,2,0.75,0,0.5,24,0.7307692307692307,0,50,completed,1
R002250,E0188,EV_022,2026-05-29,,declined,0,,,manager,Data Analyst,Junior,hybrid,ru,2025-05-21,course,online,12,False,373,1,0,3,0.5714285714285714,0.14285714285714285,0.14285714285714285,0.14285714285714285,2,0.75,1,0.6666666666666666,13,0.7333333333333333,0,88,declined,0
R002251,E0002,EV_003,2026-06-01,2026-07-01,completed,100,75.0,,hr,Backend Engineer,Middle,remote,ru,2023-04-25,compliance,self_paced,2,True,1133,2,1,7,0.45454545454545453,0.36363636363636365,0.09090909090909091,0.09090909090909091,2,0.75,0,0.5,0,0.5,0,60,not_training_eligible,
R002252,E0003,EV_003,2026-06-01,2026-07-01,completed,100,98.0,,hr,Customer Support Specialist,Senior,hybrid,kk,2019-09-16,compliance,self_paced,2,True,2450,2,1,5,0.6666666666666666,0.1111111111111111,0.1111111111111111,0.1111111111111111,0,0.5,0,0.5,0,0.5,0,62,not_training_eligible,
R002253,E0004,EV_003,2026-06-01,2026-07-01,completed,100,97.0,,hr,Data Analyst,Middle,office,ru,2021-10-21,compliance,self_paced,2,True,1684,2,1,3,0.5714285714285714,0.14285714285714285,0.14285714285714285,0.14285714285714285,1,0.6666666666666666,0,0.5,0,0.5,0,26,not_training_eligible,
R002254,E0005,EV_003,2026-06-01,2026-07-01,completed,100,98.0,,hr,Backend Engineer,Middle,hybrid,kk,2024-06-12,compliance,self_paced,2,True,719,2,1,13,0.5294117647058824,0.11764705882352941,0.17647058823529413,0.17647058823529413,3,0.6,0,0.5,0,0.5,0,45,not_training_eligible,
R002255,E0006,EV_003,2026-06-01,2026-07-01,completed,100,97.0,,hr,Frontend Engineer,Lead,office,kk,2018-01-16,compliance,self_paced,2,True,3058,2,1,12,0.5,0.125,0.1875,0.1875,2,0.75,0,0.5,0,0.5,0,42,not_training_eligible,
R002256,E0007,EV_003,2026-06-01,2026-07-01,completed,100,94.0,,hr,Backend Engineer,Senior,office,kk,2018-10-26,compliance,self_paced,2,True,2775,2,1,8,0.5833333333333334,0.08333333333333333,0.16666666666666666,0.16666666666666666,2,0.75,0,0.5,0,0.5,0,91,not_training_eligible,
R002257,E0008,EV_003,2026-06-01,2026-07-01,overdue,0,,,hr,Frontend Engineer,Senior,remote,en,2024-11-11,compliance,self_paced,2,True,567,3,2,10,0.35714285714285715,0.14285714285714285,0.35714285714285715,0.14285714285714285,1,0.3333333333333333,0,0.5,0,0.5,0,91,not_training_eligible,
R002258,E0009,EV_003,2026-06-01,2026-07-01,completed,100,89.0,,hr,Customer Support Specialist,Junior,remote,en,2025-11-27,compliance,self_paced,2,True,186,2,1,2,0.3333333333333333,0.16666666666666666,0.16666666666666666,0.3333333333333333,0,0.5,0,0.5,0,0.5,0,74,not_training_eligible,
R002259,E0010,EV_003,2026-06-01,2026-07-01,completed,100,100.0,,hr,Customer Support Specialist,Middle,remote,ru,2023-11-24,compliance,self_paced,2,True,920,2,1,4,0.375,0.25,0.25,0.125,0,0.5,0,0.5,0,0.5,0,20,not_training_eligible,
R002260,E0011,EV_003,2026-06-01,2026-07-01,completed,100,92.0,,hr,Data Analyst,Senior,office,kk,2021-01-11,compliance,self_paced,2,True,1967,2,1,11,0.6,0.13333333333333333,0.2,0.06666666666666667,2,0.5,0,0.5,0,0.5,0,91,not_training_eligible,
R002261,E0012,EV_003,2026-06-01,2026-07-01,completed,100,70.0,,hr,Sales Manager,Middle,hybrid,ru,2022-01-19,compliance,self_paced,2,True,1594,2,1,4,0.625,0.125,0.125,0.125,0,0.5,0,0.5,0,0.5,0,91,not_training_eligible,
R002262,E0013,EV_003,2026-06-01,2026-07-01,completed,100,98.0,,hr,Backend Engineer,Senior,office,ru,2020-12-28,compliance,self_paced,2,True,1981,2,1,9,0.6153846153846154,0.07692307692307693,0.15384615384615385,0.15384615384615385,2,0.5,0,0.5,0,0.5,0,69,not_training_eligible,
R002263,E0014,EV_003,2026-06-01,2026-07-01,completed,100,91.0,,hr,HR Business Partner,Lead,office,en,2019-10-02,compliance,self_paced,2,True,2434,2,1,4,0.5,0.25,0.125,0.125,1,0.3333333333333333,0,0.5,0,0.5,0,91,not_training_eligible,
R002264,E0014,EV_036,2026-06-01,,completed,100,,,self,HR Business Partner,Lead,office,en,2019-10-02,meetup,offline,2,False,2434,1,0,4,0.5,0.25,0.125,0.125,0,0.5,0,0.5,185,0.7112299465240641,0,91,completed,1
R002265,E0015,EV_003,2026-06-01,2026-07-01,completed,100,94.0,,hr,Frontend Engineer,Middle,office,ru,2024-03-20,compliance,self_paced,2,True,803,2,1,5,0.5555555555555556,0.1111111111111111,0.2222222222222222,0.1111111111111111,1,0.6666666666666666,0,0.5,0,0.5,0,91,not_training_eligible,
R002266,E0016,EV_003,2026-06-01,2026-07-01,completed,100,85.0,,hr,Backend Engineer,Junior,office,ru,2025-12-23,compliance,self_paced,2,True,160,2,1,0,0.25,0.25,0.25,0.25,0,0.5,0,0.5,0,0.5,0,140,not_training_eligible,
R002267,E0017,EV_003,2026-06-01,2026-07-01,completed,100,93.0,,hr,Product Manager,Senior,office,ru,2019-02-26,compliance,self_paced,2,True,2652,2,1,13,0.7647058823529411,0.11764705882352941,0.058823529411764705,0.058823529411764705,1,0.6666666666666666,0,0.5,0,0.5,0,62,not_training_eligible,
R002268,E0018,EV_003,2026-06-01,2026-07-01,completed,100,100.0,,hr,Customer Support Specialist,Junior,remote,en,2024-03-26,compliance,self_paced,2,True,797,2,1,6,0.6,0.1,0.1,0.2,0,0.5,0,0.5,0,0.5,0,91,not_training_eligible,
R002269,E0019,EV_003,2026-06-01,2026-07-01,completed,100,71.0,,hr,Frontend Engineer,Junior,office,kk,2025-03-31,compliance,self_paced,2,True,427,2,1,6,0.7,0.1,0.1,0.1,0,0.5,0,0.5,0,0.5,0,17,not_training_eligible,
R002270,E0020,EV_003,2026-06-01,2026-07-01,overdue,10,,,hr,Product Manager,Junior,remote,ru,2024-05-22,compliance,self_paced,2,True,740,2,1,4,0.5,0.125,0.25,0.125,0,0.5,0,0.5,0,0.5,0,91,not_training_eligible,
R002271,E0021,EV_003,2026-06-01,2026-07-01,completed,100,98.0,,hr,Customer Support Specialist,Middle,remote,ru,2024-09-12,compliance,self_paced,2,True,627,2,1,9,0.6153846153846154,0.07692307692307693,0.23076923076923078,0.07692307692307693,0,0.5,0,0.5,0,0.5,0,5,not_training_eligible,
R002272,E0022,EV_003,2026-06-01,2026-07-01,completed,100,75.0,,hr,Data Analyst,Junior,hybrid,kk,2025-12-23,compliance,self_paced,2,True,160,2,1,4,0.5,0.25,0.125,0.125,0,0.5,0,0.5,0,0.5,0,25,not_training_eligible,
R002273,E0023,EV_003,2026-06-01,2026-07-01,completed,100,80.0,,hr,Backend Engineer,Junior,office,kk,2024-11-18,compliance,self_paced,2,True,560,3,2,11,0.7333333333333333,0.13333333333333333,0.06666666666666667,0.06666666666666667,1,0.6666666666666666,0,0.5,0,0.5,0,10,not_training_eligible,
R002274,E0025,EV_003,2026-06-01,2026-07-01,completed,100,88.0,,hr,Data Analyst,Junior,office,kk,2024-04-22,compliance,self_paced,2,True,770,2,1,5,0.4444444444444444,0.1111111111111111,0.1111111111111111,0.3333333333333333,0,0.5,0,0.5,0,0.5,0,5,not_training_eligible,
R002275,E0026,EV_003,2026-06-01,2026-07-01,completed,100,80.0,,hr,Backend Engineer,Senior,hybrid,kk,2022-04-25,compliance,self_paced,2,True,1498,2,1,12,0.5625,0.1875,0.0625,0.1875,3,0.4,0,0.5,0,0.5,0,35,not_training_eligible,
R002276,E0027,EV_003,2026-06-01,2026-07-01,completed,100,76.0,,hr,HR Business Partner,Middle,remote,ru,2025-03-18,compliance,self_paced,2,True,440,2,1,6,0.6,0.2,0.1,0.1,1,0.6666666666666666,0,0.5,0,0.5,0,77,not_training_eligible,
R002277,E0028,EV_003,2026-06-01,2026-07-01,completed,100,84.0,,hr,Backend Engineer,Middle,hybrid,kk,2022-05-23,compliance,self_paced,2,True,1470,2,1,8,0.4166666666666667,0.3333333333333333,0.16666666666666666,0.08333333333333333,3,0.4,0,0.5,0,0.5,0,54,not_training_eligible,
R002278,E0029,EV_003,2026-06-01,2026-07-01,completed,100,89.0,,hr,Customer Support Specialist,Senior,hybrid,kk,2025-03-13,compliance,self_paced,2,True,445,2,1,8,0.5833333333333334,0.16666666666666666,0.16666666666666666,0.08333333333333333,0,0.5,0,0.5,0,0.5,0,33,not_training_eligible,
R002279,E0030,EV_003,2026-06-01,2026-07-01,completed,100,99.0,,hr,Customer Support Specialist,Middle,office,ru,2024-12-12,compliance,self_paced,2,True,536,3,2,3,0.5714285714285714,0.14285714285714285,0.14285714285714285,0.14285714285714285,0,0.5,0,0.5,0,0.5,0,54,not_training_eligible,
R002280,E0031,EV_003,2026-06-01,2026-07-01,completed,100,88.0,,hr,Customer Support Specialist,Middle,office,kk,2025-05-21,compliance,self_paced,2,True,376,2,1,6,0.6,0.2,0.1,0.1,0,0.5,0,0.5,0,0.5,0,5,not_training_eligible,
R002281,E0032,EV_003,2026-06-01,2026-07-01,completed,100,96.0,,hr,Data Analyst,Junior,hybrid,kk,2024-07-18,compliance,self_paced,2,True,683,2,1,5,0.4444444444444444,0.2222222222222222,0.2222222222222222,0.1111111111111111,2,0.5,0,0.5,0,0.5,0,91,not_training_eligible,
R002282,E0033,EV_003,2026-06-01,2026-07-01,completed,100,80.0,,hr,Data Analyst,Middle,office,kk,2025-09-23,compliance,self_paced,2,True,251,2,1,3,0.42857142857142855,0.14285714285714285,0.14285714285714285,0.2857142857142857,1,0.6666666666666666,0,0.5,0,0.5,0,34,not_training_eligible,
R002283,E0034,EV_003,2026-06-01,2026-07-01,completed,100,80.0,,hr,Data Analyst,Junior,office,kk,2025-08-01,compliance,self_paced,2,True,304,2,1,3,0.5714285714285714,0.14285714285714285,0.14285714285714285,0.14285714285714285,1,0.6666666666666666,0,0.5,0,0.5,0,41,not_training_eligible,
R002284,E0035,EV_003,2026-06-01,2026-07-01,completed,100,96.0,,hr,Customer Support Specialist,Lead,hybrid,ru,2021-08-26,compliance,self_paced,2,True,1740,2,1,10,0.5714285714285714,0.07142857142857142,0.21428571428571427,0.14285714285714285,0,0.5,0,0.5,0,0.5,0,76,not_training_eligible,
R002285,E0036,EV_003,2026-06-01,2026-07-01,completed,100,71.0,,hr,Frontend Engineer,Junior,remote,ru,2025-06-30,compliance,self_paced,2,True,336,2,1,3,0.42857142857142855,0.14285714285714285,0.2857142857142857,0.14285714285714285,0,0.5,0,0.5,0,0.5,0,32,not_training_eligible,
R002286,E0037,EV_003,2026-06-01,2026-07-01,completed,100,99.0,,hr,Frontend Engineer,Junior,remote,ru,2024-11-11,compliance,self_paced,2,True,567,3,2,6,0.4,0.1,0.4,0.1,0,0.5,0,0.5,0,0.5,0,19,not_training_eligible,
R002287,E0038,EV_003,2026-06-01,2026-07-01,completed,100,88.0,,hr,Product Manager,Senior,hybrid,kk,2022-06-24,compliance,self_paced,2,True,1438,2,1,5,0.5555555555555556,0.1111111111111111,0.1111111111111111,0.2222222222222222,0,0.5,0,0.5,0,0.5,0,80,not_training_eligible,
R002288,E0039,EV_003,2026-06-01,2026-07-01,completed,100,89.0,,hr,Data Analyst,Middle,hybrid,ru,2022-08-29,compliance,self_paced,2,True,1372,2,1,3,0.2857142857142857,0.14285714285714285,0.42857142857142855,0.14285714285714285,0,0.5,0,0.5,0,0.5,0,91,not_training_eligible,
R002289,E0040,EV_003,2026-06-01,2026-07-01,completed,100,91.0,,hr,Backend Engineer,Junior,office,ru,2025-06-13,compliance,self_paced,2,True,353,2,1,4,0.5,0.125,0.25,0.125,1,0.6666666666666666,0,0.5,0,0.5,0,82,not_training_eligible,
R002290,E0041,EV_003,2026-06-01,2026-07-01,completed,100,89.0,,hr,Product Manager,Senior,office,kk,2023-09-22,compliance,self_paced,2,True,983,2,1,10,0.5714285714285714,0.14285714285714285,0.14285714285714285,0.14285714285714285,2,0.5,0,0.5,0,0.5,0,42,not_training_eligible,
R002291,E0042,EV_003,2026-06-01,2026-07-01,completed,100,99.0,,hr,Frontend Engineer,Junior,hybrid,ru,2024-08-21,compliance,self_paced,2,True,649,2,1,7,0.5454545454545454,0.18181818181818182,0.18181818181818182,0.09090909090909091,1,0.6666666666666666,0,0.5,0,0.5,0,38,not_training_eligible,
R002292,E0043,EV_003,2026-06-01,2026-07-01,completed,100,95.0,,hr,Frontend Engineer,Senior,hybrid,ru,2021-08-13,compliance,self_paced,2,True,1753,2,1,9,0.7692307692307693,0.07692307692307693,0.07692307692307693,0.07692307692307693,2,0.75,0,0.5,0,0.5,0,91,not_training_eligible,
R002293,E0044,EV_003,2026-06-01,2026-07-01,completed,100,73.0,,hr,Frontend Engineer,Lead,office,kk,2022-10-17,compliance,self_paced,2,True,1323,2,1,11,0.6666666666666666,0.06666666666666667,0.2,0.06666666666666667,1,0.6666666666666666,0,0.5,0,0.5,0,5,not_training_eligible,
R002294,E0045,EV_003,2026-06-01,2026-07-01,overdue,60,,,hr,Sales Manager,Junior,office,kk,2025-03-28,compliance,self_paced,2,True,430,2,1,4,0.5,0.125,0.25,0.125,0,0.5,0,0.5,0,0.5,0,63,not_training_eligible,
R002295,E0046,EV_003,2026-06-01,2026-07-01,completed,100,86.0,,hr,Sales Manager,Middle,hybrid,ru,2024-02-26,compliance,self_paced,2,True,826,2,1,12,0.625,0.1875,0.125,0.0625,0,0.5,0,0.5,0,0.5,0,91,not_training_eligible,
R002296,E0047,EV_003,2026-06-01,2026-07-01,completed,100,80.0,,hr,Backend Engineer,Middle,office,ru,2022-12-22,compliance,self_paced,2,True,1257,2,1,15,0.47368421052631576,0.2631578947368421,0.15789473684210525,0.10526315789473684,2,0.75,0,0.5,0,0.5,0,45,not_training_eligible,
R002297,E0048,EV_003,2026-06-01,2026-07-01,completed,100,80.0,,hr,Data Analyst,Middle,hybrid,kk,2024-11-22,compliance,self_paced,2,True,556,3,2,6,0.5,0.2,0.1,0.2,2,0.5,0,0.5,0,0.5,0,91,not_training_eligible,
R002298,E0049,EV_003,2026-06-01,2026-07-01,overdue,40,,,hr,Sales Manager,Junior,hybrid,kk,2025-11-03,compliance,self_paced,2,True,210,2,1,2,0.5,0.16666666666666666,0.16666666666666666,0.16666666666666666,0,0.5,0,0.5,0,0.5,0,117,not_training_eligible,
R002299,E0050,EV_003,2026-06-01,2026-07-01,overdue,25,,,hr,Backend Engineer,Lead,hybrid,ru,2017-01-24,compliance,self_paced,2,True,3415,2,1,10,0.6428571428571429,0.07142857142857142,0.14285714285714285,0.14285714285714285,1,0.6666666666666666,0,0.5,0,0.5,0,19,not_training_eligible,
R002300,E0051,EV_003,2026-06-01,2026-07-01,completed,100,99.0,,hr,Sales Manager,Senior,office,kk,2023-01-30,compliance,self_paced,2,True,1218,2,1,11,0.4666666666666667,0.13333333333333333,0.2,0.2,0,0.5,0,0.5,0,0.5,0,90,not_training_eligible,
R002301,E0052,EV_003,2026-06-01,2026-07-01,completed,100,88.0,,hr,HR Business Partner,Middle,office,kk,2025-01-13,compliance,self_paced,2,True,504,3,2,9,0.6153846153846154,0.15384615384615385,0.15384615384615385,0.07692307692307693,0,0.5,0,0.5,0,0.5,0,31,not_training_eligible,
R002302,E0053,EV_003,2026-06-01,2026-07-01,completed,100,91.0,,hr,QA Engineer,Junior,remote,kk,2024-05-28,compliance,self_paced,2,True,734,2,1,12,0.3125,0.125,0.5,0.0625,0,0.5,0,0.5,0,0.5,0,25,not_training_eligible,
R002303,E0054,EV_003,2026-06-01,2026-07-01,completed,100,77.0,,hr,Data Analyst,Senior,hybrid,kk,2022-11-30,compliance,self_paced,2,True,1279,2,1,9,0.46153846153846156,0.15384615384615385,0.23076923076923078,0.15384615384615385,2,0.5,0,0.5,0,0.5,0,69,not_training_eligible,
R002304,E0055,EV_003,2026-06-01,2026-07-01,completed,100,95.0,,hr,Product Manager,Lead,hybrid,en,2023-02-22,compliance,self_paced,2,True,1195,2,1,10,0.7142857142857143,0.07142857142857142,0.14285714285714285,0.07142857142857142,0,0.5,0,0.5,0,0.5,0,84,not_training_eligible,
R002305,E0056,EV_003,2026-06-01,2026-07-01,completed,100,75.0,,hr,Sales Manager,Middle,office,ru,2022-07-18,compliance,self_paced,2,True,1414,2,1,5,0.4444444444444444,0.1111111111111111,0.2222222222222222,0.2222222222222222,0,0.5,0,0.5,0,0.5,0,4,not_training_eligible,
R002306,E0057,EV_003,2026-06-01,2026-07-01,overdue,10,,,hr,Sales Manager,Senior,hybrid,kk,2023-10-19,compliance,self_paced,2,True,956,2,1,9,0.6153846153846154,0.07692307692307693,0.15384615384615385,0.15384615384615385,0,0.5,0,0.5,0,0.5,0,63,not_training_eligible,
R002307,E0059,EV_003,2026-06-01,2026-07-01,overdue,10,,,hr,Sales Manager,Middle,remote,ru,2023-06-28,compliance,self_paced,2,True,1069,2,1,12,0.4375,0.125,0.375,0.0625,0,0.5,0,0.5,0,0.5,0,91,not_training_eligible,
R002308,E0060,EV_003,2026-06-01,2026-07-01,completed,100,92.0,,hr,Product Manager,Lead,office,kk,2021-10-18,compliance,self_paced,2,True,1687,2,1,6,0.6,0.1,0.1,0.2,0,0.5,0,0.5,0,0.5,0,60,not_training_eligible,
R002309,E0061,EV_003,2026-06-01,2026-07-01,completed,100,93.0,,hr,Data Analyst,Lead,remote,kk,2023-07-17,compliance,self_paced,2,True,1050,2,1,5,0.3333333333333333,0.1111111111111111,0.3333333333333333,0.2222222222222222,2,0.5,0,0.5,0,0.5,0,83,not_training_eligible,
R002310,E0062,EV_003,2026-06-01,2026-07-01,overdue,0,,,hr,Sales Manager,Middle,office,ru,2022-06-22,compliance,self_paced,2,True,1440,2,1,8,0.6666666666666666,0.08333333333333333,0.16666666666666666,0.08333333333333333,0,0.5,0,0.5,0,0.5,0,91,not_training_eligible,
R002311,E0063,EV_003,2026-06-01,2026-07-01,completed,100,90.0,,hr,QA Engineer,Lead,office,kk,2023-08-29,compliance,self_paced,2,True,1007,2,1,4,0.375,0.375,0.125,0.125,0,0.5,0,0.5,0,0.5,0,11,not_training_eligible,
R002312,E0064,EV_003,2026-06-01,2026-07-01,completed,100,88.0,,hr,Backend Engineer,Senior,office,ru,2021-10-20,compliance,self_paced,2,True,1685,2,1,4,0.375,0.25,0.25,0.125,0,0.5,0,0.5,0,0.5,0,75,not_training_eligible,
R002313,E0065,EV_003,2026-06-01,2026-07-01,completed,100,89.0,,hr,QA Engineer,Middle,hybrid,en,2022-08-01,compliance,self_paced,2,True,1400,2,1,11,0.6,0.13333333333333333,0.13333333333333333,0.13333333333333333,2,0.5,0,0.5,0,0.5,0,25,not_training_eligible,
R002314,E0066,EV_003,2026-06-01,2026-07-01,completed,100,86.0,,hr,QA Engineer,Middle,office,en,2024-05-14,compliance,self_paced,2,True,748,2,1,3,0.42857142857142855,0.14285714285714285,0.2857142857142857,0.14285714285714285,0,0.5,0,0.5,0,0.5,0,91,not_training_eligible,
R002315,E0067,EV_003,2026-06-01,2026-07-01,overdue,25,,,hr,Frontend Engineer,Middle,hybrid,ru,2024-10-16,compliance,self_paced,2,True,593,3,2,8,0.75,0.08333333333333333,0.08333333333333333,0.08333333333333333,2,0.75,0,0.5,0,0.5,0,91,not_training_eligible,
R002316,E0068,EV_003,2026-06-01,2026-07-01,overdue,60,,,hr,Frontend Engineer,Middle,hybrid,kk,2025-06-02,compliance,self_paced,2,True,364,2,1,7,0.45454545454545453,0.09090909090909091,0.36363636363636365,0.09090909090909091,1,0.6666666666666666,0,0.5,0,0.5,0,60,not_training_eligible,
R002317,E0069,EV_003,2026-06-01,2026-07-01,completed,100,70.0,,hr,Backend Engineer,Middle,hybrid,en,2023-09-20,compliance,self_paced,2,True,985,2,1,4,0.25,0.375,0.25,0.125,1,0.3333333333333333,0,0.5,0,0.5,0,91,not_training_eligible,
R002318,E0070,EV_003,2026-06-01,2026-07-01,completed,100,79.0,,hr,Customer Support Specialist,Senior,hybrid,kk,2022-11-30,compliance,self_paced,2,True,1279,2,1,5,0.5555555555555556,0.1111111111111111,0.1111111111111111,0.2222222222222222,0,0.5,0,0.5,0,0.5,0,91,not_training_eligible,
R002319,E0071,EV_003,2026-06-01,2026-07-01,overdue,10,,,hr,Product Manager,Middle,office,kk,2022-11-14,compliance,self_paced,2,True,1295,2,1,8,0.6666666666666666,0.16666666666666666,0.08333333333333333,0.08333333333333333,0,0.5,0,0.5,0,0.5,0,82,not_training_eligible,
R002320,E0072,EV_003,2026-06-01,2026-07-01,completed,100,83.0,,hr,QA Engineer,Middle,office,ru,2024-04-15,compliance,self_paced,2,True,777,2,1,3,0.14285714285714285,0.42857142857142855,0.14285714285714285,0.2857142857142857,0,0.5,0,0.5,0,0.5,0,70,not_training_eligible,
R002321,E0073,EV_003,2026-06-01,2026-07-01,completed,100,89.0,,hr,Data Analyst,Senior,office,ru,2022-08-29,compliance,self_paced,2,True,1372,2,1,10,0.35714285714285715,0.35714285714285715,0.14285714285714285,0.14285714285714285,3,0.2,0,0.5,0,0.5,0,14,not_training_eligible,
R002322,E0074,EV_003,2026-06-01,2026-07-01,overdue,0,,,hr,Product Manager,Middle,office,kk,2022-04-20,compliance,self_paced,2,True,1503,2,1,4,0.5,0.125,0.125,0.25,1,0.6666666666666666,0,0.5,0,0.5,0,91,not_training_eligible,
R002323,E0075,EV_003,2026-06-01,2026-07-01,overdue,40,,,hr,Frontend Engineer,Senior,office,kk,2018-10-22,compliance,self_paced,2,True,2779,2,1,10,0.6428571428571429,0.14285714285714285,0.14285714285714285,0.07142857142857142,1,0.6666666666666666,0,0.5,0,0.5,0,91,not_training_eligible,
R002324,E0077,EV_003,2026-06-01,2026-07-01,completed,100,93.0,,hr,HR Business Partner,Junior,office,ru,2025-09-15,compliance,self_paced,2,True,259,2,1,2,0.5,0.16666666666666666,0.16666666666666666,0.16666666666666666,0,0.5,0,0.5,0,0.5,0,91,not_training_eligible,
R002325,E0078,EV_003,2026-06-01,2026-07-01,completed,100,85.0,,hr,Customer Support Specialist,Junior,hybrid,kk,2024-11-11,compliance,self_paced,2,True,567,3,2,3,0.5714285714285714,0.14285714285714285,0.14285714285714285,0.14285714285714285,0,0.5,0,0.5,0,0.5,0,3,not_training_eligible,
R002326,E0079,EV_003,2026-06-01,2026-07-01,overdue,0,,,hr,Sales Manager,Junior,office,ru,2024-10-14,compliance,self_paced,2,True,595,3,2,9,0.7692307692307693,0.07692307692307693,0.07692307692307693,0.07692307692307693,0,0.5,0,0.5,0,0.5,0,91,not_training_eligible,
R002327,E0080,EV_003,2026-06-01,2026-07-01,completed,100,87.0,,hr,Data Analyst,Senior,hybrid,ru,2018-08-15,compliance,self_paced,2,True,2847,2,1,10,0.35714285714285715,0.35714285714285715,0.14285714285714285,0.14285714285714285,5,0.14285714285714285,0,0.5,0,0.5,0,91,not_training_eligible,
R002328,E0081,EV_003,2026-06-01,2026-07-01,completed,100,92.0,,hr,Customer Support Specialist,Middle,hybrid,kk,2023-12-29,compliance,self_paced,2,True,885,2,1,7,0.45454545454545453,0.2727272727272727,0.18181818181818182,0.09090909090909091,0,0.5,0,0.5,0,0.5,0,40,not_training_eligible,
R002329,E0082,EV_003,2026-06-01,2026-07-01,completed,100,87.0,,hr,Frontend Engineer,Middle,office,ru,2025-03-27,compliance,self_paced,2,True,431,2,1,2,0.3333333333333333,0.16666666666666666,0.3333333333333333,0.16666666666666666,1,0.6666666666666666,0,0.5,0,0.5,0,91,not_training_eligible,
R002330,E0083,EV_003,2026-06-01,2026-07-01,completed,100,74.0,,hr,Customer Support Specialist,Senior,hybrid,ru,2025-01-30,compliance,self_paced,2,True,487,2,1,4,0.5,0.25,0.125,0.125,0,0.5,0,0.5,0,0.5,0,91,not_training_eligible,
R002331,E0085,EV_003,2026-06-01,2026-07-01,completed,100,92.0,,hr,Data Analyst,Lead,hybrid,ru,2018-05-23,compliance,self_paced,2,True,2931,2,1,9,0.6153846153846154,0.23076923076923078,0.07692307692307693,0.07692307692307693,2,0.25,0,0.5,0,0.5,0,49,not_training_eligible,
R002332,E0086,EV_003,2026-06-01,2026-07-01,completed,100,91.0,,hr,Customer Support Specialist,Junior,office,kk,2025-05-26,compliance,self_paced,2,True,371,2,1,6,0.5,0.1,0.2,0.2,0,0.5,0,0.5,0,0.5,0,26,not_training_eligible,
R002333,E0087,EV_003,2026-06-01,2026-07-01,completed,100,74.0,,hr,Backend Engineer,Middle,office,ru,2025-04-15,compliance,self_paced,2,True,412,2,1,2,0.3333333333333333,0.3333333333333333,0.16666666666666666,0.16666666666666666,1,0.6666666666666666,0,0.5,0,0.5,0,62,not_training_eligible,
R002334,E0088,EV_003,2026-06-01,2026-07-01,completed,100,74.0,,hr,Backend Engineer,Senior,remote,kk,2019-04-22,compliance,self_paced,2,True,2597,2,1,7,0.7272727272727273,0.09090909090909091,0.09090909090909091,0.09090909090909091,0,0.5,0,0.5,0,0.5,0,4,not_training_eligible,
R002335,E0089,EV_003,2026-06-01,2026-07-01,completed,100,90.0,,hr,Sales Manager,Junior,hybrid,kk,2025-12-01,compliance,self_paced,2,True,182,2,1,0,0.25,0.25,0.25,0.25,0,0.5,0,0.5,0,0.5,0,161,not_training_eligible,
R002336,E0090,EV_003,2026-06-01,2026-07-01,completed,100,75.0,,hr,Data Analyst,Middle,office,ru,2025-06-24,compliance,self_paced,2,True,342,2,1,1,0.4,0.2,0.2,0.2,0,0.5,0,0.5,0,0.5,0,91,not_training_eligible,
R002337,E0091,EV_003,2026-06-01,2026-07-01,completed,100,87.0,,hr,QA Engineer,Senior,hybrid,kk,2024-05-28,compliance,self_paced,2,True,734,2,1,8,0.5833333333333334,0.25,0.08333333333333333,0.08333333333333333,1,0.6666666666666666,0,0.5,0,0.5,0,27,not_training_eligible,
R002338,E0092,EV_003,2026-06-01,2026-07-01,completed,100,97.0,,hr,Backend Engineer,Middle,office,en,2024-10-11,compliance,self_paced,2,True,598,3,2,6,0.3,0.3,0.2,0.2,2,0.25,0,0.5,0,0.5,0,17,not_training_eligible,
R002339,E0093,EV_003,2026-06-01,2026-07-01,completed,100,80.0,,hr,Customer Support Specialist,Middle,hybrid,kk,2022-08-31,compliance,self_paced,2,True,1370,2,1,12,0.625,0.125,0.0625,0.1875,0,0.5,0,0.5,0,0.5,0,34,not_training_eligible,
R002340,E0094,EV_003,2026-06-01,2026-07-01,completed,100,100.0,,hr,Sales Manager,Senior,hybrid,ru,2022-01-12,compliance,self_paced,2,True,1601,2,1,6,0.6,0.2,0.1,0.1,0,0.5,0,0.5,0,0.5,0,17,not_training_eligible,
R002341,E0095,EV_003,2026-06-01,2026-07-01,completed,100,73.0,,hr,HR Business Partner,Middle,office,kk,2021-12-20,compliance,self_paced,2,True,1624,2,1,11,0.4666666666666667,0.13333333333333333,0.26666666666666666,0.13333333333333333,1,0.6666666666666666,0,0.5,0,0.5,0,6,not_training_eligible,
R002342,E0097,EV_003,2026-06-01,2026-07-01,completed,100,97.0,,hr,Backend Engineer,Senior,office,kk,2024-02-16,compliance,self_paced,2,True,836,2,1,9,0.46153846153846156,0.15384615384615385,0.15384615384615385,0.23076923076923078,1,0.3333333333333333,0,0.5,0,0.5,0,91,not_training_eligible,
R002343,E0098,EV_003,2026-06-01,2026-07-01,completed,100,87.0,,hr,QA Engineer,Middle,hybrid,kk,2023-04-18,compliance,self_paced,2,True,1140,2,1,9,0.46153846153846156,0.38461538461538464,0.07692307692307693,0.07692307692307693,2,0.25,0,0.5,0,0.5,0,32,not_training_eligible,
R002344,E0099,EV_003,2026-06-01,2026-07-01,overdue,25,,,hr,HR Business Partner,Middle,hybrid,ru,2022-05-17,compliance,self_paced,2,True,1476,2,1,8,0.4166666666666667,0.25,0.16666666666666666,0.16666666666666666,1,0.6666666666666666,0,0.5,0,0.5,0,91,not_training_eligible,
R002345,E0100,EV_003,2026-06-01,2026-07-01,completed,100,90.0,,hr,Product Manager,Junior,office,ru,2024-11-18,compliance,self_paced,2,True,560,3,2,4,0.25,0.5,0.125,0.125,0,0.5,0,0.5,0,0.5,0,55,not_training_eligible,
R002346,E0102,EV_003,2026-06-01,2026-07-01,completed,100,89.0,,hr,Frontend Engineer,Junior,remote,ru,2024-05-30,compliance,self_paced,2,True,732,2,1,12,0.5625,0.0625,0.25,0.125,1,0.6666666666666666,0,0.5,0,0.5,0,18,not_training_eligible,
R002347,E0103,EV_003,2026-06-01,2026-07-01,completed,100,88.0,,hr,QA Engineer,Senior,remote,ru,2021-08-17,compliance,self_paced,2,True,1749,2,1,7,0.5454545454545454,0.09090909090909091,0.2727272727272727,0.09090909090909091,0,0.5,0,0.5,0,0.5,0,18,not_training_eligible,
R002348,E0104,EV_003,2026-06-01,2026-07-01,completed,100,78.0,,hr,Sales Manager,Junior,remote,ru,2025-11-28,compliance,self_paced,2,True,185,2,1,0,0.25,0.25,0.25,0.25,0,0.5,0,0.5,0,0.5,0,165,not_training_eligible,
R002349,E0105,EV_003,2026-06-01,2026-07-01,completed,100,96.0,,hr,HR Business Partner,Senior,office,kk,2024-04-22,compliance,self_paced,2,True,770,2,1,10,0.6428571428571429,0.21428571428571427,0.07142857142857142,0.07142857142857142,0,0.5,0,0.5,0,0.5,0,10,not_training_eligible,
R002350,E0106,EV_003,2026-06-01,2026-07-01,completed,100,84.0,,hr,Backend Engineer,Senior,remote,kk,2020-02-13,compliance,self_paced,2,True,2300,2,1,3,0.14285714285714285,0.14285714285714285,0.2857142857142857,0.42857142857142855,0,0.5,0,0.5,0,0.5,0,80,not_training_eligible,
R002351,E0107,EV_003,2026-06-01,2026-07-01,completed,100,77.0,,hr,Product Manager,Middle,office,ru,2022-04-25,compliance,self_paced,2,True,1498,2,1,11,0.6666666666666666,0.13333333333333333,0.06666666666666667,0.13333333333333333,1,0.6666666666666666,0,0.5,0,0.5,0,49,not_training_eligible,
R002352,E0108,EV_003,2026-06-01,2026-07-01,completed,100,70.0,,hr,Product Manager,Middle,office,ru,2022-04-18,compliance,self_paced,2,True,1505,2,1,1,0.4,0.2,0.2,0.2,0,0.5,0,0.5,0,0.5,0,76,not_training_eligible,
R002353,E0109,EV_003,2026-06-01,2026-07-01,completed,100,80.0,,hr,Frontend Engineer,Middle,office,ru,2023-12-21,compliance,self_paced,2,True,893,2,1,8,0.5,0.16666666666666666,0.16666666666666666,0.16666666666666666,0,0.5,0,0.5,0,0.5,0,4,not_training_eligible,
R002354,E0111,EV_003,2026-06-01,2026-07-01,completed,100,91.0,,hr,QA Engineer,Middle,office,ru,2024-06-19,compliance,self_paced,2,True,712,2,1,9,0.7692307692307693,0.07692307692307693,0.07692307692307693,0.07692307692307693,1,0.6666666666666666,0,0.5,0,0.5,0,32,not_training_eligible,
R002355,E0112,EV_003,2026-06-01,2026-07-01,completed,100,96.0,,hr,Customer Support Specialist,Senior,hybrid,ru,2019-12-30,compliance,self_paced,2,True,2345,2,1,11,0.6,0.13333333333333333,0.06666666666666667,0.2,0,0.5,0,0.5,0,0.5,0,91,not_training_eligible,
R002356,E0113,EV_003,2026-06-01,2026-07-01,completed,100,77.0,,hr,Product Manager,Junior,office,ru,2025-02-14,compliance,self_paced,2,True,472,2,1,2,0.5,0.16666666666666666,0.16666666666666666,0.16666666666666666,0,0.5,0,0.5,0,0.5,0,91,not_training_eligible,
R002357,E0114,EV_003,2026-06-01,2026-07-01,overdue,60,,,hr,Customer Support Specialist,Junior,hybrid,en,2024-11-14,compliance,self_paced,2,True,564,3,2,4,0.5,0.125,0.125,0.25,0,0.5,0,0.5,0,0.5,0,91,not_training_eligible,
R002358,E0114,EV_035,2026-06-01,,completed,100,96.0,3.0,hr,Customer Support Specialist,Junior,hybrid,en,2024-11-14,course,online,16,False,564,1,0,4,0.5,0.125,0.125,0.25,4,0.6666666666666666,0,0.5,25,0.7407407407407407,0,91,completed,1
R002359,E0115,EV_003,2026-06-01,2026-07-01,completed,100,90.0,,hr,Frontend Engineer,Junior,hybrid,ru,2025-02-12,compliance,self_paced,2,True,474,2,1,8,0.5,0.25,0.16666666666666666,0.08333333333333333,1,0.6666666666666666,0,0.5,0,0.5,0,62,not_training_eligible,
R002360,E0116,EV_003,2026-06-01,2026-07-01,completed,100,92.0,,hr,Product Manager,Middle,office,kk,2025-02-20,compliance,self_paced,2,True,466,2,1,2,0.5,0.16666666666666666,0.16666666666666666,0.16666666666666666,0,0.5,0,0.5,0,0.5,0,63,not_training_eligible,
R002361,E0118,EV_003,2026-06-01,2026-07-01,completed,100,75.0,,hr,Frontend Engineer,Middle,hybrid,ru,2021-11-01,compliance,self_paced,2,True,1673,2,1,10,0.5714285714285714,0.21428571428571427,0.14285714285714285,0.07142857142857142,1,0.6666666666666666,0,0.5,0,0.5,0,5,not_training_eligible,
R002362,E0120,EV_003,2026-06-01,2026-07-01,completed,100,96.0,,hr,Frontend Engineer,Senior,hybrid,ru,2019-11-25,compliance,self_paced,2,True,2380,2,1,6,0.6,0.2,0.1,0.1,1,0.6666666666666666,0,0.5,0,0.5,0,52,not_training_eligible,
R002363,E0121,EV_003,2026-06-01,2026-07-01,completed,100,100.0,,hr,Data Analyst,Middle,hybrid,ru,2025-09-15,compliance,self_paced,2,True,259,2,1,3,0.5714285714285714,0.14285714285714285,0.14285714285714285,0.14285714285714285,1,0.6666666666666666,0,0.5,0,0.5,0,42,not_training_eligible,
R002364,E0122,EV_003,2026-06-01,2026-07-01,completed,100,74.0,,hr,Frontend Engineer,Senior,hybrid,kk,2024-04-22,compliance,self_paced,2,True,770,2,1,4,0.5,0.25,0.125,0.125,0,0.5,0,0.5,0,0.5,0,91,not_training_eligible,
R002365,E0123,EV_003,2026-06-01,2026-07-01,completed,100,85.0,,hr,Frontend Engineer,Senior,hybrid,kk,2021-04-15,compliance,self_paced,2,True,1873,2,1,12,0.5,0.125,0.25,0.125,1,0.6666666666666666,0,0.5,0,0.5,0,11,not_training_eligible,
R002366,E0124,EV_003,2026-06-01,2026-07-01,completed,100,89.0,,hr,Data Analyst,Middle,office,kk,2025-02-17,compliance,self_paced,2,True,469,2,1,5,0.4444444444444444,0.1111111111111111,0.2222222222222222,0.2222222222222222,2,0.75,0,0.5,0,0.5,0,52,not_training_eligible,
R002367,E0125,EV_003,2026-06-01,2026-07-01,completed,100,86.0,,hr,Sales Manager,Middle,office,ru,2025-10-21,compliance,self_paced,2,True,223,2,1,0,0.25,0.25,0.25,0.25,0,0.5,0,0.5,0,0.5,0,91,not_training_eligible,
R002368,E0127,EV_003,2026-06-01,2026-07-01,completed,100,92.0,,hr,Backend Engineer,Middle,remote,kk,2022-06-29,compliance,self_paced,2,True,1433,2,1,9,0.46153846153846156,0.23076923076923078,0.23076923076923078,0.07692307692307693,2,0.5,0,0.5,0,0.5,0,77,not_training_eligible,
R002369,E0128,EV_003,2026-06-01,2026-07-01,completed,100,77.0,,hr,Backend Engineer,Senior,hybrid,kk,2024-07-29,compliance,self_paced,2,True,672,2,1,3,0.5714285714285714,0.14285714285714285,0.14285714285714285,0.14285714285714285,0,0.5,0,0.5,0,0.5,0,91,not_training_eligible,
R002370,E0129,EV_003,2026-06-01,2026-07-01,completed,100,75.0,,hr,Sales Manager,Middle,hybrid,kk,2026-01-14,compliance,self_paced,2,True,138,2,1,3,0.42857142857142855,0.14285714285714285,0.14285714285714285,0.2857142857142857,0,0.5,0,0.5,0,0.5,0,55,not_training_eligible,
R002371,E0130,EV_003,2026-06-01,2026-07-01,completed,100,87.0,,hr,QA Engineer,Middle,hybrid,kk,2024-11-18,compliance,self_paced,2,True,560,3,2,3,0.5714285714285714,0.14285714285714285,0.14285714285714285,0.14285714285714285,1,0.6666666666666666,0,0.5,0,0.5,0,14,not_training_eligible,
R002372,E0131,EV_003,2026-06-01,2026-07-01,completed,100,95.0,,hr,HR Business Partner,Middle,office,ru,2022-10-31,compliance,self_paced,2,True,1309,2,1,5,0.4444444444444444,0.1111111111111111,0.3333333333333333,0.1111111111111111,0,0.5,0,0.5,0,0.5,0,91,not_training_eligible,
R002373,E0132,EV_003,2026-06-01,2026-07-01,completed,100,95.0,,hr,Data Analyst,Senior,remote,en,2019-08-02,compliance,self_paced,2,True,2495,2,1,5,0.5555555555555556,0.1111111111111111,0.2222222222222222,0.1111111111111111,0,0.5,0,0.5,0,0.5,0,91,not_training_eligible,
R002374,E0133,EV_003,2026-06-01,2026-07-01,completed,100,90.0,,hr,HR Business Partner,Lead,office,ru,2019-08-23,compliance,self_paced,2,True,2474,2,1,11,0.6666666666666666,0.2,0.06666666666666667,0.06666666666666667,1,0.3333333333333333,0,0.5,0,0.5,0,53,not_training_eligible,
R002375,E0134,EV_003,2026-06-01,2026-07-01,completed,100,72.0,,hr,Product Manager,Middle,hybrid,ru,2023-05-01,compliance,self_paced,2,True,1127,2,1,6,0.3,0.2,0.4,0.1,0,0.5,0,0.5,0,0.5,0,7,not_training_eligible,
R002376,E0136,EV_003,2026-06-01,2026-07-01,completed,100,95.0,,hr,Backend Engineer,Senior,hybrid,kk,2024-04-01,compliance,self_paced,2,True,791,2,1,4,0.5,0.125,0.25,0.125,0,0.5,0,0.5,0,0.5,0,76,not_training_eligible,
R002377,E0137,EV_003,2026-06-01,2026-07-01,completed,100,89.0,,hr,Backend Engineer,Middle,remote,kk,2025-02-17,compliance,self_paced,2,True,469,2,1,5,0.4444444444444444,0.2222222222222222,0.2222222222222222,0.1111111111111111,1,0.3333333333333333,0,0.5,0,0.5,0,32,not_training_eligible,
R002378,E0138,EV_003,2026-06-01,2026-07-01,completed,100,73.0,,hr,Sales Manager,Senior,remote,ru,2020-10-21,compliance,self_paced,2,True,2049,2,1,2,0.3333333333333333,0.16666666666666666,0.16666666666666666,0.3333333333333333,0,0.5,0,0.5,0,0.5,0,91,not_training_eligible,
R002379,E0139,EV_003,2026-06-01,2026-07-01,completed,100,93.0,,hr,Customer Support Specialist,Senior,office,kk,2025-03-25,compliance,self_paced,2,True,433,2,1,5,0.4444444444444444,0.1111111111111111,0.2222222222222222,0.2222222222222222,0,0.5,0,0.5,0,0.5,0,76,not_training_eligible,
R002380,E0140,EV_003,2026-06-01,2026-07-01,completed,100,89.0,,hr,Backend Engineer,Middle,office,ru,2024-06-21,compliance,self_paced,2,True,710,2,1,12,0.4375,0.375,0.0625,0.125,2,0.25,0,0.5,0,0.5,0,91,not_training_eligible,
R002381,E0141,EV_003,2026-06-01,2026-07-01,completed,100,76.0,,hr,Frontend Engineer,Junior,remote,kk,2025-11-27,compliance,self_paced,2,True,186,2,1,2,0.5,0.16666666666666666,0.16666666666666666,0.16666666666666666,0,0.5,0,0.5,0,0.5,0,102,not_training_eligible,
R002382,E0142,EV_003,2026-06-01,2026-07-01,overdue,25,,,hr,Sales Manager,Middle,hybrid,kk,2025-08-18,compliance,self_paced,2,True,287,2,1,3,0.5714285714285714,0.14285714285714285,0.14285714285714285,0.14285714285714285,0,0.5,0,0.5,0,0.5,0,82,not_training_eligible,
R002383,E0143,EV_003,2026-06-01,2026-07-01,completed,100,78.0,,hr,Customer Support Specialist,Middle,office,kk,2023-08-15,compliance,self_paced,2,True,1021,2,1,6,0.4,0.2,0.3,0.1,0,0.5,0,0.5,0,0.5,0,18,not_training_eligible,
R002384,E0144,EV_003,2026-06-01,2026-07-01,completed,100,91.0,,hr,Customer Support Specialist,Junior,office,ru,2024-09-16,compliance,self_paced,2,True,623,2,1,12,0.8125,0.0625,0.0625,0.0625,0,0.5,0,0.5,0,0.5,0,14,not_training_eligible,
R002385,E0145,EV_003,2026-06-01,2026-07-01,completed,100,84.0,,hr,QA Engineer,Senior,office,kk,2023-10-12,compliance,self_paced,2,True,963,2,1,5,0.3333333333333333,0.2222222222222222,0.2222222222222222,0.2222222222222222,0,0.5,0,0.5,0,0.5,0,88,not_training_eligible,
R002386,E0147,EV_003,2026-06-01,2026-07-01,completed,100,78.0,,hr,Frontend Engineer,Middle,office,ru,2024-05-27,compliance,self_paced,2,True,735,2,1,8,0.6666666666666666,0.08333333333333333,0.16666666666666666,0.08333333333333333,1,0.6666666666666666,0,0.5,0,0.5,0,61,not_training_eligible,
R002387,E0148,EV_003,2026-06-01,2026-07-01,completed,100,100.0,,hr,Sales Manager,Lead,office,kk,2020-08-18,compliance,self_paced,2,True,2113,2,1,10,0.7142857142857143,0.07142857142857142,0.14285714285714285,0.07142857142857142,0,0.5,0,0.5,0,0.5,0,11,not_training_eligible,
R002388,E0149,EV_003,2026-06-01,2026-07-01,overdue,0,,,hr,Sales Manager,Middle,office,ru,2022-10-26,compliance,self_paced,2,True,1314,2,1,11,0.7333333333333333,0.06666666666666667,0.13333333333333333,0.06666666666666667,0,0.5,0,0.5,0,0.5,0,91,not_training_eligible,
R002389,E0150,EV_003,2026-06-01,2026-07-01,completed,100,96.0,,hr,Backend Engineer,Middle,office,ru,2023-07-03,compliance,self_paced,2,True,1064,2,1,10,0.6428571428571429,0.07142857142857142,0.14285714285714285,0.14285714285714285,3,0.6,0,0.5,0,0.5,0,91,not_training_eligible,
R002390,E0151,EV_003,2026-06-01,2026-07-01,completed,100,72.0,,hr,HR Business Partner,Junior,remote,ru,2025-09-11,compliance,self_paced,2,True,263,2,1,5,0.5555555555555556,0.1111111111111111,0.2222222222222222,0.1111111111111111,0,0.5,0,0.5,0,0.5,0,18,not_training_eligible,
R002391,E0152,EV_003,2026-06-01,2026-07-01,completed,100,81.0,,hr,Sales Manager,Junior,remote,kk,2025-12-16,compliance,self_paced,2,True,167,2,1,1,0.4,0.2,0.2,0.2,0,0.5,0,0.5,0,0.5,0,33,not_training_eligible,
R002392,E0153,EV_003,2026-06-01,2026-07-01,completed,100,100.0,,hr,Sales Manager,Middle,office,ru,2022-10-17,compliance,self_paced,2,True,1323,2,1,11,0.7333333333333333,0.06666666666666667,0.13333333333333333,0.06666666666666667,0,0.5,0,0.5,0,0.5,0,4,not_training_eligible,
R002393,E0154,EV_003,2026-06-01,2026-07-01,completed,100,73.0,,hr,Frontend Engineer,Middle,office,ru,2023-08-16,compliance,self_paced,2,True,1020,2,1,8,0.5833333333333334,0.08333333333333333,0.16666666666666666,0.16666666666666666,1,0.6666666666666666,0,0.5,0,0.5,0,91,not_training_eligible,
R002394,E0155,EV_003,2026-06-01,2026-07-01,completed,100,98.0,,hr,Backend Engineer,Middle,hybrid,kk,2023-06-19,compliance,self_paced,2,True,1078,2,1,5,0.3333333333333333,0.3333333333333333,0.2222222222222222,0.1111111111111111,0,0.5,0,0.5,0,0.5,0,10,not_training_eligible,
R002395,E0156,EV_003,2026-06-01,2026-07-01,completed,100,80.0,,hr,QA Engineer,Junior,hybrid,kk,2026-01-20,compliance,self_paced,2,True,132,2,1,1,0.4,0.2,0.2,0.2,0,0.5,0,0.5,0,0.5,0,87,not_training_eligible,
R002396,E0157,EV_003,2026-06-01,2026-07-01,completed,100,78.0,,hr,QA Engineer,Junior,remote,kk,2025-10-13,compliance,self_paced,2,True,231,2,1,4,0.5,0.125,0.25,0.125,0,0.5,0,0.5,0,0.5,0,53,not_training_eligible,
R002397,E0158,EV_003,2026-06-01,2026-07-01,completed,100,86.0,,hr,Sales Manager,Senior,office,kk,2018-08-27,compliance,self_paced,2,True,2835,2,1,9,0.5384615384615384,0.07692307692307693,0.15384615384615385,0.23076923076923078,0,0.5,0,0.5,0,0.5,0,91,not_training_eligible,
R002398,E0160,EV_003,2026-06-01,2026-07-01,completed,100,95.0,,hr,Customer Support Specialist,Junior,hybrid,ru,2024-11-13,compliance,self_paced,2,True,565,3,2,11,0.5333333333333333,0.06666666666666667,0.26666666666666666,0.13333333333333333,0,0.5,0,0.5,0,0.5,0,91,not_training_eligible,
R002399,E0161,EV_003,2026-06-01,2026-07-01,completed,100,96.0,,hr,Sales Manager,Senior,remote,ru,2024-05-15,compliance,self_paced,2,True,747,2,1,4,0.25,0.25,0.375,0.125,0,0.5,0,0.5,0,0.5,0,4,not_training_eligible,
R002400,E0162,EV_003,2026-06-01,2026-07-01,completed,100,98.0,,hr,Data Analyst,Middle,hybrid,kk,2024-01-15,compliance,self_paced,2,True,868,2,1,9,0.6923076923076923,0.07692307692307693,0.15384615384615385,0.07692307692307693,2,0.75,0,0.5,0,0.5,0,55,not_training_eligible,
R002401,E0163,EV_003,2026-06-01,2026-07-01,completed,100,89.0,,hr,Sales Manager,Middle,office,ru,2022-05-25,compliance,self_paced,2,True,1468,2,1,8,0.5833333333333334,0.08333333333333333,0.08333333333333333,0.25,0,0.5,0,0.5,0,0.5,0,19,not_training_eligible,
R002402,E0164,EV_003,2026-06-01,2026-07-01,completed,100,70.0,,hr,Backend Engineer,Middle,hybrid,ru,2022-08-26,compliance,self_paced,2,True,1375,2,1,11,0.6666666666666666,0.13333333333333333,0.13333333333333333,0.06666666666666667,2,0.75,0,0.5,0,0.5,0,14,not_training_eligible,
R002403,E0165,EV_003,2026-06-01,2026-07-01,completed,100,89.0,,hr,Product Manager,Junior,office,ru,2024-08-30,compliance,self_paced,2,True,640,2,1,12,0.5625,0.25,0.125,0.0625,0,0.5,0,0.5,0,0.5,0,60,not_training_eligible,
R002404,E0166,EV_003,2026-06-01,2026-07-01,completed,100,77.0,,hr,Sales Manager,Senior,office,kk,2025-02-21,compliance,self_paced,2,True,465,2,1,9,0.7692307692307693,0.07692307692307693,0.07692307692307693,0.07692307692307693,0,0.5,0,0.5,0,0.5,0,4,not_training_eligible,
R002405,E0167,EV_003,2026-06-01,2026-07-01,completed,100,73.0,,hr,HR Business Partner,Junior,hybrid,kk,2025-11-18,compliance,self_paced,2,True,195,2,1,3,0.5714285714285714,0.14285714285714285,0.14285714285714285,0.14285714285714285,0,0.5,0,0.5,0,0.5,0,41,not_training_eligible,
R002406,E0168,EV_003,2026-06-01,2026-07-01,completed,100,97.0,,hr,Customer Support Specialist,Middle,remote,kk,2023-07-19,compliance,self_paced,2,True,1048,2,1,2,0.3333333333333333,0.16666666666666666,0.3333333333333333,0.16666666666666666,0,0.5,0,0.5,0,0.5,0,91,not_training_eligible,
R002407,E0169,EV_003,2026-06-01,2026-07-01,completed,100,97.0,,hr,Sales Manager,Lead,office,kk,2020-04-29,compliance,self_paced,2,True,2224,2,1,11,0.6,0.13333333333333333,0.13333333333333333,0.13333333333333333,0,0.5,0,0.5,0,0.5,0,53,not_training_eligible,
R002408,E0170,EV_003,2026-06-01,2026-07-01,overdue,0,,,hr,Frontend Engineer,Middle,hybrid,ru,2025-04-24,compliance,self_paced,2,True,403,2,1,9,0.38461538461538464,0.15384615384615385,0.23076923076923078,0.23076923076923078,1,0.6666666666666666,0,0.5,0,0.5,0,11,not_training_eligible,
R002409,E0171,EV_003,2026-06-01,2026-07-01,completed,100,77.0,,hr,QA Engineer,Middle,hybrid,ru,2024-11-18,compliance,self_paced,2,True,560,3,2,4,0.5,0.25,0.125,0.125,0,0.5,0,0.5,0,0.5,0,91,not_training_eligible,
R002410,E0172,EV_003,2026-06-01,2026-07-01,completed,100,85.0,,hr,HR Business Partner,Senior,remote,ru,2018-08-27,compliance,self_paced,2,True,2835,2,1,7,0.6363636363636364,0.18181818181818182,0.09090909090909091,0.09090909090909091,1,0.6666666666666666,0,0.5,0,0.5,0,35,not_training_eligible,
R002411,E0173,EV_003,2026-06-01,2026-07-01,completed,100,81.0,,hr,HR Business Partner,Senior,remote,kk,2019-04-25,compliance,self_paced,2,True,2594,2,1,9,0.5384615384615384,0.07692307692307693,0.23076923076923078,0.15384615384615385,1,0.6666666666666666,0,0.5,0,0.5,0,91,not_training_eligible,
R002412,E0175,EV_003,2026-06-01,2026-07-01,completed,100,78.0,,hr,Backend Engineer,Lead,hybrid,kk,2016-10-03,compliance,self_paced,2,True,3528,2,1,3,0.2857142857142857,0.2857142857142857,0.2857142857142857,0.14285714285714285,0,0.5,0,0.5,0,0.5,0,91,not_training_eligible,
R002413,E0176,EV_003,2026-06-01,2026-07-01,completed,100,83.0,,hr,Product Manager,Junior,hybrid,ru,2024-04-29,compliance,self_paced,2,True,763,2,1,8,0.6666666666666666,0.08333333333333333,0.08333333333333333,0.16666666666666666,0,0.5,0,0.5,0,0.5,0,91,not_training_eligible,
R002414,E0177,EV_003,2026-06-01,2026-07-01,completed,100,88.0,,hr,Customer Support Specialist,Middle,office,ru,2024-08-12,compliance,self_paced,2,True,658,2,1,5,0.2222222222222222,0.2222222222222222,0.3333333333333333,0.2222222222222222,0,0.5,0,0.5,0,0.5,0,91,not_training_eligible,
R002415,E0178,EV_003,2026-06-01,2026-07-01,completed,100,98.0,,hr,Backend Engineer,Middle,remote,kk,2025-12-22,compliance,self_paced,2,True,161,2,1,1,0.2,0.2,0.4,0.2,0,0.5,0,0.5,0,0.5,0,52,not_training_eligible,
R002416,E0179,EV_003,2026-06-01,2026-07-01,completed,100,76.0,,hr,QA Engineer,Lead,hybrid,ru,2020-01-30,compliance,self_paced,2,True,2314,2,1,5,0.5555555555555556,0.1111111111111111,0.1111111111111111,0.2222222222222222,1,0.6666666666666666,0,0.5,0,0.5,0,91,not_training_eligible,
R002417,E0180,EV_003,2026-06-01,2026-07-01,completed,100,70.0,,hr,Customer Support Specialist,Lead,hybrid,kk,2020-05-14,compliance,self_paced,2,True,2209,2,1,9,0.7692307692307693,0.07692307692307693,0.07692307692307693,0.07692307692307693,0,0.5,0,0.5,0,0.5,0,5,not_training_eligible,
R002418,E0181,EV_003,2026-06-01,2026-07-01,completed,100,82.0,,hr,Product Manager,Senior,office,ru,2025-01-27,compliance,self_paced,2,True,490,3,2,8,0.4166666666666667,0.16666666666666666,0.25,0.16666666666666666,0,0.5,0,0.5,0,0.5,0,91,not_training_eligible,
R002419,E0182,EV_003,2026-06-01,2026-07-01,completed,100,70.0,,hr,Frontend Engineer,Middle,office,ru,2024-06-14,compliance,self_paced,2,True,717,2,1,6,0.5,0.1,0.2,0.2,0,0.5,0,0.5,0,0.5,0,75,not_training_eligible,
R002420,E0183,EV_003,2026-06-01,2026-07-01,completed,100,87.0,,hr,Frontend Engineer,Middle,office,ru,2025-09-22,compliance,self_paced,2,True,252,2,1,4,0.375,0.25,0.125,0.25,0,0.5,0,0.5,0,0.5,0,21,not_training_eligible,
R002421,E0184,EV_003,2026-06-01,2026-07-01,completed,100,86.0,,hr,Backend Engineer,Middle,office,ru,2024-10-30,compliance,self_paced,2,True,579,3,2,5,0.2222222222222222,0.4444444444444444,0.1111111111111111,0.2222222222222222,2,0.25,0,0.5,0,0.5,0,91,not_training_eligible,
R002422,E0185,EV_003,2026-06-01,2026-07-01,completed,100,100.0,,hr,Customer Support Specialist,Middle,remote,kk,2024-10-21,compliance,self_paced,2,True,588,3,2,7,0.7272727272727273,0.09090909090909091,0.09090909090909091,0.09090909090909091,0,0.5,0,0.5,0,0.5,0,52,not_training_eligible,
R002423,E0186,EV_003,2026-06-01,2026-07-01,completed,100,84.0,,hr,Backend Engineer,Middle,hybrid,ru,2022-06-16,compliance,self_paced,2,True,1446,2,1,9,0.46153846153846156,0.23076923076923078,0.15384615384615385,0.15384615384615385,2,0.5,0,0.5,0,0.5,0,45,not_training_eligible,
R002424,E0187,EV_003,2026-06-01,2026-07-01,completed,100,74.0,,hr,Data Analyst,Junior,office,ru,2024-03-25,compliance,self_paced,2,True,798,2,1,8,0.5,0.16666666666666666,0.16666666666666666,0.16666666666666666,1,0.3333333333333333,0,0.5,0,0.5,0,69,not_training_eligible,
R002425,E0188,EV_003,2026-06-01,2026-07-01,completed,100,86.0,,hr,Data Analyst,Junior,hybrid,ru,2025-05-21,compliance,self_paced,2,True,376,2,1,4,0.5,0.125,0.125,0.25,1,0.6666666666666666,0,0.5,0,0.5,0,3,not_training_eligible,
R002426,E0188,EV_036,2026-06-01,,completed,100,,,self,Data Analyst,Junior,hybrid,ru,2025-05-21,meetup,offline,2,False,376,1,0,4,0.5,0.125,0.125,0.25,0,0.5,0,0.5,185,0.7112299465240641,0,3,completed,1
R002427,E0189,EV_003,2026-06-01,2026-07-01,completed,100,88.0,,hr,QA Engineer,Senior,office,ru,2019-11-18,compliance,self_paced,2,True,2387,2,1,11,0.6,0.2,0.13333333333333333,0.06666666666666667,1,0.6666666666666666,0,0.5,0,0.5,0,24,not_training_eligible,
R002428,E0190,EV_003,2026-06-01,2026-07-01,completed,100,85.0,,hr,Backend Engineer,Senior,office,kk,2023-11-30,compliance,self_paced,2,True,914,2,1,3,0.42857142857142855,0.2857142857142857,0.14285714285714285,0.14285714285714285,1,0.6666666666666666,0,0.5,0,0.5,0,17,not_training_eligible,
R002429,E0191,EV_003,2026-06-01,2026-07-01,overdue,0,,,hr,Sales Manager,Middle,office,ru,2022-03-15,compliance,self_paced,2,True,1539,2,1,6,0.5,0.1,0.2,0.2,0,0.5,0,0.5,0,0.5,0,59,not_training_eligible,
R002430,E0192,EV_003,2026-06-01,2026-07-01,completed,100,76.0,,hr,Backend Engineer,Junior,hybrid,ru,2024-12-11,compliance,self_paced,2,True,537,3,2,9,0.5384615384615384,0.07692307692307693,0.23076923076923078,0.15384615384615385,0,0.5,0,0.5,0,0.5,0,10,not_training_eligible,
R002431,E0193,EV_003,2026-06-01,2026-07-01,completed,100,88.0,,hr,Data Analyst,Middle,office,ru,2022-08-01,compliance,self_paced,2,True,1400,2,1,7,0.5454545454545454,0.18181818181818182,0.09090909090909091,0.18181818181818182,1,0.3333333333333333,0,0.5,0,0.5,0,91,not_training_eligible,
R002432,E0193,EV_020,2026-06-01,,completed,100,71.0,,self,Data Analyst,Middle,office,ru,2022-08-01,course,self_paced,40,False,1400,2,1,7,0.5454545454545454,0.18181818181818182,0.09090909090909091,0.18181818181818182,1,0.3333333333333333,2,0.5,18,0.55,0,91,completed,1
R002433,E0194,EV_003,2026-06-01,2026-07-01,completed,100,73.0,,hr,Frontend Engineer,Senior,remote,ru,2021-07-14,compliance,self_paced,2,True,1783,2,1,6,0.5,0.2,0.2,0.1,1,0.6666666666666666,0,0.5,0,0.5,0,60,not_training_eligible,
R002434,E0195,EV_003,2026-06-01,2026-07-01,completed,100,87.0,,hr,Product Manager,Middle,office,kk,2025-04-21,compliance,self_paced,2,True,406,2,1,9,0.38461538461538464,0.3076923076923077,0.23076923076923078,0.07692307692307693,1,0.3333333333333333,0,0.5,0,0.5,0,66,not_training_eligible,
R002435,E0196,EV_003,2026-06-01,2026-07-01,completed,100,86.0,,hr,Backend Engineer,Junior,hybrid,ru,2025-02-26,compliance,self_paced,2,True,460,2,1,4,0.5,0.125,0.125,0.25,1,0.3333333333333333,0,0.5,0,0.5,0,24,not_training_eligible,
R002436,E0197,EV_003,2026-06-01,2026-07-01,completed,100,78.0,,hr,QA Engineer,Middle,hybrid,ru,2022-08-15,compliance,self_paced,2,True,1386,2,1,13,0.5294117647058824,0.17647058823529413,0.17647058823529413,0.11764705882352941,1,0.6666666666666666,0,0.5,0,0.5,0,73,not_training_eligible,
R002437,E0198,EV_003,2026-06-01,2026-07-01,completed,100,75.0,,hr,Sales Manager,Junior,office,ru,2024-06-26,compliance,self_paced,2,True,705,2,1,11,0.6,0.06666666666666667,0.26666666666666666,0.06666666666666667,0,0.5,0,0.5,0,0.5,0,91,not_training_eligible,
R002438,E0199,EV_003,2026-06-01,2026-07-01,completed,100,95.0,,hr,Data Analyst,Senior,hybrid,ru,2019-12-24,compliance,self_paced,2,True,2351,2,1,12,0.625,0.125,0.1875,0.0625,2,0.75,0,0.5,0,0.5,0,10,not_training_eligible,
R002439,E0200,EV_003,2026-06-01,2026-07-01,completed,100,98.0,,hr,Backend Engineer,Junior,hybrid,ru,2025-07-14,compliance,self_paced,2,True,322,2,1,3,0.2857142857142857,0.2857142857142857,0.14285714285714285,0.2857142857142857,2,0.25,0,0.5,0,0.5,0,17,not_training_eligible,
R002440,E0022,EV_020,2026-06-02,,completed,100,84.0,,self,Data Analyst,Junior,hybrid,kk,2025-12-23,course,self_paced,40,False,161,1,0,4,0.5,0.25,0.125,0.125,0,0.5,0,0.5,19,0.5714285714285714,0,1,completed,1
R002441,E0055,EV_036,2026-06-02,,completed,100,,,manager,Product Manager,Lead,hybrid,en,2023-02-22,meetup,offline,2,False,1196,3,2,10,0.7142857142857143,0.07142857142857142,0.14285714285714285,0.07142857142857142,5,0.7142857142857143,2,0.5,187,0.7142857142857143,0,1,completed,1
R002442,E0088,EV_036,2026-06-02,,no_show,0,,,manager,Backend Engineer,Senior,remote,kk,2019-04-22,meetup,offline,2,False,2598,1,0,7,0.7272727272727273,0.09090909090909091,0.09090909090909091,0.09090909090909091,1,0.6666666666666666,0,0.5,187,0.7142857142857143,0,1,no_show,0
R002443,E0105,EV_029,2026-06-02,,dropped,75,,,hr,HR Business Partner,Senior,office,kk,2024-04-22,course,self_paced,12,False,771,1,0,10,0.6428571428571429,0.21428571428571427,0.07142857142857142,0.07142857142857142,0,0.5,1,0.6666666666666666,7,0.6666666666666666,0,1,dropped,0
R002444,E0130,EV_008,2026-06-02,,completed,100,,4.0,manager,QA Engineer,Middle,hybrid,kk,2024-11-18,workshop,online,4,False,561,1,0,3,0.5714285714285714,0.14285714285714285,0.14285714285714285,0.14285714285714285,2,0.75,0,0.5,95,0.8144329896907216,0,1,completed,1
R002445,E0135,EV_004,2026-06-03,2026-06-13,completed,100,,5.0,hr,Backend Engineer,Junior,remote,kk,2026-05-14,onboarding,offline,8,True,20,1,0,0,0.25,0.25,0.25,0.25,0,0.5,0,0.5,0,0.5,0,16,not_training_eligible,
R002446,E0195,EV_022,2026-06-03,,no_show,0,,,self,Product Manager,Middle,office,kk,2025-04-21,course,online,12,False,408,1,0,9,0.38461538461538464,0.3076923076923077,0.23076923076923078,0.07692307692307693,7,0.4444444444444444,1,0.3333333333333333,14,0.6875,0,2,no_show,0
R002447,E0034,EV_022,2026-06-04,,dropped,75,,1.0,self,Data Analyst,Junior,office,kk,2025-08-01,course,online,12,False,307,1,0,3,0.5714285714285714,0.14285714285714285,0.14285714285714285,0.14285714285714285,0,0.5,1,0.6666666666666666,15,0.6470588235294118,0,3,dropped,0
R002448,E0038,EV_036,2026-06-04,,completed,100,,5.0,self,Product Manager,Senior,hybrid,kk,2022-06-24,meetup,offline,2,False,1441,2,1,5,0.5555555555555556,0.1111111111111111,0.1111111111111111,0.2222222222222222,2,0.75,1,0.6666666666666666,189,0.7120418848167539,0,3,completed,1
R002449,E0191,EV_033,2026-06-04,,completed,100,83.0,3.0,self,Sales Manager,Middle,office,ru,2022-03-15,course,online,10,False,1542,1,0,6,0.5,0.1,0.2,0.2,3,0.6,0,0.5,14,0.6875,0,3,completed,1
R002450,E0058,EV_036,2026-06-05,,completed,100,,4.0,manager,Backend Engineer,Junior,office,ru,2026-03-30,meetup,offline,2,False,67,1,0,1,0.4,0.2,0.2,0.2,0,0.5,0,0.5,190,0.7135416666666666,0,25,completed,1
R002451,E0064,EV_037,2026-06-05,,declined,0,,,manager,Backend Engineer,Senior,office,ru,2021-10-20,mentoring,online,12,False,1689,2,1,4,0.375,0.25,0.25,0.125,2,0.25,1,0.3333333333333333,95,0.7216494845360825,0,4,declined,0
R002452,E0079,EV_036,2026-06-05,,completed,100,,5.0,manager,Sales Manager,Junior,office,ru,2024-10-14,meetup,offline,2,False,599,4,3,9,0.7692307692307693,0.07692307692307693,0.07692307692307693,0.07692307692307693,5,0.8571428571428571,3,0.8,190,0.7135416666666666,0,4,completed,1
R002453,E0089,EV_036,2026-06-05,,completed,100,,5.0,self,Sales Manager,Junior,hybrid,kk,2025-12-01,meetup,offline,2,False,186,1,0,0,0.25,0.25,0.25,0.25,0,0.5,0,0.5,190,0.7135416666666666,0,4,completed,1
R002454,E0029,EV_037,2026-06-08,,completed,100,,2.0,self,Customer Support Specialist,Senior,hybrid,kk,2025-03-13,mentoring,online,12,False,452,3,2,8,0.5833333333333334,0.16666666666666666,0.16666666666666666,0.08333333333333333,7,0.6666666666666666,2,0.25,96,0.7142857142857143,0,7,completed,1
R002455,E0079,EV_036,2026-06-08,,completed,100,,5.0,manager,Sales Manager,Junior,office,ru,2024-10-14,meetup,offline,2,False,602,5,4,10,0.7857142857142857,0.07142857142857142,0.07142857142857142,0.07142857142857142,6,0.875,4,0.8333333333333334,193,0.717948717948718,0,3,completed,1
R002456,E0120,EV_037,2026-06-08,,completed,100,,3.0,self,Frontend Engineer,Senior,hybrid,ru,2019-11-25,mentoring,online,12,False,2387,1,0,6,0.6,0.2,0.1,0.1,3,0.8,0,0.5,96,0.7142857142857143,0,7,completed,1
R002457,E0009,EV_036,2026-06-09,,no_show,0,,,hr,Customer Support Specialist,Junior,remote,en,2025-11-27,meetup,offline,2,False,194,1,0,2,0.3333333333333333,0.16666666666666666,0.16666666666666666,0.3333333333333333,0,0.5,0,0.5,194,0.7193877551020408,0,8,no_show,0
R002458,E0105,EV_029,2026-06-09,,completed,100,97.0,5.0,self,HR Business Partner,Senior,office,kk,2024-04-22,course,self_paced,12,False,778,2,1,11,0.6,0.26666666666666666,0.06666666666666667,0.06666666666666667,1,0.3333333333333333,2,0.5,8,0.6,0,7,completed,1
R002459,E0107,EV_036,2026-06-09,,completed,100,,3.0,manager,Product Manager,Middle,office,ru,2022-04-25,meetup,offline,2,False,1506,2,1,11,0.6666666666666666,0.13333333333333333,0.06666666666666667,0.13333333333333333,5,0.5714285714285714,1,0.6666666666666666,194,0.7193877551020408,0,8,completed,1
R002460,E0132,EV_025,2026-06-09,,completed,100,91.0,,self,Data Analyst,Senior,remote,en,2019-08-02,course,online,10,False,2503,1,0,5,0.5555555555555556,0.1111111111111111,0.2222222222222222,0.1111111111111111,5,0.7142857142857143,3,0.6,13,0.6666666666666666,0,8,completed,1
R002461,E0146,EV_023,2026-06-09,,completed,100,,5.0,manager,Data Analyst,Junior,hybrid,ru,2026-03-23,workshop,offline,6,False,78,1,0,0,0.25,0.25,0.25,0.25,0,0.5,0,0.5,27,0.7241379310344828,0,71,completed,1
R002462,E0168,EV_035,2026-06-09,,dropped,80,,,manager,Customer Support Specialist,Middle,remote,kk,2023-07-19,course,online,16,False,1056,1,0,2,0.3333333333333333,0.16666666666666666,0.3333333333333333,0.16666666666666666,1,0.6666666666666666,0,0.5,26,0.75,0,8,dropped,0
R002463,E0029,EV_036,2026-06-10,,no_show,0,,,self,Customer Support Specialist,Senior,hybrid,kk,2025-03-13,meetup,offline,2,False,454,1,0,9,0.6153846153846154,0.15384615384615385,0.15384615384615385,0.07692307692307693,1,0.6666666666666666,0,0.5,196,0.7171717171717171,0,2,no_show,0
R002464,E0051,EV_037,2026-06-10,,completed,100,,5.0,self,Sales Manager,Senior,office,kk,2023-01-30,mentoring,online,12,False,1227,1,0,11,0.4666666666666667,0.13333333333333333,0.2,0.2,6,0.75,0,0.5,98,0.72,0,9,completed,1
R002465,E0065,EV_005,2026-06-10,,completed,100,90.0,3.0,self,QA Engineer,Middle,hybrid,en,2022-08-01,course,online,16,False,1409,1,0,11,0.6,0.13333333333333333,0.13333333333333333,0.13333333333333333,5,0.7142857142857143,1,0.6666666666666666,37,0.5641025641025641,0,9,completed,1
R002466,E0147,EV_009,2026-06-10,,completed,100,68.0,4.0,self,Frontend Engineer,Middle,office,ru,2024-05-27,certification,self_paced,40,False,744,1,0,8,0.6666666666666666,0.08333333333333333,0.16666666666666666,0.08333333333333333,1,0.6666666666666666,0,0.5,46,0.625,0,9,completed,1
R002467,E0158,EV_036,2026-06-10,,completed,100,,4.0,manager,Sales Manager,Senior,office,kk,2018-08-27,meetup,offline,2,False,2844,2,1,9,0.5384615384615384,0.07692307692307693,0.15384615384615385,0.23076923076923078,3,0.6,1,0.6666666666666666,196,0.7171717171717171,0,9,completed,1
R002468,E0034,EV_008,2026-06-11,,dropped,65,,,hr,Data Analyst,Junior,office,kk,2025-08-01,workshop,online,4,False,314,1,0,4,0.5,0.25,0.125,0.125,1,0.3333333333333333,2,0.75,96,0.8163265306122449,0,7,dropped,0
R002469,E0102,EV_040,2026-06-11,,completed,100,,,manager,Frontend Engineer,Junior,remote,ru,2024-05-30,workshop,offline,4,False,742,2,1,12,0.5625,0.0625,0.25,0.125,3,0.6,4,0.6666666666666666,115,0.6837606837606838,0,10,completed,1
R002470,E0041,EV_036,2026-06-12,,completed,100,,4.0,self,Product Manager,Senior,office,kk,2023-09-22,meetup,offline,2,False,994,3,2,10,0.5714285714285714,0.14285714285714285,0.14285714285714285,0.14285714285714285,4,0.8333333333333334,2,0.75,198,0.715,0,11,completed,1
R002471,E0152,EV_040,2026-06-12,,no_show,0,,,self,Sales Manager,Junior,remote,kk,2025-12-16,workshop,offline,4,False,178,1,0,1,0.4,0.2,0.2,0.2,0,0.5,1,0.6666666666666666,116,0.6864406779661016,0,11,no_show,0
R002472,E0169,EV_040,2026-06-12,,completed,100,,4.0,hr,Sales Manager,Lead,office,kk,2020-04-29,workshop,offline,4,False,2235,1,0,11,0.6,0.13333333333333333,0.13333333333333333,0.13333333333333333,7,0.6666666666666666,2,0.75,116,0.6864406779661016,0,11,completed,1
R002473,E0029,EV_036,2026-06-15,,declined,0,,,manager,Customer Support Specialist,Senior,hybrid,kk,2025-03-13,meetup,offline,2,False,459,2,1,10,0.5714285714285714,0.14285714285714285,0.21428571428571427,0.07142857142857142,2,0.5,1,0.3333333333333333,199,0.7164179104477612,0,5,declined,0
R002474,E0110,EV_005,2026-06-15,,completed,100,72.0,5.0,self,QA Engineer,Junior,office,kk,2026-04-28,course,online,16,False,48,1,0,0,0.25,0.25,0.25,0.25,0,0.5,0,0.5,38,0.575,0,28,completed,1
R002475,E0116,EV_020,2026-06-15,,completed,100,97.0,3.0,self,Product Manager,Middle,office,kk,2025-02-20,course,self_paced,40,False,480,1,0,2,0.5,0.16666666666666666,0.16666666666666666,0.16666666666666666,0,0.5,0,0.5,20,0.5909090909090909,0,14,completed,1
R002476,E0198,EV_036,2026-06-15,,completed,100,,4.0,self,Sales Manager,Junior,office,ru,2024-06-26,meetup,offline,2,False,719,4,3,11,0.6,0.06666666666666667,0.26666666666666666,0.06666666666666667,5,0.7142857142857143,3,0.6,199,0.7164179104477612,0,14,completed,1
R002477,E0034,EV_008,2026-06-16,,completed,100,,2.0,manager,Data Analyst,Junior,office,kk,2025-08-01,workshop,online,4,False,319,2,1,5,0.4444444444444444,0.3333333333333333,0.1111111111111111,0.1111111111111111,2,0.25,3,0.6,97,0.8080808080808081,0,5,completed,1
R002478,E0112,EV_036,2026-06-16,,no_show,0,,,self,Customer Support Specialist,Senior,hybrid,ru,2019-12-30,meetup,offline,2,False,2360,3,2,11,0.6,0.13333333333333333,0.06666666666666667,0.2,3,0.6,2,0.5,201,0.7142857142857143,0,15,no_show,0
R002479,E0079,EV_036,2026-06-17,,declined,0,,,manager,Sales Manager,Junior,office,ru,2024-10-14,meetup,offline,2,False,611,6,5,11,0.8,0.06666666666666667,0.06666666666666667,0.06666666666666667,7,0.8888888888888888,5,0.8571428571428571,202,0.7107843137254902,0,9,declined,0
R002480,E0089,EV_032,2026-06-18,,completed,100,,5.0,hr,Sales Manager,Junior,hybrid,kk,2025-12-01,workshop,offline,8,False,199,1,0,1,0.4,0.2,0.2,0.2,1,0.6666666666666666,0,0.5,25,0.7407407407407407,0,13,completed,1
R002481,E0033,EV_039,2026-06-19,,completed,100,,5.0,self,Data Analyst,Middle,office,kk,2025-09-23,workshop,online,3,False,269,1,0,3,0.42857142857142855,0.14285714285714285,0.14285714285714285,0.2857142857142857,1,0.6666666666666666,2,0.5,84,0.7674418604651163,0,18,completed,1
R002482,E0124,EV_037,2026-06-19,,no_show,0,,,manager,Data Analyst,Middle,office,kk,2025-02-17,mentoring,online,12,False,487,1,0,5,0.4444444444444444,0.1111111111111111,0.2222222222222222,0.2222222222222222,2,0.25,0,0.5,99,0.7227722772277227,0,18,no_show,0
R002483,E0013,EV_037,2026-06-22,,completed,100,,2.0,self,Backend Engineer,Senior,office,ru,2020-12-28,mentoring,online,12,False,2002,1,0,9,0.6153846153846154,0.07692307692307693,0.15384615384615385,0.15384615384615385,4,0.6666666666666666,1,0.6666666666666666,100,0.7156862745098039,0,21,completed,1
R002484,E0065,EV_036,2026-06-22,,completed,100,,4.0,hr,QA Engineer,Middle,hybrid,en,2022-08-01,meetup,offline,2,False,1421,2,1,12,0.625,0.125,0.125,0.125,4,0.6666666666666666,1,0.3333333333333333,203,0.7073170731707317,0,12,completed,1
R002485,E0084,EV_001,2026-06-22,2026-07-22,completed,100,97.0,,hr,HR Business Partner,Junior,hybrid,kk,2026-06-18,compliance,self_paced,2,True,4,1,0,0,0.25,0.25,0.25,0.25,0,0.5,0,0.5,0,0.5,1,-1,not_training_eligible,
R002486,E0084,EV_002,2026-06-22,2026-07-22,completed,100,88.0,,hr,HR Business Partner,Junior,hybrid,kk,2026-06-18,compliance,self_paced,2,True,4,1,0,0,0.25,0.25,0.25,0.25,0,0.5,0,0.5,0,0.5,1,-1,not_training_eligible,
R002487,E0084,EV_003,2026-06-22,2026-07-22,completed,100,99.0,,hr,HR Business Partner,Junior,hybrid,kk,2026-06-18,compliance,self_paced,2,True,4,1,0,0,0.25,0.25,0.25,0.25,0,0.5,0,0.5,0,0.5,1,-1,not_training_eligible,
R002488,E0105,EV_036,2026-06-22,,completed,100,,,manager,HR Business Partner,Senior,office,kk,2024-04-22,meetup,offline,2,False,791,1,0,12,0.625,0.25,0.0625,0.0625,0,0.5,0,0.5,203,0.7073170731707317,0,13,completed,1
R002489,E0137,EV_006,2026-06-22,,no_show,0,,,hr,Backend Engineer,Middle,remote,kk,2025-02-17,workshop,offline,12,False,490,1,0,5,0.4444444444444444,0.2222222222222222,0.2222222222222222,0.1111111111111111,2,0.5,1,0.6666666666666666,19,0.6666666666666666,0,21,no_show,0
R002490,E0151,EV_036,2026-06-22,,no_show,0,,,manager,HR Business Partner,Junior,remote,ru,2025-09-11,meetup,offline,2,False,284,2,1,5,0.5555555555555556,0.1111111111111111,0.2222222222222222,0.1111111111111111,1,0.3333333333333333,1,0.3333333333333333,203,0.7073170731707317,0,21,no_show,0
R002491,E0175,EV_006,2026-06-22,,completed,100,,,hr,Backend Engineer,Lead,hybrid,kk,2016-10-03,workshop,offline,12,False,3549,1,0,3,0.2857142857142857,0.2857142857142857,0.2857142857142857,0.14285714285714285,1,0.3333333333333333,1,0.3333333333333333,19,0.6666666666666666,0,21,completed,1
R002492,E0193,EV_025,2026-06-22,,dropped,15,,3.0,self,Data Analyst,Middle,office,ru,2022-08-01,course,online,10,False,1421,1,0,8,0.5833333333333334,0.16666666666666666,0.08333333333333333,0.16666666666666666,2,0.75,3,0.6,14,0.6875,0,21,dropped,0
R002493,E0043,EV_011,2026-06-23,,completed,100,,3.0,self,Frontend Engineer,Senior,hybrid,ru,2021-08-13,workshop,offline,6,False,1775,1,0,9,0.7692307692307693,0.07692307692307693,0.07692307692307693,0.07692307692307693,1,0.6666666666666666,2,0.75,22,0.6666666666666666,0,22,completed,1
R002494,E0150,EV_039,2026-06-23,,completed,100,,5.0,manager,Backend Engineer,Middle,office,ru,2023-07-03,workshop,online,3,False,1086,1,0,10,0.6428571428571429,0.07142857142857142,0.14285714285714285,0.14285714285714285,3,0.8,4,0.8333333333333334,85,0.7701149425287356,0,22,completed,1
R002495,E0064,EV_038,2026-06-24,,no_show,0,,,self,Backend Engineer,Senior,office,ru,2021-10-20,course,online,16,False,1708,2,1,5,0.3333333333333333,0.2222222222222222,0.2222222222222222,0.2222222222222222,3,0.2,1,0.3333333333333333,60,0.7258064516129032,0,19,no_show,0
R002496,E0104,EV_033,2026-06-24,,completed,100,95.0,5.0,self,Sales Manager,Junior,remote,ru,2025-11-28,course,online,10,False,208,1,0,0,0.25,0.25,0.25,0.25,0,0.5,0,0.5,15,0.7058823529411765,0,23,completed,1
R002497,E0120,EV_039,2026-06-24,,completed,100,,5.0,manager,Frontend Engineer,Senior,hybrid,ru,2019-11-25,workshop,online,3,False,2403,1,0,7,0.6363636363636364,0.18181818181818182,0.09090909090909091,0.09090909090909091,4,0.8333333333333334,1,0.3333333333333333,86,0.7727272727272727,0,16,completed,1
R002498,E0115,EV_005,2026-06-25,,completed,100,81.0,5.0,manager,Frontend Engineer,Junior,hybrid,ru,2025-02-12,course,online,16,False,498,1,0,8,0.5,0.25,0.16666666666666666,0.08333333333333333,5,0.42857142857142855,4,0.6666666666666666,39,0.5853658536585366,0,24,completed,1
R002499,E0061,EV_025,2026-06-26,,completed,100,82.0,4.0,self,Data Analyst,Lead,remote,kk,2023-07-17,course,online,10,False,1075,1,0,5,0.3333333333333333,0.1111111111111111,0.3333333333333333,0.2222222222222222,1,0.6666666666666666,2,0.75,15,0.6470588235294118,0,25,completed,1
R002500,E0117,EV_001,2026-06-26,2026-07-26,completed,100,93.0,,hr,Frontend Engineer,Junior,remote,kk,2026-06-23,compliance,self_paced,2,True,3,1,0,0,0.25,0.25,0.25,0.25,0,0.5,0,0.5,0,0.5,1,-1,not_training_eligible,
R002501,E0117,EV_002,2026-06-26,2026-07-26,overdue,25,,,hr,Frontend Engineer,Junior,remote,kk,2026-06-23,compliance,self_paced,2,True,3,1,0,0,0.25,0.25,0.25,0.25,0,0.5,0,0.5,0,0.5,1,-1,not_training_eligible,
R002502,E0117,EV_003,2026-06-26,2026-07-26,overdue,25,,,hr,Frontend Engineer,Junior,remote,kk,2026-06-23,compliance,self_paced,2,True,3,1,0,0,0.25,0.25,0.25,0.25,0,0.5,0,0.5,0,0.5,1,-1,not_training_eligible,
R002503,E0148,EV_036,2026-06-29,,completed,100,,2.0,manager,Sales Manager,Lead,office,kk,2020-08-18,meetup,offline,2,False,2141,4,3,10,0.7142857142857143,0.07142857142857142,0.14285714285714285,0.07142857142857142,5,0.8571428571428571,3,0.8,206,0.7067307692307693,0,28,completed,1
R002504,E0187,EV_020,2026-06-29,,dropped,35,,,manager,Data Analyst,Junior,office,ru,2024-03-25,course,self_paced,40,False,826,1,0,8,0.5,0.16666666666666666,0.16666666666666666,0.16666666666666666,1,0.3333333333333333,2,0.5,21,0.6086956521739131,0,28,dropped,0
R002505,E0053,EV_036,2026-06-30,,no_show,0,,,self,QA Engineer,Junior,remote,kk,2024-05-28,meetup,offline,2,False,763,1,0,12,0.3125,0.125,0.5,0.0625,9,0.2727272727272727,0,0.5,207,0.7081339712918661,0,29,no_show,0
R002506,E0061,EV_009,2026-06-30,,completed,100,93.0,4.0,self,Data Analyst,Lead,remote,kk,2023-07-17,certification,self_paced,40,False,1079,2,1,6,0.4,0.1,0.3,0.2,2,0.5,1,0.3333333333333333,47,0.6326530612244898,0,4,completed,1
R002507,E0118,EV_036,2026-06-30,,completed,100,,5.0,hr,Frontend Engineer,Middle,hybrid,ru,2021-11-01,meetup,offline,2,False,1702,2,1,10,0.5714285714285714,0.21428571428571427,0.14285714285714285,0.07142857142857142,2,0.75,1,0.6666666666666666,207,0.7081339712918661,0,29,completed,1
R002508,E0154,EV_036,2026-06-30,,declined,0,,,manager,Frontend Engineer,Middle,office,ru,2023-08-16,meetup,offline,2,False,1049,3,2,8,0.5833333333333334,0.08333333333333333,0.16666666666666666,0.16666666666666666,4,0.5,2,0.5,207,0.7081339712918661,0,29,declined,0
R002509,E0163,EV_039,2026-06-30,,completed,100,,5.0,manager,Sales Manager,Middle,office,ru,2022-05-25,workshop,online,3,False,1497,1,0,8,0.5833333333333334,0.08333333333333333,0.08333333333333333,0.25,3,0.8,2,0.75,87,0.7752808988764045,0,29,completed,1
R002510,E0200,EV_011,2026-06-30,,dropped,15,,,self,Backend Engineer,Junior,hybrid,ru,2025-07-14,workshop,offline,6,False,351,1,0,3,0.2857142857142857,0.2857142857142857,0.14285714285714285,0.2857142857142857,0,0.5,1,0.6666666666666666,23,0.68,0,29,dropped,0
R002511,E0084,EV_004,2026-07-01,2026-07-18,completed,100,,4.0,hr,HR Business Partner,Junior,hybrid,kk,2026-06-18,onboarding,offline,8,True,13,1,0,0,0.25,0.25,0.25,0.25,0,0.5,0,0.5,0,0.5,0,9,not_training_eligible,
R002512,E0092,EV_011,2026-07-01,,completed,100,,4.0,self,Backend Engineer,Middle,office,en,2024-10-11,workshop,offline,6,False,628,1,0,6,0.3,0.3,0.2,0.2,1,0.6666666666666666,1,0.6666666666666666,24,0.6538461538461539,0,30,completed,1
R002513,E0153,EV_036,2026-07-01,,declined,0,,,manager,Sales Manager,Middle,office,ru,2022-10-17,meetup,offline,2,False,1353,6,5,11,0.7333333333333333,0.06666666666666667,0.13333333333333333,0.06666666666666667,7,0.7777777777777778,5,0.7142857142857143,210,0.7028301886792453,0,30,declined,0
R002514,E0091,EV_038,2026-07-02,,completed,100,64.0,5.0,self,QA Engineer,Senior,hybrid,kk,2024-05-28,course,online,16,False,765,1,0,8,0.5833333333333334,0.25,0.08333333333333333,0.08333333333333333,5,0.5714285714285714,3,0.4,61,0.7142857142857143,0,31,completed,1
R002515,E0177,EV_034,2026-07-02,,no_show,0,,,self,Customer Support Specialist,Middle,office,ru,2024-08-12,workshop,online,4,False,689,2,1,5,0.2222222222222222,0.2222222222222222,0.3333333333333333,0.2222222222222222,4,0.3333333333333333,3,0.2,55,0.7192982456140351,0,31,no_show,0
R002516,E0026,EV_040,2026-07-03,,completed,100,,5.0,self,Backend Engineer,Senior,hybrid,kk,2022-04-25,workshop,offline,4,False,1530,1,0,12,0.5625,0.1875,0.0625,0.1875,3,0.8,2,0.75,118,0.6833333333333333,0,32,completed,1
R002517,E0088,EV_012,2026-07-03,,completed,100,87.0,5.0,self,Backend Engineer,Senior,remote,kk,2019-04-22,course,self_paced,24,False,2629,1,0,8,0.6666666666666666,0.08333333333333333,0.16666666666666666,0.08333333333333333,0,0.5,4,0.8333333333333334,29,0.5161290322580645,0,31,completed,1
R002518,E0137,EV_025,2026-07-03,,no_show,0,,,manager,Backend Engineer,Middle,remote,kk,2025-02-17,course,online,10,False,501,1,0,6,0.4,0.2,0.3,0.1,2,0.75,1,0.6666666666666666,16,0.6666666666666666,0,11,no_show,0
R002519,E0147,EV_017,2026-07-03,,dropped,15,,,manager,Frontend Engineer,Middle,office,ru,2024-05-27,course,online,16,False,767,1,0,9,0.6923076923076923,0.07692307692307693,0.15384615384615385,0.07692307692307693,3,0.8,1,0.6666666666666666,14,0.5,0,23,dropped,0
R002520,E0162,EV_025,2026-07-03,,declined,0,,,manager,Data Analyst,Middle,hybrid,kk,2024-01-15,course,online,10,False,900,1,0,9,0.6923076923076923,0.07692307692307693,0.15384615384615385,0.07692307692307693,3,0.8,2,0.75,16,0.6666666666666666,0,32,declined,0
R002521,E0035,EV_037,2026-07-06,,no_show,0,,,manager,Customer Support Specialist,Lead,hybrid,ru,2021-08-26,mentoring,online,12,False,1775,2,1,10,0.5714285714285714,0.07142857142857142,0.21428571428571427,0.14285714285714285,8,0.6,1,0.3333333333333333,101,0.7184466019417476,0,35,no_show,0
R002522,E0090,EV_040,2026-07-06,,completed,100,,3.0,self,Data Analyst,Middle,office,ru,2025-06-24,workshop,offline,4,False,377,1,0,1,0.4,0.2,0.2,0.2,1,0.6666666666666666,0,0.5,119,0.6859504132231405,0,35,completed,1
R002523,E0130,EV_019,2026-07-06,,completed,100,,2.0,self,QA Engineer,Middle,hybrid,kk,2024-11-18,workshop,offline,8,False,595,1,0,4,0.625,0.125,0.125,0.125,0,0.5,1,0.6666666666666666,27,0.4827586206896552,0,34,completed,1
R002524,E0140,EV_009,2026-07-06,,completed,100,93.0,4.0,hr,Backend Engineer,Middle,office,ru,2024-06-21,certification,self_paced,40,False,745,1,0,12,0.4375,0.375,0.0625,0.125,2,0.25,0,0.5,48,0.64,0,35,completed,1
R002525,E0043,EV_039,2026-07-07,,completed,100,,,self,Frontend Engineer,Senior,hybrid,ru,2021-08-13,workshop,online,3,False,1789,1,0,10,0.7857142857142857,0.07142857142857142,0.07142857142857142,0.07142857142857142,6,0.875,3,0.8,88,0.7777777777777778,0,14,completed,1
R002526,E0134,EV_036,2026-07-07,,declined,0,,,manager,Product Manager,Middle,hybrid,ru,2023-05-01,meetup,offline,2,False,1163,3,2,6,0.3,0.2,0.4,0.1,4,0.3333333333333333,2,0.25,211,0.6995305164319249,0,36,declined,0
R002527,E0147,EV_036,2026-07-07,,completed,100,,4.0,self,Frontend Engineer,Middle,office,ru,2024-05-27,meetup,offline,2,False,771,2,1,10,0.6428571428571429,0.14285714285714285,0.14285714285714285,0.07142857142857142,4,0.6666666666666666,1,0.3333333333333333,211,0.6995305164319249,0,4,completed,1
R002528,E0065,EV_036,2026-07-08,,declined,0,,,manager,QA Engineer,Middle,hybrid,en,2022-08-01,meetup,offline,2,False,1437,3,2,13,0.6470588235294118,0.11764705882352941,0.11764705882352941,0.11764705882352941,5,0.7142857142857143,2,0.5,213,0.6976744186046512,0,16,declined,0
R002529,E0135,EV_005,2026-07-08,,completed,100,97.0,,self,Backend Engineer,Junior,remote,kk,2026-05-14,course,online,16,False,55,1,0,0,0.25,0.25,0.25,0.25,0,0.5,0,0.5,40,0.5952380952380952,0,35,completed,1
R002530,E0178,EV_010,2026-07-08,,completed,100,87.0,3.0,hr,Backend Engineer,Middle,remote,kk,2025-12-22,course,online,20,False,198,1,0,1,0.2,0.2,0.4,0.2,1,0.3333333333333333,1,0.3333333333333333,17,0.6842105263157895,0,37,completed,1
R002531,E0184,EV_008,2026-07-08,,completed,100,,4.0,manager,Backend Engineer,Middle,office,ru,2024-10-30,workshop,online,4,False,616,1,0,5,0.2222222222222222,0.4444444444444444,0.1111111111111111,0.2222222222222222,3,0.4,0,0.5,98,0.81,0,37,completed,1
R002532,E0089,EV_039,2026-07-09,,completed,100,,,manager,Sales Manager,Junior,hybrid,kk,2025-12-01,workshop,online,3,False,220,1,0,2,0.5,0.16666666666666666,0.16666666666666666,0.16666666666666666,0,0.5,1,0.6666666666666666,89,0.7802197802197802,0,21,completed,1
R002533,E0190,EV_038,2026-07-09,,completed,100,82.0,5.0,manager,Backend Engineer,Senior,office,kk,2023-11-30,course,online,16,False,952,1,0,3,0.42857142857142855,0.2857142857142857,0.14285714285714285,0.14285714285714285,1,0.6666666666666666,2,0.75,62,0.71875,0,38,completed,1
R002534,E0080,EV_037,2026-07-10,,no_show,0,,,hr,Data Analyst,Senior,hybrid,ru,2018-08-15,mentoring,online,12,False,2886,1,0,10,0.35714285714285715,0.35714285714285715,0.14285714285714285,0.14285714285714285,4,0.6666666666666666,0,0.5,102,0.7115384615384616,0,39,no_show,0
R002535,E0093,EV_036,2026-07-10,,completed,100,,5.0,self,Customer Support Specialist,Middle,hybrid,kk,2022-08-31,meetup,offline,2,False,1409,5,4,12,0.625,0.125,0.0625,0.1875,5,0.7142857142857143,4,0.6666666666666666,214,0.6944444444444444,0,39,completed,1
R002536,E0181,EV_022,2026-07-10,,no_show,0,,,self,Product Manager,Senior,office,ru,2025-01-27,course,online,12,False,529,1,0,8,0.4166666666666667,0.16666666666666666,0.25,0.16666666666666666,6,0.375,2,0.25,16,0.6111111111111112,0,39,no_show,0
R002537,E0184,EV_040,2026-07-13,,declined,0,,,manager,Backend Engineer,Middle,office,ru,2024-10-30,workshop,offline,4,False,621,1,0,6,0.3,0.4,0.1,0.2,0,0.5,1,0.6666666666666666,120,0.6885245901639344,0,5,declined,0
R002538,E0041,EV_008,2026-07-14,,completed,100,,4.0,self,Product Manager,Senior,office,kk,2023-09-22,workshop,online,4,False,1026,1,0,11,0.6,0.13333333333333333,0.13333333333333333,0.13333333333333333,4,0.5,3,0.6,99,0.8118811881188119,0,32,completed,1
R002539,E0072,EV_018,2026-07-14,,dropped,75,,1.0,manager,QA Engineer,Middle,office,ru,2024-04-15,course,online,24,False,820,2,1,3,0.14285714285714285,0.42857142857142855,0.14285714285714285,0.2857142857142857,2,0.25,1,0.3333333333333333,16,0.6111111111111112,0,43,dropped,0
R002540,E0118,EV_017,2026-07-14,,completed,100,99.0,3.0,self,Frontend Engineer,Middle,hybrid,ru,2021-11-01,course,online,16,False,1716,2,1,11,0.6,0.2,0.13333333333333333,0.06666666666666667,7,0.5555555555555556,5,0.42857142857142855,15,0.47058823529411764,0,14,completed,1
R002541,E0129,EV_033,2026-07-14,,completed,100,67.0,3.0,self,Sales Manager,Middle,hybrid,kk,2026-01-14,course,online,10,False,181,1,0,3,0.42857142857142855,0.14285714285714285,0.14285714285714285,0.2857142857142857,1,0.3333333333333333,0,0.5,16,0.7222222222222222,0,43,completed,1
R002542,E0165,EV_022,2026-07-14,,completed,100,96.0,,manager,Product Manager,Junior,office,ru,2024-08-30,course,online,12,False,683,1,0,12,0.5625,0.25,0.125,0.0625,2,0.75,0,0.5,17,0.5789473684210527,0,43,completed,1
R002543,E0186,EV_007,2026-07-14,,completed,100,,4.0,self,Backend Engineer,Middle,hybrid,ru,2022-06-16,mentoring,online,8,False,1489,1,0,9,0.46153846153846156,0.23076923076923078,0.15384615384615385,0.15384615384615385,5,0.42857142857142855,1,0.6666666666666666,18,0.55,0,43,completed,1
R002544,E0111,EV_011,2026-07-15,,completed,100,,4.0,manager,QA Engineer,Middle,office,ru,2024-06-19,workshop,offline,6,False,756,1,0,9,0.7692307692307693,0.07692307692307693,0.07692307692307693,0.07692307692307693,3,0.8,4,0.8333333333333334,25,0.6666666666666666,0,44,completed,1
R002545,E0139,EV_037,2026-07-15,,no_show,0,,,self,Customer Support Specialist,Senior,office,kk,2025-03-25,mentoring,online,12,False,477,1,0,5,0.4444444444444444,0.1111111111111111,0.2222222222222222,0.2222222222222222,4,0.5,0,0.5,103,0.7047619047619048,0,44,no_show,0
R002546,E0154,EV_014,2026-07-15,,completed,100,,4.0,manager,Frontend Engineer,Middle,office,ru,2023-08-16,workshop,offline,8,False,1064,1,0,9,0.5384615384615384,0.07692307692307693,0.15384615384615385,0.23076923076923078,5,0.42857142857142855,3,0.6,9,0.7272727272727273,0,15,completed,1
R002547,E0024,EV_034,2026-07-17,,completed,100,,3.0,manager,Customer Support Specialist,Junior,office,kk,2026-04-24,workshop,online,4,False,84,1,0,0,0.25,0.25,0.25,0.25,0,0.5,0,0.5,56,0.7068965517241379,0,63,completed,1
R002548,E0035,EV_036,2026-07-17,,no_show,0,,,self,Customer Support Specialist,Lead,hybrid,ru,2021-08-26,meetup,offline,2,False,1786,2,1,11,0.5333333333333333,0.06666666666666667,0.26666666666666666,0.13333333333333333,2,0.75,1,0.6666666666666666,215,0.695852534562212,0,11,no_show,0
R002549,E0065,EV_036,2026-07-17,,completed,100,,4.0,manager,QA Engineer,Middle,hybrid,en,2022-08-01,meetup,offline,2,False,1446,4,3,14,0.6111111111111112,0.1111111111111111,0.1111111111111111,0.16666666666666666,6,0.625,3,0.4,215,0.695852534562212,0,9,completed,1
R002550,E0117,EV_004,2026-07-17,2026-07-23,completed,100,,3.0,hr,Frontend Engineer,Junior,remote,kk,2026-06-23,onboarding,offline,8,True,24,1,0,0,0.25,0.25,0.25,0.25,0,0.5,0,0.5,0,0.5,0,21,not_training_eligible,
R002551,E0028,EV_039,2026-07-20,,completed,100,,2.0,self,Backend Engineer,Middle,hybrid,kk,2022-05-23,workshop,online,3,False,1519,1,0,8,0.4166666666666667,0.3333333333333333,0.16666666666666666,0.08333333333333333,3,0.4,2,0.75,90,0.782608695652174,0,49,completed,1
R002552,E0040,EV_011,2026-07-20,,no_show,0,,,manager,Backend Engineer,Junior,office,ru,2025-06-13,workshop,offline,6,False,402,1,0,4,0.5,0.125,0.25,0.125,2,0.5,1,0.3333333333333333,26,0.6785714285714286,0,49,no_show,0
R002553,E0098,EV_037,2026-07-20,,completed,100,,5.0,manager,QA Engineer,Middle,hybrid,kk,2023-04-18,mentoring,online,12,False,1189,1,0,9,0.46153846153846156,0.38461538461538464,0.07692307692307693,0.07692307692307693,4,0.6666666666666666,0,0.5,104,0.6981132075471698,0,49,completed,1
R002554,E0055,EV_036,2026-07-21,,completed,100,,3.0,self,Product Manager,Lead,hybrid,en,2023-02-22,meetup,offline,2,False,1245,4,3,11,0.7333333333333333,0.06666666666666667,0.13333333333333333,0.06666666666666667,6,0.75,3,0.6,217,0.6940639269406392,0,49,completed,1
R002555,E0109,EV_017,2026-07-21,,dropped,35,,2.0,self,Frontend Engineer,Middle,office,ru,2023-12-21,course,online,16,False,943,1,0,8,0.5,0.16666666666666666,0.16666666666666666,0.16666666666666666,4,0.6666666666666666,1,0.3333333333333333,16,0.5,0,50,dropped,0
R002556,E0007,EV_019,2026-07-23,,completed,100,,5.0,self,Backend Engineer,Senior,office,kk,2018-10-26,workshop,offline,8,False,2827,1,0,8,0.5833333333333334,0.08333333333333333,0.16666666666666666,0.16666666666666666,2,0.5,2,0.5,28,0.5,0,52,completed,1
R002557,E0014,EV_008,2026-07-23,,dropped,80,,2.0,manager,HR Business Partner,Lead,office,en,2019-10-02,workshop,online,4,False,2486,1,0,5,0.5555555555555556,0.2222222222222222,0.1111111111111111,0.1111111111111111,3,0.8,3,0.8,100,0.8137254901960784,0,52,dropped,0
R002558,E0056,EV_032,2026-07-23,,completed,100,,4.0,self,Sales Manager,Middle,office,ru,2022-07-18,workshop,offline,8,False,1466,1,0,5,0.4444444444444444,0.1111111111111111,0.2222222222222222,0.2222222222222222,1,0.6666666666666666,1,0.6666666666666666,26,0.75,0,52,completed,1
R002559,E0062,EV_036,2026-07-23,,declined,0,,,hr,Sales Manager,Middle,office,ru,2022-06-22,meetup,offline,2,False,1492,2,1,8,0.6666666666666666,0.08333333333333333,0.16666666666666666,0.08333333333333333,3,0.6,1,0.3333333333333333,218,0.6954545454545454,0,52,declined,0
R002560,E0087,EV_037,2026-07-23,,completed,100,,2.0,manager,Backend Engineer,Middle,office,ru,2025-04-15,mentoring,online,12,False,464,1,0,2,0.3333333333333333,0.3333333333333333,0.16666666666666666,0.16666666666666666,0,0.5,0,0.5,105,0.7009345794392523,0,52,completed,1
R002561,E0103,EV_011,2026-07-23,,no_show,0,,,self,QA Engineer,Senior,remote,ru,2021-08-17,workshop,offline,6,False,1801,1,0,7,0.5454545454545454,0.09090909090909091,0.2727272727272727,0.09090909090909091,1,0.3333333333333333,3,0.6,27,0.6551724137931034,0,52,no_show,0
R002562,E0107,EV_040,2026-07-23,,completed,100,,4.0,self,Product Manager,Middle,office,ru,2022-04-25,workshop,offline,4,False,1550,2,1,12,0.6875,0.125,0.0625,0.125,6,0.625,7,0.6666666666666666,121,0.6829268292682927,0,44,completed,1
R002563,E0119,EV_001,2026-07-23,2026-08-22,completed,100,88.0,,hr,Backend Engineer,Junior,office,ru,2026-07-20,compliance,self_paced,2,True,3,1,0,0,0.25,0.25,0.25,0.25,0,0.5,0,0.5,0,0.5,1,-1,not_training_eligible,
R002564,E0119,EV_002,2026-07-23,2026-08-22,completed,100,80.0,,hr,Backend Engineer,Junior,office,ru,2026-07-20,compliance,self_paced,2,True,3,1,0,0,0.25,0.25,0.25,0.25,0,0.5,0,0.5,0,0.5,1,-1,not_training_eligible,
R002565,E0119,EV_003,2026-07-23,2026-08-22,completed,100,72.0,,hr,Backend Engineer,Junior,office,ru,2026-07-20,compliance,self_paced,2,True,3,1,0,0,0.25,0.25,0.25,0.25,0,0.5,0,0.5,0,0.5,1,-1,not_training_eligible,
R002566,E0154,EV_040,2026-07-23,,dropped,10,,,self,Frontend Engineer,Middle,office,ru,2023-08-16,workshop,offline,4,False,1072,2,1,10,0.5714285714285714,0.07142857142857142,0.14285714285714285,0.21428571428571427,6,0.5,4,0.6666666666666666,121,0.6829268292682927,0,8,dropped,0
R002567,E0067,EV_036,2026-07-24,,completed,100,,,manager,Frontend Engineer,Middle,hybrid,ru,2024-10-16,meetup,offline,2,False,646,2,1,8,0.75,0.08333333333333333,0.08333333333333333,0.08333333333333333,3,0.8,1,0.6666666666666666,219,0.6923076923076923,0,53,completed,1
R002568,E0035,EV_037,2026-07-27,,completed,100,,4.0,manager,Customer Support Specialist,Lead,hybrid,ru,2021-08-26,mentoring,online,12,False,1796,3,2,12,0.5,0.0625,0.3125,0.125,9,0.5454545454545454,2,0.25,106,0.7037037037037037,0,10,completed,1
R002569,E0053,EV_011,2026-07-27,,no_show,0,,,manager,QA Engineer,Junior,remote,kk,2024-05-28,workshop,offline,6,False,790,1,0,13,0.29411764705882354,0.11764705882352941,0.5294117647058824,0.058823529411764705,10,0.25,10,0.3333333333333333,28,0.6333333333333333,0,27,no_show,0
R002570,E0062,EV_036,2026-07-27,,declined,0,,,manager,Sales Manager,Middle,office,ru,2022-06-22,meetup,offline,2,False,1496,3,2,9,0.6153846153846154,0.07692307692307693,0.15384615384615385,0.15384615384615385,4,0.5,2,0.25,220,0.6936936936936937,0,4,declined,0
R002571,E0070,EV_040,2026-07-27,,completed,100,,,self,Customer Support Specialist,Senior,hybrid,kk,2022-11-30,workshop,offline,4,False,1335,1,0,5,0.5555555555555556,0.1111111111111111,0.1111111111111111,0.2222222222222222,0,0.5,2,0.75,123,0.68,0,56,completed,1
R002572,E0087,EV_006,2026-07-27,,completed,100,,4.0,self,Backend Engineer,Middle,office,ru,2025-04-15,workshop,offline,12,False,468,2,1,3,0.42857142857142855,0.2857142857142857,0.14285714285714285,0.14285714285714285,1,0.3333333333333333,1,0.3333333333333333,21,0.6521739130434783,0,4,completed,1
R002573,E0093,EV_036,2026-07-27,,completed,100,,3.0,hr,Customer Support Specialist,Middle,hybrid,kk,2022-08-31,meetup,offline,2,False,1426,6,5,13,0.6470588235294118,0.11764705882352941,0.058823529411764705,0.17647058823529413,6,0.75,5,0.7142857142857143,220,0.6936936936936937,0,17,completed,1
R002574,E0172,EV_037,2026-07-27,,completed,100,,5.0,self,HR Business Partner,Senior,remote,ru,2018-08-27,mentoring,online,12,False,2891,1,0,7,0.6363636363636364,0.18181818181818182,0.09090909090909091,0.09090909090909091,5,0.7142857142857143,0,0.5,106,0.7037037037037037,0,56,completed,1
R002575,E0080,EV_008,2026-07-28,,no_show,0,,,manager,Data Analyst,Senior,hybrid,ru,2018-08-15,workshop,online,4,False,2904,1,0,11,0.3333333333333333,0.3333333333333333,0.2,0.13333333333333333,5,0.5714285714285714,2,0.75,101,0.8058252427184466,0,18,no_show,0
R002576,E0187,EV_040,2026-07-28,,completed,100,,,manager,Data Analyst,Junior,office,ru,2024-03-25,workshop,offline,4,False,855,1,0,9,0.46153846153846156,0.23076923076923078,0.15384615384615385,0.15384615384615385,2,0.5,5,0.7142857142857143,124,0.6825396825396826,0,29,completed,1
R002577,E0194,EV_038,2026-07-28,,no_show,0,,,manager,Frontend Engineer,Senior,remote,ru,2021-07-14,course,online,16,False,1840,2,1,6,0.5,0.2,0.2,0.1,5,0.5714285714285714,2,0.5,63,0.7230769230769231,0,57,no_show,0
R002578,E0029,EV_036,2026-07-29,,no_show,0,,,self,Customer Support Specialist,Senior,hybrid,kk,2025-03-13,meetup,offline,2,False,503,3,2,11,0.5333333333333333,0.13333333333333333,0.2,0.13333333333333333,3,0.4,2,0.25,222,0.6919642857142857,0,44,no_show,0
R002579,E0072,EV_040,2026-07-29,,declined,0,,,hr,QA Engineer,Middle,office,ru,2024-04-15,workshop,offline,4,False,835,2,1,4,0.125,0.5,0.125,0.25,1,0.3333333333333333,1,0.3333333333333333,125,0.6850393700787402,0,15,declined,0
R002580,E0100,EV_027,2026-07-29,,completed,100,,4.0,self,Product Manager,Junior,office,ru,2024-11-18,workshop,online,6,False,618,2,1,4,0.25,0.5,0.125,0.125,1,0.3333333333333333,4,0.3333333333333333,20,0.5909090909090909,0,58,completed,1
R002581,E0184,EV_010,2026-07-29,,completed,100,68.0,4.0,self,Backend Engineer,Middle,office,ru,2024-10-30,course,online,20,False,637,3,2,7,0.2727272727272727,0.36363636363636365,0.09090909090909091,0.2727272727272727,4,0.5,3,0.4,18,0.7,0,16,completed,1
R002582,E0032,EV_022,2026-07-30,,completed,100,63.0,4.0,manager,Data Analyst,Junior,hybrid,kk,2024-07-18,course,online,12,False,742,1,0,5,0.4444444444444444,0.2222222222222222,0.2222222222222222,0.1111111111111111,1,0.6666666666666666,2,0.5,18,0.6,0,59,completed,1
R002583,E0048,EV_020,2026-07-30,,completed,100,96.0,4.0,self,Data Analyst,Middle,hybrid,kk,2024-11-22,course,self_paced,40,False,615,1,0,6,0.5,0.2,0.1,0.2,2,0.5,1,0.6666666666666666,22,0.5833333333333334,0,59,completed,1
R002584,E0091,EV_005,2026-07-30,,completed,100,62.0,4.0,self,QA Engineer,Senior,hybrid,kk,2024-05-28,course,online,16,False,793,1,0,9,0.6153846153846154,0.23076923076923078,0.07692307692307693,0.07692307692307693,6,0.625,4,0.5,41,0.6046511627906976,0,28,completed,1
R002585,E0092,EV_012,2026-07-30,,dropped,25,,2.0,manager,Backend Engineer,Middle,office,en,2024-10-11,course,self_paced,24,False,657,3,2,7,0.36363636363636365,0.2727272727272727,0.18181818181818182,0.18181818181818182,2,0.25,3,0.4,30,0.53125,0,29,dropped,0
R002586,E0109,EV_014,2026-07-30,,completed,100,,4.0,self,Frontend Engineer,Middle,office,ru,2023-12-21,workshop,offline,8,False,952,2,1,9,0.46153846153846156,0.23076923076923078,0.15384615384615385,0.15384615384615385,4,0.5,5,0.7142857142857143,10,0.75,0,9,completed,1
R002587,E0110,EV_019,2026-07-30,,completed,100,,5.0,manager,QA Engineer,Junior,office,kk,2026-04-28,workshop,offline,8,False,93,1,0,1,0.4,0.2,0.2,0.2,0,0.5,0,0.5,29,0.5161290322580645,0,45,completed,1
R002588,E0156,EV_019,2026-07-30,,completed,100,,,manager,QA Engineer,Junior,hybrid,kk,2026-01-20,workshop,offline,8,False,191,1,0,1,0.4,0.2,0.2,0.2,1,0.6666666666666666,1,0.6666666666666666,29,0.5161290322580645,0,59,completed,1
R002589,E0157,EV_040,2026-07-30,,completed,100,,5.0,hr,QA Engineer,Junior,remote,kk,2025-10-13,workshop,offline,4,False,290,1,0,4,0.5,0.125,0.25,0.125,1,0.3333333333333333,2,0.75,126,0.6796875,0,59,completed,1
R002590,E0181,EV_036,2026-07-30,,completed,100,,,hr,Product Manager,Senior,office,ru,2025-01-27,meetup,offline,2,False,549,1,0,9,0.38461538461538464,0.15384615384615385,0.3076923076923077,0.15384615384615385,2,0.75,0,0.5,223,0.6888888888888889,0,20,completed,1
R002591,E0090,EV_012,2026-08-03,,completed,100,92.0,4.0,manager,Data Analyst,Middle,office,ru,2025-06-24,course,self_paced,24,False,405,1,0,2,0.5,0.16666666666666666,0.16666666666666666,0.16666666666666666,0,0.5,0,0.5,31,0.5151515151515151,0,28,completed,1
R002592,E0119,EV_004,2026-08-03,2026-08-19,completed,100,,3.0,hr,Backend Engineer,Junior,office,ru,2026-07-20,onboarding,offline,8,True,14,1,0,0,0.25,0.25,0.25,0.25,0,0.5,0,0.5,0,0.5,0,11,not_training_eligible,
R002593,E0133,EV_031,2026-08-03,,declined,0,,,hr,HR Business Partner,Lead,office,ru,2019-08-23,workshop,online,6,False,2537,1,0,11,0.6666666666666666,0.2,0.06666666666666667,0.06666666666666667,8,0.8,7,0.7777777777777778,11,0.5384615384615384,0,63,declined,0
R002594,E0174,EV_001,2026-08-03,2026-09-02,completed,100,83.0,,hr,Sales Manager,Junior,hybrid,ru,2026-07-31,compliance,self_paced,2,True,3,1,0,0,0.25,0.25,0.25,0.25,0,0.5,0,0.5,0,0.5,1,-1,not_training_eligible,
R002595,E0174,EV_002,2026-08-03,2026-09-02,completed,100,83.0,,hr,Sales Manager,Junior,hybrid,ru,2026-07-31,compliance,self_paced,2,True,3,1,0,0,0.25,0.25,0.25,0.25,0,0.5,0,0.5,0,0.5,1,-1,not_training_eligible,
R002596,E0174,EV_003,2026-08-03,2026-09-02,completed,100,70.0,,hr,Sales Manager,Junior,hybrid,ru,2026-07-31,compliance,self_paced,2,True,3,1,0,0,0.25,0.25,0.25,0.25,0,0.5,0,0.5,0,0.5,1,-1,not_training_eligible,
R002597,E0002,EV_019,2026-08-04,,dropped,15,,,self,Backend Engineer,Middle,remote,ru,2023-04-25,workshop,offline,8,False,1197,2,1,7,0.45454545454545453,0.36363636363636365,0.09090909090909091,0.09090909090909091,1,0.3333333333333333,2,0.5,31,0.5454545454545454,0,64,dropped,0
R002598,E0063,EV_038,2026-08-04,,dropped,85,,3.0,manager,QA Engineer,Lead,office,kk,2023-08-29,course,online,16,False,1071,2,1,4,0.375,0.375,0.125,0.125,2,0.25,1,0.3333333333333333,64,0.7121212121212122,0,64,dropped,0
R002599,E0080,EV_024,2026-08-04,,completed,100,75.0,2.0,self,Data Analyst,Senior,hybrid,ru,2018-08-15,course,self_paced,30,False,2911,4,3,12,0.3125,0.3125,0.25,0.125,5,0.14285714285714285,8,0.3,10,0.5,0,7,completed,1
R002600,E0111,EV_036,2026-08-04,,completed,100,,5.0,self,QA Engineer,Middle,office,ru,2024-06-19,meetup,offline,2,False,776,2,1,10,0.7857142857142857,0.07142857142857142,0.07142857142857142,0.07142857142857142,4,0.8333333333333334,1,0.6666666666666666,224,0.6902654867256637,0,20,completed,1
R002601,E0187,EV_036,2026-08-04,,completed,100,,5.0,self,Data Analyst,Junior,office,ru,2024-03-25,meetup,offline,2,False,862,2,1,10,0.5,0.21428571428571427,0.14285714285714285,0.14285714285714285,3,0.6,1,0.3333333333333333,224,0.6902654867256637,0,7,completed,1
R002602,E0036,EV_008,2026-08-05,,no_show,0,,,manager,Frontend Engineer,Junior,remote,ru,2025-06-30,workshop,online,4,False,401,1,0,3,0.42857142857142855,0.14285714285714285,0.2857142857142857,0.14285714285714285,2,0.75,2,0.5,102,0.7980769230769231,0,65,no_show,0
R002603,E0035,EV_036,2026-08-06,,completed,100,,5.0,self,Customer Support Specialist,Lead,hybrid,ru,2021-08-26,meetup,offline,2,False,1806,3,2,13,0.5294117647058824,0.058823529411764705,0.29411764705882354,0.11764705882352941,3,0.6,2,0.5,226,0.6929824561403509,0,10,completed,1
R002604,E0058,EV_019,2026-08-06,,completed,100,,,self,Backend Engineer,Junior,office,ru,2026-03-30,workshop,offline,8,False,129,1,0,2,0.5,0.16666666666666666,0.16666666666666666,0.16666666666666666,1,0.6666666666666666,0,0.5,32,0.5294117647058824,0,62,completed,1
R002605,E0120,EV_008,2026-08-06,,completed,100,,,manager,Frontend Engineer,Senior,hybrid,ru,2019-11-25,workshop,online,4,False,2446,1,0,8,0.6666666666666666,0.16666666666666666,0.08333333333333333,0.08333333333333333,5,0.8571428571428571,2,0.5,103,0.7904761904761904,0,43,completed,1
R002606,E0182,EV_009,2026-08-06,,completed,100,92.0,3.0,hr,Frontend Engineer,Middle,office,ru,2024-06-14,certification,self_paced,40,False,783,1,0,6,0.5,0.1,0.2,0.2,0,0.5,0,0.5,49,0.6470588235294118,0,66,completed,1
R002607,E0184,EV_011,2026-08-06,,dropped,10,,,self,Backend Engineer,Middle,office,ru,2024-10-30,workshop,offline,6,False,645,1,0,8,0.3333333333333333,0.3333333333333333,0.08333333333333333,0.25,1,0.3333333333333333,2,0.5,29,0.6129032258064516,0,8,dropped,0
R002608,E0027,EV_028,2026-08-07,,dropped,35,,3.0,self,HR Business Partner,Middle,remote,ru,2025-03-18,workshop,online,4,False,507,2,1,6,0.6,0.2,0.1,0.1,4,0.6666666666666666,3,0.6,11,0.6923076923076923,0,67,dropped,0
R002609,E0047,EV_040,2026-08-07,,no_show,0,,,self,Backend Engineer,Middle,office,ru,2022-12-22,workshop,offline,4,False,1324,1,0,15,0.47368421052631576,0.2631578947368421,0.15789473684210525,0.10526315789473684,5,0.42857142857142855,7,0.4444444444444444,127,0.6821705426356589,0,67,no_show,0
R002610,E0132,EV_021,2026-08-07,,completed,100,,4.0,self,Data Analyst,Senior,remote,en,2019-08-02,workshop,online,6,False,2562,1,0,6,0.6,0.1,0.2,0.1,6,0.75,1,0.6666666666666666,15,0.5882352941176471,0,59,completed,1
R002611,E0135,EV_012,2026-08-07,,completed,100,85.0,3.0,self,Backend Engineer,Junior,remote,kk,2026-05-14,course,self_paced,24,False,85,1,0,1,0.4,0.2,0.2,0.2,0,0.5,1,0.6666666666666666,32,0.5294117647058824,0,30,completed,1
R002612,E0172,EV_028,2026-08-07,,completed,100,,2.0,self,HR Business Partner,Senior,remote,ru,2018-08-27,workshop,online,4,False,2902,1,0,8,0.6666666666666666,0.16666666666666666,0.08333333333333333,0.08333333333333333,6,0.75,4,0.6666666666666666,11,0.6923076923076923,0,11,completed,1
R002613,E0200,EV_040,2026-08-07,,no_show,0,,,self,Backend Engineer,Junior,hybrid,ru,2025-07-14,workshop,offline,4,False,389,1,0,4,0.25,0.375,0.125,0.25,1,0.3333333333333333,2,0.5,127,0.6821705426356589,0,38,no_show,0
R002614,E0162,EV_040,2026-08-10,,completed,100,,5.0,hr,Data Analyst,Middle,hybrid,kk,2024-01-15,workshop,offline,4,False,938,1,0,10,0.6428571428571429,0.07142857142857142,0.14285714285714285,0.14285714285714285,4,0.6666666666666666,3,0.8,129,0.6717557251908397,0,38,completed,1
R002615,E0169,EV_036,2026-08-10,,completed,100,,,manager,Sales Manager,Lead,office,kk,2020-04-29,meetup,offline,2,False,2294,8,7,12,0.625,0.125,0.125,0.125,8,0.7,7,0.6666666666666666,227,0.6943231441048034,0,59,completed,1
R002616,E0192,EV_012,2026-08-10,,completed,100,87.0,,self,Backend Engineer,Junior,hybrid,ru,2024-12-11,course,self_paced,24,False,607,1,0,9,0.5384615384615384,0.07692307692307693,0.23076923076923078,0.15384615384615385,0,0.5,1,0.6666666666666666,33,0.5428571428571428,0,70,completed,1
R002617,E0050,EV_008,2026-08-11,,completed,100,,4.0,self,Backend Engineer,Lead,hybrid,ru,2017-01-24,workshop,online,4,False,3486,2,1,10,0.6428571428571429,0.07142857142857142,0.14285714285714285,0.14285714285714285,5,0.7142857142857143,4,0.6666666666666666,104,0.7924528301886793,0,71,completed,1
R002618,E0145,EV_011,2026-08-11,,completed,100,,,manager,QA Engineer,Senior,office,kk,2023-10-12,workshop,offline,6,False,1034,1,0,5,0.3333333333333333,0.2222222222222222,0.2222222222222222,0.2222222222222222,3,0.4,4,0.5,30,0.59375,0,71,completed,1
R002619,E0187,EV_020,2026-08-12,,dropped,25,,,self,Data Analyst,Junior,office,ru,2024-03-25,course,self_paced,40,False,870,2,1,11,0.5333333333333333,0.2,0.13333333333333333,0.13333333333333333,2,0.25,3,0.4,23,0.6,0,8,dropped,0
R002620,E0004,EV_009,2026-08-13,,completed,100,99.0,4.0,self,Data Analyst,Middle,office,ru,2021-10-21,certification,self_paced,40,False,1757,1,0,3,0.5714285714285714,0.14285714285714285,0.14285714285714285,0.14285714285714285,1,0.6666666666666666,0,0.5,50,0.6538461538461539,0,73,completed,1
R002621,E0057,EV_036,2026-08-13,,completed,100,,,self,Sales Manager,Senior,hybrid,kk,2023-10-19,meetup,offline,2,False,1029,2,1,9,0.6153846153846154,0.07692307692307693,0.15384615384615385,0.15384615384615385,3,0.6,1,0.3333333333333333,228,0.6956521739130435,0,73,completed,1
R002622,E0174,EV_004,2026-08-13,2026-08-30,completed,100,,4.0,hr,Sales Manager,Junior,hybrid,ru,2026-07-31,onboarding,offline,8,True,13,1,0,0,0.25,0.25,0.25,0.25,0,0.5,0,0.5,0,0.5,0,10,not_training_eligible,
R002623,E0028,EV_019,2026-08-14,,completed,100,,4.0,manager,Backend Engineer,Middle,hybrid,kk,2022-05-23,workshop,offline,8,False,1544,1,0,9,0.46153846153846156,0.3076923076923077,0.15384615384615385,0.07692307692307693,2,0.75,3,0.8,33,0.5428571428571428,0,25,completed,1
R002624,E0001,EV_040,2026-08-17,,completed,100,,,self,Backend Engineer,Junior,office,kk,2026-04-28,workshop,offline,4,False,111,1,0,0,0.25,0.25,0.25,0.25,0,0.5,0,0.5,130,0.6742424242424242,0,97,completed,1
R002625,E0197,EV_005,2026-08-17,,completed,100,78.0,3.0,self,QA Engineer,Middle,hybrid,ru,2022-08-15,course,online,16,False,1463,1,0,13,0.5294117647058824,0.17647058823529413,0.17647058823529413,0.11764705882352941,7,0.5555555555555556,2,0.5,42,0.6136363636363636,0,77,completed,1
R002626,E0001,EV_008,2026-08-18,,completed,100,,3.0,self,Backend Engineer,Junior,office,kk,2026-04-28,workshop,online,4,False,112,1,0,1,0.4,0.2,0.2,0.2,0,0.5,1,0.6666666666666666,105,0.794392523364486,0,1,completed,1
R002627,E0004,EV_025,2026-08-18,,in_progress,40,,,self,Data Analyst,Middle,office,ru,2021-10-21,course,online,10,False,1762,1,0,4,0.625,0.125,0.125,0.125,0,0.5,1,0.6666666666666666,18,0.6,0,5,not_training_eligible,
R002628,E0161,EV_040,2026-08-18,,no_show,0,,,manager,Sales Manager,Senior,remote,ru,2024-05-15,workshop,offline,4,False,825,1,0,4,0.25,0.25,0.375,0.125,2,0.5,2,0.25,131,0.6766917293233082,0,78,no_show,0
R002629,E0036,EV_008,2026-08-19,,no_show,0,,,self,Frontend Engineer,Junior,remote,ru,2025-06-30,workshop,online,4,False,415,2,1,4,0.375,0.125,0.375,0.125,3,0.6,3,0.4,106,0.7962962962962963,0,14,no_show,0
R002630,E0050,EV_019,2026-08-19,,completed,100,,2.0,self,Backend Engineer,Lead,hybrid,ru,2017-01-24,workshop,offline,8,False,3494,1,0,11,0.6666666666666666,0.06666666666666667,0.13333333333333333,0.13333333333333333,4,0.6666666666666666,5,0.7142857142857143,34,0.5555555555555556,0,8,completed,1
R002631,E0123,EV_016,2026-08-19,,declined,0,,,manager,Frontend Engineer,Senior,hybrid,kk,2021-04-15,workshop,online,4,False,1952,3,2,12,0.5,0.125,0.25,0.125,6,0.375,4,0.5,26,0.75,0,79,declined,0
R002632,E0055,EV_036,2026-08-20,,completed,100,,,hr,Product Manager,Lead,hybrid,en,2023-02-22,meetup,offline,2,False,1275,5,4,12,0.75,0.0625,0.125,0.0625,7,0.7777777777777778,4,0.6666666666666666,229,0.696969696969697,0,30,completed,1
R002633,E0063,EV_038,2026-08-20,,in_progress,20,,,self,QA Engineer,Lead,office,kk,2023-08-29,course,online,16,False,1087,3,2,5,0.3333333333333333,0.4444444444444444,0.1111111111111111,0.1111111111111111,3,0.2,2,0.25,65,0.7014925373134329,0,16,not_training_eligible,
R002634,E0093,EV_036,2026-08-20,,completed,100,,,self,Customer Support Specialist,Middle,hybrid,kk,2022-08-31,meetup,offline,2,False,1450,7,6,14,0.6666666666666666,0.1111111111111111,0.05555555555555555,0.16666666666666666,7,0.7777777777777778,6,0.75,229,0.696969696969697,0,24,completed,1
R002635,E0127,EV_036,2026-08-20,,completed,100,,4.0,self,Backend Engineer,Middle,remote,kk,2022-06-29,meetup,offline,2,False,1513,4,3,9,0.46153846153846156,0.23076923076923078,0.23076923076923078,0.07692307692307693,3,0.6,3,0.6,229,0.696969696969697,0,80,completed,1
R002636,E0178,EV_011,2026-08-20,,completed,100,,5.0,self,Backend Engineer,Middle,remote,kk,2025-12-22,workshop,offline,6,False,241,1,0,2,0.3333333333333333,0.16666666666666666,0.3333333333333333,0.16666666666666666,0,0.5,0,0.5,31,0.6060606060606061,0,43,completed,1
R002637,E0073,EV_037,2026-08-21,,completed,100,,5.0,self,Data Analyst,Senior,office,ru,2022-08-29,mentoring,online,12,False,1453,1,0,10,0.35714285714285715,0.35714285714285715,0.14285714285714285,0.14285714285714285,5,0.5714285714285714,0,0.5,108,0.7090909090909091,0,81,completed,1
R002638,E0084,EV_036,2026-08-21,,completed,100,,5.0,self,HR Business Partner,Junior,hybrid,kk,2026-06-18,meetup,offline,2,False,64,1,0,0,0.25,0.25,0.25,0.25,0,0.5,0,0.5,232,0.7008547008547008,0,51,completed,1
R002639,E0131,EV_029,2026-08-21,,completed,100,92.0,4.0,self,HR Business Partner,Middle,office,ru,2022-10-31,course,self_paced,12,False,1390,1,0,5,0.4444444444444444,0.1111111111111111,0.3333333333333333,0.1111111111111111,0,0.5,0,0.5,9,0.6363636363636364,0,81,completed,1
R002640,E0064,EV_009,2026-08-24,,dropped,70,,2.0,self,Backend Engineer,Senior,office,ru,2021-10-20,certification,self_paced,40,False,1769,1,0,6,0.3,0.2,0.3,0.2,0,0.5,0,0.5,51,0.660377358490566,0,61,dropped,0
R002641,E0180,EV_034,2026-08-24,,completed,100,,3.0,manager,Customer Support Specialist,Lead,hybrid,kk,2020-05-14,workshop,online,4,False,2293,1,0,9,0.7692307692307693,0.07692307692307693,0.07692307692307693,0.07692307692307693,5,0.8571428571428571,3,0.8,57,0.711864406779661,0,84,completed,1
R002642,E0034,EV_022,2026-08-25,,completed,100,60.0,,self,Data Analyst,Junior,office,kk,2025-08-01,course,online,12,False,389,2,1,6,0.5,0.3,0.1,0.1,3,0.4,2,0.5,19,0.6190476190476191,0,70,completed,1
R002643,E0184,EV_012,2026-08-25,,completed,100,82.0,2.0,self,Backend Engineer,Middle,office,ru,2024-10-30,course,self_paced,24,False,664,1,0,9,0.3076923076923077,0.38461538461538464,0.07692307692307693,0.23076923076923078,2,0.25,4,0.5,34,0.5555555555555556,0,19,completed,1
R002644,E0191,EV_036,2026-08-25,,completed,100,,5.0,self,Sales Manager,Middle,office,ru,2022-03-15,meetup,offline,2,False,1624,2,1,7,0.5454545454545454,0.09090909090909091,0.18181818181818182,0.18181818181818182,3,0.6,1,0.6666666666666666,233,0.7021276595744681,0,82,completed,1
R002645,E0194,EV_016,2026-08-25,,completed,100,,,manager,Frontend Engineer,Senior,remote,ru,2021-07-14,workshop,online,4,False,1868,2,1,7,0.45454545454545453,0.18181818181818182,0.2727272727272727,0.09090909090909091,6,0.5,2,0.5,27,0.7241379310344828,0,28,completed,1
R002646,E0060,EV_016,2026-08-26,,completed,100,,,hr,Product Manager,Lead,office,kk,2021-10-18,workshop,online,4,False,1773,1,0,6,0.6,0.1,0.1,0.2,3,0.6,4,0.6666666666666666,28,0.7333333333333333,0,86,completed,1
R002647,E0151,EV_039,2026-08-26,,completed,100,,5.0,self,HR Business Partner,Junior,remote,ru,2025-09-11,workshop,online,3,False,349,1,0,6,0.5,0.1,0.3,0.1,4,0.8333333333333334,4,0.8333333333333334,91,0.7849462365591398,0,65,completed,1
R002648,E0173,EV_034,2026-08-26,,declined,0,,,hr,HR Business Partner,Senior,remote,kk,2019-04-25,workshop,online,4,False,2680,3,2,9,0.5384615384615384,0.07692307692307693,0.23076923076923078,0.15384615384615385,7,0.5555555555555556,6,0.5,58,0.7166666666666667,0,86,declined,0
R002649,E0180,EV_036,2026-08-26,,completed,100,,,self,Customer Support Specialist,Lead,hybrid,kk,2020-05-14,meetup,offline,2,False,2295,4,3,10,0.7857142857142857,0.07142857142857142,0.07142857142857142,0.07142857142857142,4,0.8333333333333334,3,0.8,234,0.7033898305084746,0,2,completed,1
R002650,E0058,EV_008,2026-08-27,,dropped,45,,,self,Backend Engineer,Junior,office,ru,2026-03-30,workshop,online,4,False,150,1,0,3,0.5714285714285714,0.14285714285714285,0.14285714285714285,0.14285714285714285,1,0.6666666666666666,1,0.6666666666666666,107,0.7889908256880734,0,21,dropped,0
R002651,E0076,EV_001,2026-08-27,2026-09-26,completed,100,70.0,,hr,QA Engineer,Junior,office,ru,2026-08-24,compliance,self_paced,2,True,3,1,0,0,0.25,0.25,0.25,0.25,0,0.5,0,0.5,0,0.5,1,-1,not_training_eligible,
R002652,E0076,EV_002,2026-08-27,2026-09-26,completed,100,88.0,,hr,QA Engineer,Junior,office,ru,2026-08-24,compliance,self_paced,2,True,3,1,0,0,0.25,0.25,0.25,0.25,0,0.5,0,0.5,0,0.5,1,-1,not_training_eligible,
R002653,E0076,EV_003,2026-08-27,2026-09-26,completed,100,92.0,,hr,QA Engineer,Junior,office,ru,2026-08-24,compliance,self_paced,2,True,3,1,0,0,0.25,0.25,0.25,0.25,0,0.5,0,0.5,0,0.5,1,-1,not_training_eligible,
R002654,E0148,EV_039,2026-08-27,,completed,100,,3.0,self,Sales Manager,Lead,office,kk,2020-08-18,workshop,online,3,False,2200,1,0,11,0.7333333333333333,0.06666666666666667,0.13333333333333333,0.06666666666666667,5,0.7142857142857143,4,0.8333333333333334,92,0.7872340425531915,0,59,completed,1
R002655,E0185,EV_036,2026-08-27,,completed,100,,,hr,Customer Support Specialist,Middle,remote,kk,2024-10-21,meetup,offline,2,False,675,2,1,7,0.7272727272727273,0.09090909090909091,0.09090909090909091,0.09090909090909091,2,0.75,1,0.6666666666666666,235,0.7046413502109705,0,87,completed,1
R002656,E0009,EV_035,2026-08-28,,in_progress,90,,,manager,Customer Support Specialist,Junior,remote,en,2025-11-27,course,online,16,False,274,1,0,3,0.2857142857142857,0.14285714285714285,0.2857142857142857,0.2857142857142857,2,0.5,0,0.5,27,0.7241379310344828,0,80,not_training_eligible,
R002657,E0041,EV_027,2026-08-28,,completed,100,,,self,Product Manager,Senior,office,kk,2023-09-22,workshop,online,6,False,1071,2,1,12,0.625,0.125,0.125,0.125,5,0.5714285714285714,4,0.6666666666666666,21,0.6086956521739131,0,45,completed,1
R002658,E0073,EV_022,2026-08-28,,completed,100,95.0,4.0,self,Data Analyst,Senior,office,ru,2022-08-29,course,online,12,False,1460,1,0,11,0.4,0.3333333333333333,0.13333333333333333,0.13333333333333333,6,0.625,5,0.42857142857142855,20,0.6363636363636364,0,7,completed,1
R002659,E0093,EV_036,2026-08-28,,completed,100,,5.0,self,Customer Support Specialist,Middle,hybrid,kk,2022-08-31,meetup,offline,2,False,1458,8,7,15,0.6842105263157895,0.10526315789473684,0.05263157894736842,0.15789473684210525,8,0.8,7,0.7777777777777778,236,0.7058823529411765,0,8,completed,1
R002660,E0123,EV_016,2026-08-28,,completed,100,,4.0,self,Frontend Engineer,Senior,hybrid,kk,2021-04-15,workshop,online,4,False,1961,4,3,13,0.47058823529411764,0.11764705882352941,0.23529411764705882,0.17647058823529413,7,0.3333333333333333,5,0.42857142857142855,29,0.7419354838709677,0,9,completed,1
R002661,E0128,EV_039,2026-08-28,,completed,100,,,self,Backend Engineer,Senior,hybrid,kk,2024-07-29,workshop,online,3,False,760,1,0,3,0.5714285714285714,0.14285714285714285,0.14285714285714285,0.14285714285714285,3,0.8,0,0.5,93,0.7894736842105263,0,88,completed,1
R002662,E0176,EV_036,2026-08-28,,completed,100,,5.0,manager,Product Manager,Junior,hybrid,ru,2024-04-29,meetup,offline,2,False,851,2,1,8,0.6666666666666666,0.08333333333333333,0.08333333333333333,0.16666666666666666,5,0.7142857142857143,1,0.6666666666666666,236,0.7058823529411765,0,88,completed,1
R002663,E0056,EV_040,2026-08-31,,dropped,60,,2.0,hr,Sales Manager,Middle,office,ru,2022-07-18,workshop,offline,4,False,1505,1,0,6,0.5,0.1,0.2,0.2,2,0.75,2,0.75,132,0.6716417910447762,0,39,dropped,0
R002664,E0076,EV_004,2026-08-31,2026-09-23,completed,100,,5.0,hr,QA Engineer,Junior,office,ru,2026-08-24,onboarding,offline,8,True,7,1,0,0,0.25,0.25,0.25,0.25,0,0.5,0,0.5,0,0.5,0,4,not_training_eligible,
R002665,E0096,EV_040,2026-08-31,,no_show,0,,,manager,Backend Engineer,Junior,hybrid,kk,2026-04-02,workshop,offline,4,False,151,1,0,0,0.25,0.25,0.25,0.25,0,0.5,0,0.5,132,0.6716417910447762,0,140,no_show,0
R002666,E0101,EV_001,2026-08-31,2026-09-30,completed,100,96.0,,hr,Backend Engineer,Junior,office,kk,2026-08-27,compliance,self_paced,2,True,4,1,0,0,0.25,0.25,0.25,0.25,0,0.5,0,0.5,0,0.5,1,-1,not_training_eligible,
R002667,E0101,EV_002,2026-08-31,2026-09-30,overdue,60,,,hr,Backend Engineer,Junior,office,kk,2026-08-27,compliance,self_paced,2,True,4,1,0,0,0.25,0.25,0.25,0.25,0,0.5,0,0.5,0,0.5,1,-1,not_training_eligible,
R002668,E0101,EV_003,2026-08-31,2026-09-30,completed,100,89.0,,hr,Backend Engineer,Junior,office,kk,2026-08-27,compliance,self_paced,2,True,4,1,0,0,0.25,0.25,0.25,0.25,0,0.5,0,0.5,0,0.5,1,-1,not_training_eligible,
R002669,E0115,EV_016,2026-08-31,,no_show,0,,,manager,Frontend Engineer,Junior,hybrid,ru,2025-02-12,workshop,online,4,False,565,2,1,9,0.5384615384615384,0.23076923076923078,0.15384615384615385,0.07692307692307693,6,0.5,3,0.4,30,0.75,0,67,no_show,0
R002670,E0162,EV_036,2026-08-31,,declined,0,,,manager,Data Analyst,Middle,hybrid,kk,2024-01-15,meetup,offline,2,False,959,4,3,11,0.6666666666666666,0.06666666666666667,0.13333333333333333,0.13333333333333333,5,0.7142857142857143,3,0.6,238,0.7083333333333334,0,21,declined,0
R002671,E0029,EV_036,2026-09-01,,completed,100,,4.0,self,Customer Support Specialist,Senior,hybrid,kk,2025-03-13,meetup,offline,2,False,537,4,3,12,0.5,0.125,0.25,0.125,4,0.3333333333333333,3,0.2,239,0.7053941908713693,0,34,completed,1
R002672,E0185,EV_036,2026-09-01,,completed,100,,3.0,self,Customer Support Specialist,Middle,remote,kk,2024-10-21,meetup,offline,2,False,680,3,2,8,0.75,0.08333333333333333,0.08333333333333333,0.08333333333333333,3,0.8,2,0.75,239,0.7053941908713693,0,5,completed,1
R002673,E0012,EV_037,2026-09-02,,no_show,0,,,manager,Sales Manager,Middle,hybrid,ru,2022-01-19,mentoring,online,12,False,1687,1,0,4,0.625,0.125,0.125,0.125,1,0.6666666666666666,0,0.5,109,0.7117117117117117,0,93,no_show,0
R002674,E0015,EV_037,2026-09-02,,completed,100,,3.0,manager,Frontend Engineer,Middle,office,ru,2024-03-20,mentoring,online,12,False,896,1,0,5,0.5555555555555556,0.1111111111111111,0.2222222222222222,0.1111111111111111,3,0.6,0,0.5,109,0.7117117117117117,0,93,completed,1
R002675,E0038,EV_037,2026-09-02,,completed,100,,,manager,Product Manager,Senior,hybrid,kk,2022-06-24,mentoring,online,12,False,1531,1,0,6,0.6,0.1,0.1,0.2,3,0.6,0,0.5,109,0.7117117117117117,0,90,completed,1
R002676,E0044,EV_011,2026-09-02,,completed,100,,4.0,self,Frontend Engineer,Lead,office,kk,2022-10-17,workshop,offline,6,False,1416,1,0,11,0.6666666666666666,0.06666666666666667,0.2,0.06666666666666667,4,0.6666666666666666,6,0.75,32,0.6176470588235294,0,93,completed,1
R002677,E0079,EV_036,2026-09-02,,completed,100,,5.0,manager,Sales Manager,Junior,office,ru,2024-10-14,meetup,offline,2,False,688,7,6,12,0.75,0.0625,0.0625,0.125,8,0.8,6,0.75,241,0.7078189300411523,0,77,completed,1
R002678,E0102,EV_005,2026-09-02,,in_progress,20,,,self,Frontend Engineer,Junior,remote,ru,2024-05-30,course,online,16,False,825,1,0,13,0.5882352941176471,0.058823529411764705,0.23529411764705882,0.11764705882352941,8,0.6,6,0.5,43,0.6222222222222222,0,83,not_training_eligible,
R002679,E0173,EV_036,2026-09-02,,declined,0,,,manager,HR Business Partner,Senior,remote,kk,2019-04-25,meetup,offline,2,False,2687,1,0,10,0.5,0.07142857142857142,0.21428571428571427,0.21428571428571427,1,0.6666666666666666,0,0.5,241,0.7078189300411523,0,7,declined,0
R002680,E0043,EV_014,2026-09-03,,completed,100,,,self,Frontend Engineer,Senior,hybrid,ru,2021-08-13,workshop,offline,8,False,1847,1,0,11,0.8,0.06666666666666667,0.06666666666666667,0.06666666666666667,2,0.75,4,0.8333333333333334,11,0.7692307692307693,0,58,completed,1
R002681,E0046,EV_036,2026-09-03,,no_show,0,,,manager,Sales Manager,Middle,hybrid,ru,2024-02-26,meetup,offline,2,False,920,4,3,12,0.625,0.1875,0.125,0.0625,6,0.625,3,0.6,243,0.7061224489795919,0,94,no_show,0
R002682,E0050,EV_039,2026-09-03,,completed,100,,4.0,self,Backend Engineer,Lead,hybrid,ru,2017-01-24,workshop,online,3,False,3509,1,0,12,0.6875,0.0625,0.125,0.125,6,0.75,6,0.75,94,0.7916666666666666,0,15,completed,1
R002683,E0055,EV_036,2026-09-03,,completed,100,,4.0,manager,Product Manager,Lead,hybrid,en,2023-02-22,meetup,offline,2,False,1289,6,5,13,0.7647058823529411,0.058823529411764705,0.11764705882352941,0.058823529411764705,8,0.8,5,0.7142857142857143,243,0.7061224489795919,0,14,completed,1
R002684,E0104,EV_039,2026-09-03,,completed,100,,4.0,self,Sales Manager,Junior,remote,ru,2025-11-28,workshop,online,3,False,279,1,0,1,0.4,0.2,0.2,0.2,1,0.6666666666666666,0,0.5,94,0.7916666666666666,0,71,completed,1
R002685,E0111,EV_036,2026-09-03,,no_show,0,,,self,QA Engineer,Middle,office,ru,2024-06-19,meetup,offline,2,False,806,3,2,11,0.8,0.06666666666666667,0.06666666666666667,0.06666666666666667,5,0.8571428571428571,2,0.75,243,0.7061224489795919,0,30,no_show,0
R002686,E0156,EV_018,2026-09-03,,completed,100,70.0,,self,QA Engineer,Junior,hybrid,kk,2026-01-20,course,online,24,False,226,1,0,2,0.5,0.16666666666666666,0.16666666666666666,0.16666666666666666,0,0.5,0,0.5,17,0.5789473684210527,0,35,completed,1
R002687,E0114,EV_040,2026-09-04,,declined,0,,,manager,Customer Support Specialist,Junior,hybrid,en,2024-11-14,workshop,offline,4,False,659,1,0,5,0.5555555555555556,0.1111111111111111,0.1111111111111111,0.2222222222222222,0,0.5,4,0.6666666666666666,134,0.6617647058823529,0,95,declined,0
R002688,E0174,EV_036,2026-09-04,,completed,100,,5.0,manager,Sales Manager,Junior,hybrid,ru,2026-07-31,meetup,offline,2,False,35,1,0,0,0.25,0.25,0.25,0.25,0,0.5,0,0.5,246,0.7016129032258065,0,22,completed,1
R002689,E0085,EV_036,2026-09-07,,no_show,0,,,manager,Data Analyst,Lead,hybrid,ru,2018-05-23,meetup,offline,2,False,3029,3,2,9,0.6153846153846154,0.23076923076923078,0.07692307692307693,0.07692307692307693,3,0.8,2,0.75,247,0.7028112449799196,0,98,no_show,0
R002690,E0200,EV_005,2026-09-07,,completed,100,83.0,5.0,self,Backend Engineer,Junior,hybrid,ru,2025-07-14,course,online,16,False,420,1,0,5,0.2222222222222222,0.3333333333333333,0.2222222222222222,0.2222222222222222,1,0.6666666666666666,2,0.25,43,0.6222222222222222,0,31,completed,1
R002691,E0007,EV_008,2026-09-08,,completed,100,,5.0,self,Backend Engineer,Senior,office,kk,2018-10-26,workshop,online,4,False,2874,1,0,9,0.6153846153846154,0.07692307692307693,0.15384615384615385,0.15384615384615385,4,0.6666666666666666,3,0.6,108,0.7818181818181819,0,47,completed,1
R002692,E0028,EV_006,2026-09-08,,completed,100,,3.0,self,Backend Engineer,Middle,hybrid,kk,2022-05-23,workshop,offline,12,False,1569,1,0,10,0.5,0.2857142857142857,0.14285714285714285,0.07142857142857142,3,0.8,4,0.8333333333333334,22,0.6666666666666666,0,25,completed,1
R002693,E0044,EV_015,2026-09-08,,in_progress,45,,,self,Frontend Engineer,Lead,office,kk,2022-10-17,course,self_paced,6,False,1422,1,0,12,0.6875,0.0625,0.1875,0.0625,1,0.6666666666666666,2,0.5,11,0.9230769230769231,0,6,not_training_eligible,
R002694,E0101,EV_004,2026-09-08,2026-09-26,completed,100,,5.0,hr,Backend Engineer,Junior,office,kk,2026-08-27,onboarding,offline,8,True,12,1,0,0,0.25,0.25,0.25,0.25,0,0.5,0,0.5,0,0.5,0,8,not_training_eligible,
R002695,E0103,EV_036,2026-09-08,,no_show,0,,,manager,QA Engineer,Senior,remote,ru,2021-08-17,meetup,offline,2,False,1848,1,0,8,0.5,0.08333333333333333,0.3333333333333333,0.08333333333333333,2,0.25,0,0.5,248,0.7,0,47,no_show,0
R002696,E0129,EV_039,2026-09-08,,completed,100,,5.0,self,Sales Manager,Middle,hybrid,kk,2026-01-14,workshop,online,3,False,237,2,1,4,0.5,0.125,0.125,0.25,2,0.5,2,0.5,96,0.7959183673469388,0,56,completed,1
R002697,E0046,EV_036,2026-09-09,,no_show,0,,,manager,Sales Manager,Middle,hybrid,ru,2024-02-26,meetup,offline,2,False,926,5,4,13,0.5882352941176471,0.17647058823529413,0.17647058823529413,0.058823529411764705,7,0.5555555555555556,4,0.5,249,0.6972111553784861,0,6,no_show,0
R002698,E0002,EV_037,2026-09-11,,completed,100,,4.0,hr,Backend Engineer,Middle,remote,ru,2023-04-25,mentoring,online,12,False,1235,1,0,8,0.4166666666666667,0.4166666666666667,0.08333333333333333,0.08333333333333333,4,0.5,0,0.5,112,0.7105263157894737,0,38,completed,1
R002699,E0085,EV_023,2026-09-11,,dropped,40,,2.0,self,Data Analyst,Lead,hybrid,ru,2018-05-23,workshop,offline,6,False,3033,1,0,10,0.5714285714285714,0.21428571428571427,0.14285714285714285,0.07142857142857142,4,0.6666666666666666,2,0.75,28,0.7333333333333333,0,4,dropped,0
R002700,E0050,EV_036,2026-09-14,,declined,0,,,manager,Backend Engineer,Lead,hybrid,ru,2017-01-24,meetup,offline,2,False,3520,2,1,13,0.7058823529411765,0.058823529411764705,0.11764705882352941,0.11764705882352941,5,0.7142857142857143,1,0.3333333333333333,250,0.6944444444444444,0,11,declined,0
R002701,E0062,EV_036,2026-09-14,,no_show,0,,,manager,Sales Manager,Middle,office,ru,2022-06-22,meetup,offline,2,False,1545,4,3,10,0.5714285714285714,0.07142857142857142,0.14285714285714285,0.21428571428571427,5,0.42857142857142855,3,0.2,250,0.6944444444444444,0,49,no_show,0
R002702,E0108,EV_026,2026-09-14,,completed,100,,,manager,Product Manager,Middle,office,ru,2022-04-18,workshop,offline,8,False,1610,1,0,1,0.4,0.2,0.2,0.2,0,0.5,0,0.5,16,0.8333333333333334,0,105,completed,1
R002703,E0124,EV_021,2026-09-14,,completed,100,,3.0,self,Data Analyst,Middle,office,kk,2025-02-17,workshop,online,6,False,574,1,0,6,0.4,0.1,0.3,0.2,3,0.2,1,0.6666666666666666,16,0.6111111111111112,0,87,completed,1
R002704,E0132,EV_040,2026-09-14,,completed,100,,5.0,hr,Data Analyst,Senior,remote,en,2019-08-02,workshop,offline,4,False,2600,1,0,7,0.6363636363636364,0.09090909090909091,0.18181818181818182,0.09090909090909091,0,0.5,2,0.75,135,0.656934306569343,0,38,completed,1
R002705,E0173,EV_008,2026-09-14,,completed,100,,5.0,self,HR Business Partner,Senior,remote,kk,2019-04-25,workshop,online,4,False,2699,1,0,11,0.4666666666666667,0.06666666666666667,0.2,0.26666666666666666,8,0.5,7,0.4444444444444444,109,0.7837837837837838,0,12,completed,1
R002706,E0015,EV_005,2026-09-15,,in_progress,20,,,manager,Frontend Engineer,Middle,office,ru,2024-03-20,course,online,16,False,909,1,0,6,0.6,0.1,0.2,0.1,4,0.6666666666666666,2,0.5,44,0.6304347826086957,0,13,not_training_eligible,
R002707,E0187,EV_036,2026-09-15,,completed,100,,4.0,manager,Data Analyst,Junior,office,ru,2024-03-25,meetup,offline,2,False,904,3,2,12,0.5,0.25,0.125,0.125,4,0.6666666666666666,2,0.5,252,0.6889763779527559,0,34,completed,1
R002708,E0003,EV_008,2026-09-16,,completed,100,,4.0,hr,Customer Support Specialist,Senior,hybrid,kk,2019-09-16,workshop,online,4,False,2557,1,0,5,0.6666666666666666,0.1111111111111111,0.1111111111111111,0.1111111111111111,3,0.8,2,0.75,110,0.7857142857142857,0,107,completed,1
R002709,E0064,EV_040,2026-09-16,,completed,100,,4.0,self,Backend Engineer,Senior,office,ru,2021-10-20,workshop,offline,4,False,1792,1,0,7,0.2727272727272727,0.2727272727272727,0.2727272727272727,0.18181818181818182,2,0.75,1,0.6666666666666666,136,0.6594202898550725,0,23,completed,1
R002710,E0078,EV_008,2026-09-16,,dropped,50,,,self,Customer Support Specialist,Junior,hybrid,kk,2024-11-11,workshop,online,4,False,674,1,0,3,0.5714285714285714,0.14285714285714285,0.14285714285714285,0.14285714285714285,3,0.8,2,0.75,110,0.7857142857142857,0,107,dropped,0
R002711,E0181,EV_022,2026-09-16,,in_progress,15,,,self,Product Manager,Senior,office,ru,2025-01-27,course,online,12,False,597,2,1,10,0.42857142857142855,0.14285714285714285,0.2857142857142857,0.14285714285714285,7,0.3333333333333333,3,0.2,21,0.6521739130434783,0,48,not_training_eligible,
R002712,E0187,EV_036,2026-09-16,,completed,100,,5.0,hr,Data Analyst,Junior,office,ru,2024-03-25,meetup,offline,2,False,905,4,3,13,0.5294117647058824,0.23529411764705882,0.11764705882352941,0.11764705882352941,5,0.7142857142857143,3,0.6,253,0.6901960784313725,0,1,completed,1
R002713,E0053,EV_011,2026-09-17,,no_show,0,,,manager,QA Engineer,Junior,remote,kk,2024-05-28,workshop,offline,6,False,842,2,1,14,0.2777777777777778,0.1111111111111111,0.5555555555555556,0.05555555555555555,11,0.23076923076923078,11,0.3076923076923077,33,0.6285714285714286,0,52,no_show,0
R002714,E0172,EV_039,2026-09-17,,completed,100,,3.0,self,HR Business Partner,Senior,remote,ru,2018-08-27,workshop,online,3,False,2943,1,0,9,0.6923076923076923,0.15384615384615385,0.07692307692307693,0.07692307692307693,7,0.7777777777777778,5,0.7142857142857143,97,0.797979797979798,0,41,completed,1
R002715,E0009,EV_035,2026-09-18,,in_progress,80,,,hr,Customer Support Specialist,Junior,remote,en,2025-11-27,course,online,16,False,295,2,1,3,0.2857142857142857,0.14285714285714285,0.2857142857142857,0.2857142857142857,2,0.5,0,0.5,27,0.7241379310344828,0,21,not_training_eligible,
R002716,E0017,EV_036,2026-09-18,,completed,100,,4.0,self,Product Manager,Senior,office,ru,2019-02-26,meetup,offline,2,False,2761,5,4,13,0.7647058823529411,0.11764705882352941,0.058823529411764705,0.058823529411764705,8,0.8,4,0.8333333333333334,254,0.69140625,0,109,completed,1
R002717,E0118,EV_011,2026-09-18,,declined,0,,,hr,Frontend Engineer,Middle,hybrid,ru,2021-11-01,workshop,offline,6,False,1782,1,0,12,0.625,0.1875,0.125,0.0625,3,0.8,3,0.8,34,0.6111111111111112,0,66,declined,0
R002718,E0119,EV_040,2026-09-18,,dropped,90,,,manager,Backend Engineer,Junior,office,ru,2026-07-20,workshop,offline,4,False,60,1,0,0,0.25,0.25,0.25,0.25,0,0.5,0,0.5,137,0.6618705035971223,0,46,dropped,0
R002719,E0156,EV_035,2026-09-18,,in_progress,25,,,hr,QA Engineer,Junior,hybrid,kk,2026-01-20,course,online,16,False,241,1,0,3,0.5714285714285714,0.14285714285714285,0.14285714285714285,0.14285714285714285,1,0.6666666666666666,1,0.6666666666666666,27,0.7241379310344828,0,15,not_training_eligible,
R002720,E0162,EV_025,2026-09-21,,in_progress,45,,,manager,Data Analyst,Middle,hybrid,kk,2024-01-15,course,online,10,False,980,2,1,12,0.625,0.0625,0.125,0.1875,4,0.6666666666666666,3,0.6,18,0.6,0,21,not_training_eligible,
R002721,E0169,EV_036,2026-09-21,,completed,100,,4.0,self,Sales Manager,Lead,office,kk,2020-04-29,meetup,offline,2,False,2336,9,8,13,0.6470588235294118,0.11764705882352941,0.11764705882352941,0.11764705882352941,9,0.7272727272727273,8,0.7,255,0.6926070038910506,0,42,completed,1
R002722,E0170,EV_009,2026-09-21,,in_progress,40,,,manager,Frontend Engineer,Middle,hybrid,ru,2025-04-24,certification,self_paced,40,False,515,1,0,9,0.38461538461538464,0.15384615384615385,0.23076923076923078,0.23076923076923078,1,0.6666666666666666,0,0.5,52,0.6481481481481481,0,112,not_training_eligible,
R002723,E0185,EV_036,2026-09-22,,no_show,0,,,manager,Customer Support Specialist,Middle,remote,kk,2024-10-21,meetup,offline,2,False,701,4,3,9,0.7692307692307693,0.07692307692307693,0.07692307692307693,0.07692307692307693,4,0.8333333333333334,3,0.8,256,0.6937984496124031,0,21,no_show,0
R002724,E0120,EV_036,2026-09-23,,completed,100,,5.0,self,Frontend Engineer,Senior,hybrid,ru,2019-11-25,meetup,offline,2,False,2494,2,1,9,0.6923076923076923,0.15384615384615385,0.07692307692307693,0.07692307692307693,2,0.5,1,0.6666666666666666,257,0.6911196911196911,0,48,completed,1
R002725,E0119,EV_012,2026-09-24,,dropped,40,,2.0,manager,Backend Engineer,Junior,office,ru,2026-07-20,course,self_paced,24,False,66,1,0,1,0.2,0.4,0.2,0.2,0,0.5,0,0.5,35,0.5675675675675675,0,6,dropped,0
R002726,E0172,EV_040,2026-09-24,,completed,100,,5.0,self,HR Business Partner,Senior,remote,ru,2018-08-27,workshop,offline,4,False,2950,1,0,10,0.7142857142857143,0.14285714285714285,0.07142857142857142,0.07142857142857142,1,0.6666666666666666,6,0.75,138,0.6571428571428571,0,7,completed,1
R002727,E0001,EV_011,2026-09-25,,completed,100,,5.0,self,Backend Engineer,Junior,office,kk,2026-04-28,workshop,offline,6,False,150,1,0,2,0.5,0.16666666666666666,0.16666666666666666,0.16666666666666666,1,0.6666666666666666,2,0.75,35,0.5945945945945946,0,38,completed,1
R002728,E0097,EV_040,2026-09-25,,completed,100,,5.0,self,Backend Engineer,Senior,office,kk,2024-02-16,workshop,offline,4,False,952,1,0,9,0.46153846153846156,0.15384615384615385,0.15384615384615385,0.23076923076923078,3,0.4,3,0.4,139,0.6595744680851063,0,116,completed,1
R002729,E0115,EV_036,2026-09-25,,completed,100,,5.0,manager,Frontend Engineer,Junior,hybrid,ru,2025-02-12,meetup,offline,2,False,590,2,1,10,0.5,0.21428571428571427,0.21428571428571427,0.07142857142857142,2,0.75,1,0.6666666666666666,258,0.6923076923076923,0,25,completed,1
R002730,E0127,EV_008,2026-09-25,,completed,100,,3.0,self,Backend Engineer,Middle,remote,kk,2022-06-29,workshop,online,4,False,1549,1,0,10,0.5,0.21428571428571427,0.21428571428571427,0.07142857142857142,4,0.5,0,0.5,112,0.7807017543859649,0,36,completed,1
R002731,E0193,EV_008,2026-09-25,,dropped,10,,,self,Data Analyst,Middle,office,ru,2022-08-01,workshop,online,4,False,1516,1,0,9,0.5384615384615384,0.23076923076923078,0.07692307692307693,0.15384615384615385,3,0.6,3,0.8,112,0.7807017543859649,0,95,dropped,0
R002732,E0022,EV_022,2026-09-28,,in_progress,75,,,self,Data Analyst,Junior,hybrid,kk,2025-12-23,course,online,12,False,279,1,0,5,0.5555555555555556,0.2222222222222222,0.1111111111111111,0.1111111111111111,2,0.5,1,0.6666666666666666,21,0.6521739130434783,0,118,not_training_eligible,
R002733,E0035,EV_036,2026-09-28,,declined,0,,,hr,Customer Support Specialist,Lead,hybrid,ru,2021-08-26,meetup,offline,2,False,1859,4,3,14,0.5555555555555556,0.05555555555555555,0.2777777777777778,0.1111111111111111,4,0.6666666666666666,3,0.6,259,0.6934865900383141,0,53,declined,0
R002734,E0089,EV_033,2026-09-28,,completed,100,76.0,4.0,hr,Sales Manager,Junior,hybrid,kk,2025-12-01,course,online,10,False,301,1,0,3,0.5714285714285714,0.14285714285714285,0.14285714285714285,0.14285714285714285,1,0.6666666666666666,0,0.5,17,0.7368421052631579,0,81,completed,1
R002735,E0096,EV_008,2026-09-28,,no_show,0,,,manager,Backend Engineer,Junior,hybrid,kk,2026-04-02,workshop,online,4,False,179,1,0,1,0.2,0.2,0.4,0.2,0,0.5,1,0.3333333333333333,114,0.7758620689655172,0,28,no_show,0
R002736,E0143,EV_037,2026-09-28,,completed,100,,,self,Customer Support Specialist,Middle,office,kk,2023-08-15,mentoring,online,12,False,1140,1,0,6,0.4,0.2,0.3,0.1,3,0.6,0,0.5,113,0.7130434782608696,0,119,completed,1
R002737,E0170,EV_008,2026-09-28,,completed,100,,,self,Frontend Engineer,Middle,hybrid,ru,2025-04-24,workshop,online,4,False,522,1,0,9,0.38461538461538464,0.15384615384615385,0.23076923076923078,0.23076923076923078,5,0.2857142857142857,4,0.5,114,0.7758620689655172,0,7,completed,1
R002738,E0117,EV_015,2026-09-29,,in_progress,55,,,self,Frontend Engineer,Junior,remote,kk,2026-06-23,course,self_paced,6,False,98,1,0,0,0.25,0.25,0.25,0.25,0,0.5,0,0.5,11,0.9230769230769231,0,74,not_training_eligible,
R002739,E0133,EV_036,2026-09-29,,completed,100,,3.0,self,HR Business Partner,Lead,office,ru,2019-08-23,meetup,offline,2,False,2594,2,1,12,0.625,0.1875,0.0625,0.125,2,0.75,1,0.6666666666666666,260,0.6908396946564885,0,57,completed,1
R002740,E0178,EV_009,2026-09-29,,in_progress,85,,,self,Backend Engineer,Middle,remote,kk,2025-12-22,certification,self_paced,40,False,281,1,0,3,0.42857142857142855,0.14285714285714285,0.2857142857142857,0.14285714285714285,0,0.5,0,0.5,52,0.6481481481481481,0,40,not_training_eligible,
R002741,E0197,EV_035,2026-09-29,,in_progress,35,,,hr,QA Engineer,Middle,hybrid,ru,2022-08-15,course,online,16,False,1506,1,0,14,0.5555555555555556,0.16666666666666666,0.16666666666666666,0.1111111111111111,8,0.6,3,0.6,27,0.7241379310344828,0,43,not_training_eligible,
R002742,E0096,EV_005,2026-09-30,,in_progress,25,,,self,Backend Engineer,Junior,hybrid,kk,2026-04-02,course,online,16,False,181,1,0,2,0.16666666666666666,0.16666666666666666,0.5,0.16666666666666666,1,0.3333333333333333,0,0.5,44,0.6304347826086957,0,2,not_training_eligible,
R002743,E0132,EV_009,2026-09-30,,completed,100,95.0,,self,Data Analyst,Senior,remote,en,2019-08-02,certification,self_paced,40,False,2616,1,0,8,0.6666666666666666,0.08333333333333333,0.16666666666666666,0.08333333333333333,0,0.5,0,0.5,52,0.6481481481481481,0,16,completed,1
