record_id,employee_id,event_id,date,dataset_split,completed_label,employee_role,employee_grade,employee_work_format,employee_preferred_language,event_type,event_format,assigned_by,duration_hours,tenure_days_at_activity,attempt_number,prior_same_event_attempts,employee_prior_outcomes,employee_completion_rate_before,employee_dropped_rate_before,employee_no_show_rate_before,employee_declined_rate_before,employee_format_prior_outcomes,employee_format_completion_rate_before,employee_type_prior_outcomes,employee_type_completion_rate_before,event_prior_outcomes,event_completion_rate_before,is_first_employee_activity,days_since_previous_activity
R000001,E0018,EV_035,2024-10-01,train,1,Customer Support Specialist,Junior,remote,en,course,online,manager,16,189,1,0,0,0.25,0.25,0.25,0.25,0,0.5,0,0.5,0,0.5,1,-1
R000002,E0054,EV_036,2024-10-01,train,0,Data Analyst,Senior,hybrid,kk,meetup,offline,manager,2,671,1,0,0,0.25,0.25,0.25,0.25,0,0.5,0,0.5,0,0.5,1,-1
R000003,E0063,EV_037,2024-10-02,train,0,QA Engineer,Lead,office,kk,mentoring,online,self,12,400,1,0,0,0.25,0.25,0.25,0.25,0,0.5,0,0.5,0,0.5,1,-1
R000004,E0003,EV_039,2024-10-03,train,1,Customer Support Specialist,Senior,hybrid,kk,workshop,online,self,3,1844,1,0,0,0.25,0.25,0.25,0.25,0,0.5,0,0.5,0,0.5,1,-1
R000005,E0060,EV_032,2024-10-03,train,1,Product Manager,Lead,office,kk,workshop,offline,self,8,1081,1,0,0,0.25,0.25,0.25,0.25,0,0.5,0,0.5,0,0.5,1,-1
R000006,E0107,EV_027,2024-10-03,train,1,Product Manager,Middle,office,ru,workshop,online,self,6,892,1,0,0,0.25,0.25,0.25,0.25,0,0.5,0,0.5,0,0.5,1,-1
R000007,E0007,EV_007,2024-10-04,train,1,Backend Engineer,Senior,office,kk,mentoring,online,manager,8,2170,1,0,0,0.25,0.25,0.25,0.25,0,0.5,0,0.5,0,0.5,1,-1
R000008,E0073,EV_038,2024-10-04,train,1,Data Analyst,Senior,office,ru,course,online,manager,16,767,1,0,0,0.25,0.25,0.25,0.25,0,0.5,0,0.5,0,0.5,1,-1
R000009,E0057,EV_032,2024-10-07,train,1,Sales Manager,Senior,hybrid,kk,workshop,offline,self,8,354,1,0,0,0.25,0.25,0.25,0.25,0,0.5,0,0.5,1,0.6666666666666666,1,-1
R000010,E0099,EV_029,2024-10-07,train,1,HR Business Partner,Middle,hybrid,ru,course,self_paced,hr,12,874,1,0,0,0.25,0.25,0.25,0.25,0,0.5,0,0.5,0,0.5,1,-1
R000011,E0131,EV_030,2024-10-07,train,1,HR Business Partner,Middle,office,ru,workshop,online,self,4,707,1,0,0,0.25,0.25,0.25,0.25,0,0.5,0,0.5,0,0.5,1,-1
R000012,E0043,EV_037,2024-10-08,train,1,Frontend Engineer,Senior,hybrid,ru,mentoring,online,manager,12,1152,1,0,0,0.25,0.25,0.25,0.25,0,0.5,0,0.5,1,0.3333333333333333,1,-1
R000013,E0071,EV_026,2024-10-08,train,1,Product Manager,Middle,office,kk,workshop,offline,self,8,694,1,0,0,0.25,0.25,0.25,0.25,0,0.5,0,0.5,0,0.5,1,-1
R000014,E0154,EV_037,2024-10-08,train,1,Frontend Engineer,Middle,office,ru,mentoring,online,self,12,419,1,0,0,0.25,0.25,0.25,0.25,0,0.5,0,0.5,1,0.3333333333333333,1,-1
R000015,E0138,EV_034,2024-10-09,train,0,Sales Manager,Senior,remote,ru,workshop,online,manager,4,1449,1,0,0,0.25,0.25,0.25,0.25,0,0.5,0,0.5,0,0.5,1,-1
R000016,E0013,EV_040,2024-10-10,train,1,Backend Engineer,Senior,office,ru,workshop,offline,self,4,1382,1,0,0,0.25,0.25,0.25,0.25,0,0.5,0,0.5,0,0.5,1,-1
R000017,E0099,EV_008,2024-10-11,train,0,HR Business Partner,Middle,hybrid,ru,workshop,online,manager,4,878,1,0,1,0.4,0.2,0.2,0.2,0,0.5,0,0.5,0,0.5,0,4
R000021,E0164,EV_040,2024-10-14,train,0,Backend Engineer,Middle,hybrid,ru,workshop,offline,hr,4,780,1,0,0,0.25,0.25,0.25,0.25,0,0.5,0,0.5,1,0.6666666666666666,1,-1
R000022,E0189,EV_008,2024-10-14,train,1,QA Engineer,Senior,office,ru,workshop,online,self,4,1792,1,0,0,0.25,0.25,0.25,0.25,0,0.5,0,0.5,1,0.3333333333333333,1,-1
R000023,E0158,EV_040,2024-10-15,train,0,Sales Manager,Senior,office,kk,workshop,offline,manager,4,2241,1,0,0,0.25,0.25,0.25,0.25,0,0.5,0,0.5,2,0.5,1,-1
R000024,E0061,EV_038,2024-10-16,train,1,Data Analyst,Lead,remote,kk,course,online,self,16,457,1,0,0,0.25,0.25,0.25,0.25,0,0.5,0,0.5,1,0.6666666666666666,1,-1
R000025,E0062,EV_032,2024-10-16,train,1,Sales Manager,Middle,office,ru,workshop,offline,self,8,847,1,0,0,0.25,0.25,0.25,0.25,0,0.5,0,0.5,2,0.75,1,-1
R000026,E0056,EV_033,2024-10-17,train,0,Sales Manager,Middle,office,ru,course,online,manager,10,822,1,0,0,0.25,0.25,0.25,0.25,0,0.5,0,0.5,0,0.5,1,-1
R000030,E0165,EV_036,2024-10-17,train,1,Product Manager,Junior,office,ru,meetup,offline,self,2,48,1,0,0,0.25,0.25,0.25,0.25,0,0.5,0,0.5,1,0.3333333333333333,1,-1
R000031,E0028,EV_007,2024-10-18,train,0,Backend Engineer,Middle,hybrid,kk,mentoring,online,manager,8,879,1,0,0,0.25,0.25,0.25,0.25,0,0.5,0,0.5,1,0.6666666666666666,1,-1
R000032,E0059,EV_008,2024-10-18,train,1,Sales Manager,Middle,remote,ru,workshop,online,self,4,478,1,0,0,0.25,0.25,0.25,0.25,0,0.5,0,0.5,2,0.5,1,-1
R000033,E0013,EV_025,2024-10-21,train,0,Backend Engineer,Senior,office,ru,course,online,self,10,1393,1,0,1,0.4,0.2,0.2,0.2,0,0.5,0,0.5,0,0.5,0,11
R000034,E0059,EV_039,2024-10-21,train,1,Sales Manager,Middle,remote,ru,workshop,online,self,3,481,1,0,1,0.4,0.2,0.2,0.2,1,0.6666666666666666,1,0.6666666666666666,1,0.6666666666666666,0,3
R000038,E0097,EV_038,2024-10-21,train,1,Backend Engineer,Senior,office,kk,course,online,self,16,248,1,0,0,0.25,0.25,0.25,0.25,0,0.5,0,0.5,2,0.75,1,-1
R000039,E0127,EV_036,2024-10-21,train,1,Backend Engineer,Middle,remote,kk,meetup,offline,manager,2,845,1,0,0,0.25,0.25,0.25,0.25,0,0.5,0,0.5,2,0.5,1,-1
R000040,E0134,EV_027,2024-10-21,train,1,Product Manager,Middle,hybrid,ru,workshop,online,self,6,539,1,0,0,0.25,0.25,0.25,0.25,0,0.5,0,0.5,1,0.6666666666666666,1,-1
R000041,E0150,EV_008,2024-10-22,train,1,Backend Engineer,Middle,office,ru,workshop,online,self,4,477,1,0,0,0.25,0.25,0.25,0.25,0,0.5,0,0.5,3,0.6,1,-1
R000042,E0060,EV_023,2024-10-24,train,1,Product Manager,Lead,office,kk,workshop,offline,self,6,1102,1,0,1,0.4,0.2,0.2,0.2,1,0.6666666666666666,1,0.6666666666666666,0,0.5,0,21
R000044,E0172,EV_034,2024-10-24,train,1,HR Business Partner,Senior,remote,ru,workshop,online,manager,4,2250,1,0,0,0.25,0.25,0.25,0.25,0,0.5,0,0.5,1,0.3333333333333333,1,-1
R000048,E0046,EV_033,2024-10-28,train,1,Sales Manager,Middle,hybrid,ru,course,online,manager,10,245,1,0,0,0.25,0.25,0.25,0.25,0,0.5,0,0.5,1,0.3333333333333333,1,-1
R000049,E0107,EV_008,2024-10-28,train,1,Product Manager,Middle,office,ru,workshop,online,self,4,917,1,0,1,0.4,0.2,0.2,0.2,1,0.6666666666666666,1,0.6666666666666666,4,0.6666666666666666,0,25
R000050,E0162,EV_021,2024-10-28,train,1,Data Analyst,Middle,hybrid,kk,workshop,online,self,6,287,1,0,0,0.25,0.25,0.25,0.25,0,0.5,0,0.5,0,0.5,1,-1
R000051,E0010,EV_035,2024-10-29,train,0,Customer Support Specialist,Middle,remote,ru,course,online,manager,16,340,1,0,0,0.25,0.25,0.25,0.25,0,0.5,0,0.5,1,0.6666666666666666,1,-1
R000052,E0017,EV_027,2024-10-29,train,1,Product Manager,Senior,office,ru,workshop,online,manager,6,2072,1,0,0,0.25,0.25,0.25,0.25,0,0.5,0,0.5,2,0.75,1,-1
R000053,E0051,EV_008,2024-10-29,train,1,Sales Manager,Senior,office,kk,workshop,online,self,4,638,1,0,0,0.25,0.25,0.25,0.25,0,0.5,0,0.5,5,0.7142857142857143,1,-1
R000054,E0180,EV_038,2024-10-29,train,1,Customer Support Specialist,Lead,hybrid,kk,course,online,manager,16,1629,1,0,0,0.25,0.25,0.25,0.25,0,0.5,0,0.5,3,0.8,1,-1
R000055,E0065,EV_011,2024-10-30,train,1,QA Engineer,Middle,hybrid,en,workshop,offline,manager,6,821,1,0,0,0.25,0.25,0.25,0.25,0,0.5,0,0.5,0,0.5,1,-1
R000056,E0073,EV_020,2024-10-30,train,0,Data Analyst,Senior,office,ru,course,self_paced,hr,40,793,1,0,1,0.4,0.2,0.2,0.2,0,0.5,1,0.6666666666666666,0,0.5,0,26
R000057,E0109,EV_008,2024-10-30,train,1,Frontend Engineer,Middle,office,ru,workshop,online,hr,4,314,1,0,0,0.25,0.25,0.25,0.25,0,0.5,0,0.5,6,0.75,1,-1
R000058,E0111,EV_009,2024-10-30,train,1,QA Engineer,Middle,office,ru,certification,self_paced,self,40,133,1,0,0,0.25,0.25,0.25,0.25,0,0.5,0,0.5,0,0.5,1,-1
R000059,E0153,EV_033,2024-10-30,train,1,Sales Manager,Middle,office,ru,course,online,self,10,744,1,0,0,0.25,0.25,0.25,0.25,0,0.5,0,0.5,2,0.5,1,-1
R000060,E0176,EV_008,2024-10-30,train,1,Product Manager,Junior,hybrid,ru,workshop,online,manager,4,184,1,0,0,0.25,0.25,0.25,0.25,0,0.5,0,0.5,6,0.75,1,-1
R000061,E0123,EV_036,2024-10-31,train,1,Frontend Engineer,Senior,hybrid,kk,meetup,offline,manager,2,1295,1,0,0,0.25,0.25,0.25,0.25,0,0.5,0,0.5,3,0.6,1,-1
R000062,E0147,EV_040,2024-10-31,train,1,Frontend Engineer,Middle,office,ru,workshop,offline,manager,4,157,1,0,0,0.25,0.25,0.25,0.25,0,0.5,0,0.5,3,0.4,1,-1
R000063,E0148,EV_008,2024-10-31,train,1,Sales Manager,Lead,office,kk,workshop,online,self,4,1535,1,0,0,0.25,0.25,0.25,0.25,0,0.5,0,0.5,8,0.8,1,-1
R000064,E0198,EV_040,2024-10-31,train,1,Sales Manager,Junior,office,ru,workshop,offline,self,4,127,1,0,0,0.25,0.25,0.25,0.25,0,0.5,0,0.5,3,0.4,1,-1
R000065,E0053,EV_019,2024-11-01,train,0,QA Engineer,Junior,remote,kk,workshop,offline,manager,8,157,1,0,0,0.25,0.25,0.25,0.25,0,0.5,0,0.5,0,0.5,1,-1
R000066,E0112,EV_035,2024-11-01,train,1,Customer Support Specialist,Senior,hybrid,ru,course,online,self,16,1768,1,0,0,0.25,0.25,0.25,0.25,0,0.5,0,0.5,2,0.5,1,-1
R000070,E0004,EV_040,2024-11-04,train,1,Data Analyst,Middle,office,ru,workshop,offline,self,4,1110,1,0,0,0.25,0.25,0.25,0.25,0,0.5,0,0.5,5,0.5714285714285714,1,-1
R000095,E0044,EV_014,2024-11-04,train,1,Frontend Engineer,Lead,office,kk,workshop,offline,self,8,749,1,0,0,0.25,0.25,0.25,0.25,0,0.5,0,0.5,0,0.5,1,-1
R000142,E0118,EV_017,2024-11-04,train,0,Frontend Engineer,Middle,hybrid,ru,course,online,self,16,1099,1,0,0,0.25,0.25,0.25,0.25,0,0.5,0,0.5,0,0.5,1,-1
R000195,E0095,EV_028,2024-11-05,train,0,HR Business Partner,Middle,office,kk,workshop,online,self,4,1051,1,0,0,0.25,0.25,0.25,0.25,0,0.5,0,0.5,0,0.5,0,1
R000196,E0153,EV_032,2024-11-05,train,1,Sales Manager,Middle,office,ru,workshop,offline,manager,8,750,1,0,1,0.4,0.2,0.2,0.2,0,0.5,0,0.5,3,0.8,0,1
R000198,E0018,EV_039,2024-11-06,train,0,Customer Support Specialist,Junior,remote,en,workshop,online,manager,3,225,1,0,1,0.4,0.2,0.2,0.2,1,0.6666666666666666,0,0.5,2,0.75,0,2
R000199,E0120,EV_038,2024-11-06,train,1,Frontend Engineer,Senior,hybrid,ru,course,online,manager,16,1808,1,0,0,0.25,0.25,0.25,0.25,0,0.5,0,0.5,4,0.8333333333333334,0,2
R000200,E0150,EV_012,2024-11-06,train,1,Backend Engineer,Middle,office,ru,course,self_paced,manager,24,492,1,0,1,0.4,0.2,0.2,0.2,0,0.5,0,0.5,0,0.5,0,2
R000201,E0053,EV_019,2024-11-07,train,0,QA Engineer,Junior,remote,kk,workshop,offline,manager,8,163,2,1,1,0.2,0.2,0.4,0.2,1,0.3333333333333333,1,0.3333333333333333,1,0.3333333333333333,0,3
R000202,E0055,EV_037,2024-11-07,train,1,Product Manager,Lead,hybrid,en,mentoring,online,self,12,624,1,0,0,0.25,0.25,0.25,0.25,0,0.5,0,0.5,3,0.6,0,3
R000203,E0103,EV_008,2024-11-07,train,1,QA Engineer,Senior,remote,ru,workshop,online,self,4,1178,1,0,0,0.25,0.25,0.25,0.25,0,0.5,0,0.5,9,0.8181818181818182,0,3
R000204,E0109,EV_005,2024-11-07,train,0,Frontend Engineer,Middle,office,ru,course,online,hr,16,322,1,0,1,0.4,0.2,0.2,0.2,1,0.6666666666666666,0,0.5,0,0.5,0,3
R000205,E0140,EV_037,2024-11-07,train,0,Backend Engineer,Middle,office,ru,mentoring,online,self,12,139,1,0,0,0.25,0.25,0.25,0.25,0,0.5,0,0.5,3,0.6,0,3
R000206,E0198,EV_008,2024-11-07,train,1,Sales Manager,Junior,office,ru,workshop,online,self,4,134,1,0,1,0.4,0.2,0.2,0.2,0,0.5,1,0.6666666666666666,9,0.8181818181818182,0,3
R000207,E0099,EV_034,2024-11-08,train,0,HR Business Partner,Middle,hybrid,ru,workshop,online,self,4,906,1,0,2,0.3333333333333333,0.16666666666666666,0.3333333333333333,0.16666666666666666,1,0.3333333333333333,1,0.3333333333333333,2,0.5,0,4
R000209,E0073,EV_040,2024-11-12,train,0,Data Analyst,Senior,office,ru,workshop,offline,manager,4,806,1,0,2,0.3333333333333333,0.3333333333333333,0.16666666666666666,0.16666666666666666,0,0.5,0,0.5,6,0.625,0,8
R000210,E0123,EV_016,2024-11-12,train,0,Frontend Engineer,Senior,hybrid,kk,workshop,online,manager,4,1307,1,0,1,0.4,0.2,0.2,0.2,0,0.5,0,0.5,0,0.5,0,8
R000211,E0143,EV_035,2024-11-12,train,0,Customer Support Specialist,Middle,office,kk,course,online,manager,16,455,1,0,0,0.25,0.25,0.25,0.25,0,0.5,0,0.5,3,0.6,0,8
R000212,E0057,EV_033,2024-11-13,train,1,Sales Manager,Senior,hybrid,kk,course,online,manager,10,391,1,0,1,0.4,0.2,0.2,0.2,0,0.5,0,0.5,3,0.6,0,9
R000213,E0063,EV_040,2024-11-13,train,1,QA Engineer,Lead,office,kk,workshop,offline,manager,4,442,1,0,1,0.2,0.4,0.2,0.2,0,0.5,0,0.5,7,0.5555555555555556,0,9
R000214,E0006,EV_014,2024-11-14,train,0,Frontend Engineer,Lead,office,kk,workshop,offline,manager,8,2494,1,0,0,0.25,0.25,0.25,0.25,0,0.5,0,0.5,1,0.6666666666666666,0,10
R000224,E0149,EV_039,2024-11-14,train,0,Sales Manager,Middle,office,ru,workshop,online,self,3,750,1,0,0,0.25,0.25,0.25,0.25,0,0.5,0,0.5,3,0.6,0,10
R000225,E0198,EV_033,2024-11-14,train,1,Sales Manager,Junior,office,ru,course,online,self,10,141,1,0,2,0.5,0.16666666666666666,0.16666666666666666,0.16666666666666666,1,0.6666666666666666,0,0.5,4,0.6666666666666666,0,7
R000226,E0032,EV_040,2024-11-15,train,1,Data Analyst,Junior,hybrid,kk,workshop,offline,self,4,120,1,0,0,0.25,0.25,0.25,0.25,0,0.5,0,0.5,8,0.6,0,11
R000227,E0148,EV_032,2024-11-15,train,1,Sales Manager,Lead,office,kk,workshop,offline,manager,8,1550,1,0,1,0.4,0.2,0.2,0.2,0,0.5,1,0.6666666666666666,4,0.8333333333333334,0,11
R000228,E0158,EV_039,2024-11-15,train,0,Sales Manager,Senior,office,kk,workshop,online,self,3,2272,1,0,1,0.2,0.2,0.2,0.4,0,0.5,1,0.3333333333333333,4,0.5,0,11
R000230,E0047,EV_009,2024-11-18,train,1,Backend Engineer,Middle,office,ru,certification,self_paced,self,40,697,1,0,0,0.25,0.25,0.25,0.25,0,0.5,0,0.5,1,0.6666666666666666,0,14
R000231,E0054,EV_021,2024-11-18,train,1,Data Analyst,Senior,hybrid,kk,workshop,online,self,6,719,1,0,1,0.2,0.2,0.2,0.4,0,0.5,0,0.5,1,0.6666666666666666,0,14
R000232,E0055,EV_016,2024-11-18,train,1,Product Manager,Lead,hybrid,en,workshop,online,self,4,635,1,0,1,0.4,0.2,0.2,0.2,1,0.6666666666666666,0,0.5,1,0.3333333333333333,0,11
R000239,E0182,EV_017,2024-11-18,train,1,Frontend Engineer,Middle,office,ru,course,online,self,16,157,1,0,0,0.25,0.25,0.25,0.25,0,0.5,0,0.5,1,0.3333333333333333,0,14
R000241,E0123,EV_040,2024-11-19,train,1,Frontend Engineer,Senior,hybrid,kk,workshop,offline,manager,4,1314,1,0,2,0.3333333333333333,0.16666666666666666,0.3333333333333333,0.16666666666666666,1,0.6666666666666666,1,0.3333333333333333,9,0.6363636363636364,0,7
R000242,E0169,EV_036,2024-11-19,train,0,Sales Manager,Lead,office,kk,meetup,offline,manager,2,1665,1,0,0,0.25,0.25,0.25,0.25,0,0.5,0,0.5,4,0.6666666666666666,0,15
R000243,E0103,EV_038,2024-11-20,train,1,QA Engineer,Senior,remote,ru,course,online,self,16,1191,1,0,1,0.4,0.2,0.2,0.2,1,0.6666666666666666,0,0.5,5,0.8571428571428571,0,13
R000244,E0198,EV_032,2024-11-20,train,1,Sales Manager,Junior,office,ru,workshop,offline,self,8,147,1,0,3,0.5714285714285714,0.14285714285714285,0.14285714285714285,0.14285714285714285,1,0.6666666666666666,2,0.75,5,0.8571428571428571,0,6
R000248,E0070,EV_039,2024-11-21,train,1,Customer Support Specialist,Senior,hybrid,kk,workshop,online,self,3,722,1,0,0,0.25,0.25,0.25,0.25,0,0.5,0,0.5,5,0.42857142857142855,0,17
R000255,E0144,EV_040,2024-11-21,train,1,Customer Support Specialist,Junior,office,ru,workshop,offline,self,4,66,1,0,0,0.25,0.25,0.25,0.25,0,0.5,0,0.5,10,0.6666666666666666,0,17
R000259,E0088,EV_037,2024-11-22,train,1,Backend Engineer,Senior,remote,kk,mentoring,online,self,12,2041,1,0,0,0.25,0.25,0.25,0.25,0,0.5,0,0.5,5,0.5714285714285714,0,18
R000260,E0094,EV_038,2024-11-22,train,1,Sales Manager,Senior,hybrid,ru,course,online,self,16,1045,1,0,0,0.25,0.25,0.25,0.25,0,0.5,0,0.5,6,0.875,0,18
R000265,E0057,EV_039,2024-11-25,train,1,Sales Manager,Senior,hybrid,kk,workshop,online,manager,3,403,1,0,2,0.5,0.16666666666666666,0.16666666666666666,0.16666666666666666,1,0.6666666666666666,1,0.6666666666666666,6,0.5,0,12
R000266,E0179,EV_040,2024-11-25,train,1,QA Engineer,Lead,hybrid,ru,workshop,offline,manager,4,1761,1,0,0,0.25,0.25,0.25,0.25,0,0.5,0,0.5,11,0.6923076923076923,0,21
R000268,E0150,EV_010,2024-11-26,train,1,Backend Engineer,Middle,office,ru,course,online,self,20,512,1,0,2,0.5,0.16666666666666666,0.16666666666666666,0.16666666666666666,1,0.6666666666666666,1,0.6666666666666666,0,0.5,0,20
R000269,E0002,EV_005,2024-11-27,train,0,Backend Engineer,Middle,remote,ru,course,online,hr,16,582,1,0,0,0.25,0.25,0.25,0.25,0,0.5,0,0.5,1,0.3333333333333333,0,23
R000270,E0149,EV_037,2024-11-27,train,1,Sales Manager,Middle,office,ru,mentoring,online,manager,12,763,1,0,1,0.2,0.2,0.4,0.2,1,0.3333333333333333,0,0.5,6,0.625,0,13
R000272,E0186,EV_009,2024-11-28,train,0,Backend Engineer,Middle,hybrid,ru,certification,self_paced,manager,40,896,1,0,0,0.25,0.25,0.25,0.25,0,0.5,0,0.5,2,0.75,0,24
R000273,E0050,EV_010,2024-11-29,train,1,Backend Engineer,Lead,hybrid,ru,course,online,self,20,2866,1,0,0,0.25,0.25,0.25,0.25,0,0.5,0,0.5,1,0.6666666666666666,0,25
R000274,E0118,EV_040,2024-11-29,train,1,Frontend Engineer,Middle,hybrid,ru,workshop,offline,self,4,1124,1,0,1,0.2,0.2,0.4,0.2,0,0.5,0,0.5,12,0.7142857142857143,0,25
R000275,E0134,EV_023,2024-11-29,train,0,Product Manager,Middle,hybrid,ru,workshop,offline,manager,6,578,1,0,1,0.4,0.2,0.2,0.2,0,0.5,1,0.6666666666666666,1,0.6666666666666666,0,25
R000276,E0057,EV_037,2024-12-02,train,1,Sales Manager,Senior,hybrid,kk,mentoring,online,self,12,410,1,0,3,0.5714285714285714,0.14285714285714285,0.14285714285714285,0.14285714285714285,2,0.75,0,0.5,7,0.6666666666666666,0,7
R000279,E0154,EV_040,2024-12-02,train,0,Frontend Engineer,Middle,office,ru,workshop,offline,manager,4,474,1,0,1,0.4,0.2,0.2,0.2,0,0.5,0,0.5,13,0.7333333333333333,0,28
R000280,E0005,EV_011,2024-12-03,train,0,Backend Engineer,Middle,hybrid,kk,workshop,offline,self,6,174,1,0,0,0.25,0.25,0.25,0.25,0,0.5,0,0.5,1,0.6666666666666666,0,29
R000281,E0095,EV_034,2024-12-03,train,1,HR Business Partner,Middle,office,kk,workshop,online,self,4,1079,1,0,1,0.2,0.2,0.4,0.2,1,0.3333333333333333,1,0.3333333333333333,3,0.4,0,28
R000282,E0147,EV_015,2024-12-03,train,1,Frontend Engineer,Middle,office,ru,course,self_paced,self,6,190,1,0,1,0.4,0.2,0.2,0.2,0,0.5,0,0.5,0,0.5,0,29
R000283,E0088,EV_025,2024-12-04,train,1,Backend Engineer,Senior,remote,kk,course,online,self,10,2053,1,0,1,0.4,0.2,0.2,0.2,1,0.6666666666666666,0,0.5,1,0.3333333333333333,0,12
R000286,E0190,EV_006,2024-12-04,train,0,Backend Engineer,Senior,office,kk,workshop,offline,manager,12,370,1,0,0,0.25,0.25,0.25,0.25,0,0.5,0,0.5,0,0.5,0,30
R000287,E0197,EV_040,2024-12-04,train,0,QA Engineer,Middle,hybrid,ru,workshop,offline,self,4,842,1,0,0,0.25,0.25,0.25,0.25,0,0.5,0,0.5,14,0.6875,0,30
R000288,E0007,EV_012,2024-12-05,train,1,Backend Engineer,Senior,office,kk,course,self_paced,self,24,2232,1,0,1,0.4,0.2,0.2,0.2,0,0.5,0,0.5,1,0.6666666666666666,0,31
R000289,E0013,EV_012,2024-12-05,train,0,Backend Engineer,Senior,office,ru,course,self_paced,manager,24,1438,1,0,2,0.3333333333333333,0.16666666666666666,0.3333333333333333,0.16666666666666666,0,0.5,1,0.3333333333333333,1,0.6666666666666666,0,31
R000290,E0054,EV_038,2024-12-05,train,1,Data Analyst,Senior,hybrid,kk,course,online,self,16,736,1,0,2,0.3333333333333333,0.16666666666666666,0.16666666666666666,0.3333333333333333,1,0.6666666666666666,0,0.5,7,0.8888888888888888,0,17
R000291,E0073,EV_008,2024-12-05,train,1,Data Analyst,Senior,office,ru,workshop,online,self,4,829,1,0,3,0.2857142857142857,0.42857142857142855,0.14285714285714285,0.14285714285714285,1,0.6666666666666666,1,0.3333333333333333,11,0.8461538461538461,0,23
R000292,E0050,EV_025,2024-12-06,train,1,Backend Engineer,Lead,hybrid,ru,course,online,self,10,2873,1,0,1,0.4,0.2,0.2,0.2,1,0.6666666666666666,1,0.6666666666666666,2,0.5,0,7
R000293,E0071,EV_023,2024-12-09,train,1,Product Manager,Middle,office,kk,workshop,offline,self,6,756,1,0,1,0.4,0.2,0.2,0.2,1,0.6666666666666666,1,0.6666666666666666,2,0.5,0,35
R000294,E0199,EV_037,2024-12-09,train,1,Data Analyst,Senior,hybrid,ru,mentoring,online,self,12,1812,1,0,0,0.25,0.25,0.25,0.25,0,0.5,0,0.5,8,0.7,0,35
R000295,E0039,EV_008,2024-12-10,train,0,Data Analyst,Middle,hybrid,ru,workshop,online,self,4,834,1,0,0,0.25,0.25,0.25,0.25,0,0.5,0,0.5,12,0.8571428571428571,0,36
R000296,E0109,EV_040,2024-12-10,train,1,Frontend Engineer,Middle,office,ru,workshop,offline,manager,4,355,1,0,2,0.3333333333333333,0.3333333333333333,0.16666666666666666,0.16666666666666666,0,0.5,1,0.6666666666666666,15,0.6470588235294118,0,33
R000297,E0136,EV_037,2024-12-10,train,1,Backend Engineer,Senior,hybrid,kk,mentoring,online,manager,12,253,1,0,0,0.25,0.25,0.25,0.25,0,0.5,0,0.5,9,0.7272727272727273,0,36
R000298,E0144,EV_034,2024-12-10,train,1,Customer Support Specialist,Junior,office,ru,workshop,online,self,4,85,1,0,1,0.4,0.2,0.2,0.2,0,0.5,1,0.6666666666666666,4,0.5,0,19
R000299,E0059,EV_040,2024-12-11,train,0,Sales Manager,Middle,remote,ru,workshop,offline,manager,4,532,1,0,2,0.5,0.16666666666666666,0.16666666666666666,0.16666666666666666,0,0.5,2,0.75,16,0.6666666666666666,0,37
R000300,E0066,EV_039,2024-12-11,train,1,QA Engineer,Middle,office,en,workshop,online,hr,3,211,1,0,0,0.25,0.25,0.25,0.25,0,0.5,0,0.5,7,0.5555555555555556,0,37
R000301,E0120,EV_017,2024-12-11,train,1,Frontend Engineer,Senior,hybrid,ru,course,online,manager,16,1843,1,0,1,0.4,0.2,0.2,0.2,1,0.6666666666666666,1,0.6666666666666666,2,0.5,0,35
R000302,E0149,EV_036,2024-12-11,train,1,Sales Manager,Middle,office,ru,meetup,offline,hr,2,777,1,0,2,0.3333333333333333,0.16666666666666666,0.3333333333333333,0.16666666666666666,0,0.5,0,0.5,5,0.5714285714285714,0,14
R000304,E0014,EV_031,2024-12-13,train,1,HR Business Partner,Lead,office,en,workshop,online,self,6,1899,1,0,0,0.25,0.25,0.25,0.25,0,0.5,0,0.5,0,0.5,0,39
R000305,E0120,EV_015,2024-12-13,train,1,Frontend Engineer,Senior,hybrid,ru,course,self_paced,self,6,1845,1,0,2,0.5,0.16666666666666666,0.16666666666666666,0.16666666666666666,0,0.5,2,0.75,1,0.6666666666666666,0,2
R000306,E0148,EV_038,2024-12-13,train,0,Sales Manager,Lead,office,kk,course,online,manager,16,1578,1,0,2,0.5,0.16666666666666666,0.16666666666666666,0.16666666666666666,1,0.6666666666666666,0,0.5,8,0.9,0,28
R000313,E0011,EV_022,2024-12-17,train,1,Data Analyst,Senior,office,kk,course,online,hr,12,1436,1,0,0,0.25,0.25,0.25,0.25,0,0.5,0,0.5,0,0.5,0,43
R000314,E0118,EV_016,2024-12-17,train,1,Frontend Engineer,Middle,hybrid,ru,workshop,online,self,4,1142,1,0,2,0.3333333333333333,0.16666666666666666,0.3333333333333333,0.16666666666666666,1,0.3333333333333333,1,0.6666666666666666,2,0.5,0,18
R000315,E0147,EV_014,2024-12-17,train,1,Frontend Engineer,Middle,office,ru,workshop,offline,self,8,204,1,0,2,0.5,0.16666666666666666,0.16666666666666666,0.16666666666666666,1,0.6666666666666666,1,0.6666666666666666,2,0.5,0,14
R000316,E0079,EV_033,2024-12-18,train,1,Sales Manager,Junior,office,ru,course,online,hr,10,65,1,0,0,0.25,0.25,0.25,0.25,0,0.5,0,0.5,5,0.7142857142857143,0,44
R000317,E0080,EV_024,2024-12-18,train,0,Data Analyst,Senior,hybrid,ru,course,self_paced,hr,30,2317,1,0,0,0.25,0.25,0.25,0.25,0,0.5,0,0.5,0,0.5,0,44
R000318,E0168,EV_034,2024-12-18,train,1,Customer Support Specialist,Middle,remote,kk,workshop,online,self,4,518,1,0,0,0.25,0.25,0.25,0.25,0,0.5,0,0.5,5,0.5714285714285714,0,44
R000319,E0014,EV_028,2024-12-19,train,1,HR Business Partner,Lead,office,en,workshop,online,self,4,1905,1,0,1,0.4,0.2,0.2,0.2,1,0.6666666666666666,1,0.6666666666666666,1,0.3333333333333333,0,6
R000320,E0093,EV_037,2024-12-19,train,1,Customer Support Specialist,Middle,hybrid,kk,mentoring,online,manager,12,841,1,0,0,0.25,0.25,0.25,0.25,0,0.5,0,0.5,10,0.75,0,45
R000321,E0163,EV_036,2024-12-20,train,0,Sales Manager,Middle,office,ru,meetup,offline,manager,2,940,1,0,0,0.25,0.25,0.25,0.25,0,0.5,0,0.5,6,0.625,0,46
R000322,E0169,EV_034,2024-12-20,train,1,Sales Manager,Lead,office,kk,workshop,online,manager,4,1696,1,0,1,0.2,0.2,0.2,0.4,0,0.5,0,0.5,6,0.625,0,31
R000323,E0020,EV_016,2024-12-23,train,1,Product Manager,Junior,remote,ru,workshop,online,self,4,215,1,0,0,0.25,0.25,0.25,0.25,0,0.5,0,0.5,3,0.6,0,49
R000324,E0145,EV_040,2024-12-23,train,0,QA Engineer,Senior,office,kk,workshop,offline,manager,4,438,1,0,0,0.25,0.25,0.25,0.25,0,0.5,0,0.5,17,0.631578947368421,0,49
R000325,E0169,EV_036,2024-12-23,train,1,Sales Manager,Lead,office,kk,meetup,offline,self,2,1699,2,1,2,0.3333333333333333,0.16666666666666666,0.16666666666666666,0.3333333333333333,1,0.3333333333333333,1,0.3333333333333333,7,0.5555555555555556,0,3
R000326,E0177,EV_035,2024-12-23,train,1,Customer Support Specialist,Middle,office,ru,course,online,self,16,133,1,0,0,0.25,0.25,0.25,0.25,0,0.5,0,0.5,4,0.5,0,49
R000327,E0006,EV_015,2024-12-24,train,1,Frontend Engineer,Lead,office,kk,course,self_paced,self,6,2534,1,0,1,0.2,0.2,0.2,0.4,0,0.5,0,0.5,2,0.75,0,40
R000328,E0015,EV_016,2024-12-24,train,1,Frontend Engineer,Middle,office,ru,workshop,online,manager,4,279,1,0,0,0.25,0.25,0.25,0.25,0,0.5,0,0.5,4,0.6666666666666666,0,50
R000329,E0005,EV_006,2024-12-25,train,1,Backend Engineer,Middle,hybrid,kk,workshop,offline,self,12,196,1,0,1,0.2,0.2,0.4,0.2,1,0.3333333333333333,1,0.3333333333333333,1,0.3333333333333333,0,22
R000330,E0107,EV_039,2024-12-25,train,1,Product Manager,Middle,office,ru,workshop,online,self,3,975,1,0,2,0.5,0.16666666666666666,0.16666666666666666,0.16666666666666666,2,0.75,2,0.75,8,0.6,0,51
R000331,E0020,EV_027,2024-12-26,train,1,Product Manager,Junior,remote,ru,workshop,online,self,6,218,1,0,1,0.4,0.2,0.2,0.2,1,0.6666666666666666,1,0.6666666666666666,3,0.8,0,3
R000332,E0098,EV_008,2024-12-26,train,1,QA Engineer,Middle,hybrid,kk,workshop,online,manager,4,618,1,0,0,0.25,0.25,0.25,0.25,0,0.5,0,0.5,13,0.8,0,52
R000333,E0155,EV_007,2024-12-26,train,0,Backend Engineer,Middle,hybrid,kk,mentoring,online,manager,8,556,1,0,0,0.25,0.25,0.25,0.25,0,0.5,0,0.5,2,0.5,0,52
R000334,E0060,EV_040,2024-12-27,train,1,Product Manager,Lead,office,kk,workshop,offline,manager,4,1166,1,0,2,0.5,0.16666666666666666,0.16666666666666666,0.16666666666666666,2,0.75,2,0.75,18,0.6,0,53
R000335,E0102,EV_040,2024-12-27,train,0,Frontend Engineer,Junior,remote,ru,workshop,offline,self,4,211,1,0,0,0.25,0.25,0.25,0.25,0,0.5,0,0.5,18,0.6,0,53
R000336,E0131,EV_028,2024-12-27,train,1,HR Business Partner,Middle,office,ru,workshop,online,self,4,788,1,0,1,0.4,0.2,0.2,0.2,1,0.6666666666666666,1,0.6666666666666666,2,0.5,0,53
R000337,E0047,EV_012,2024-12-30,train,1,Backend Engineer,Middle,office,ru,course,self_paced,manager,24,739,1,0,1,0.4,0.2,0.2,0.2,1,0.6666666666666666,0,0.5,3,0.6,0,42
R000338,E0023,EV_040,2024-12-31,train,1,Backend Engineer,Junior,office,kk,workshop,offline,self,4,43,1,0,0,0.25,0.25,0.25,0.25,0,0.5,0,0.5,20,0.5909090909090909,0,19
R000339,E0055,EV_027,2025-01-02,train,1,Product Manager,Lead,hybrid,en,workshop,online,self,6,680,1,0,2,0.5,0.16666666666666666,0.16666666666666666,0.16666666666666666,2,0.75,1,0.6666666666666666,4,0.8333333333333334,0,45
R000340,E0111,EV_019,2025-01-02,train,1,QA Engineer,Middle,office,ru,workshop,offline,manager,8,197,1,0,1,0.4,0.2,0.2,0.2,0,0.5,0,0.5,2,0.25,0,59
R000342,E0053,EV_019,2025-01-06,train,0,QA Engineer,Junior,remote,kk,workshop,offline,self,8,223,3,2,2,0.16666666666666666,0.16666666666666666,0.5,0.16666666666666666,2,0.25,2,0.25,3,0.4,0,60
R000343,E0062,EV_034,2025-01-06,train,1,Sales Manager,Middle,office,ru,workshop,online,self,4,929,1,0,1,0.4,0.2,0.2,0.2,0,0.5,1,0.6666666666666666,7,0.6666666666666666,0,63
R000345,E0035,EV_040,2025-01-07,train,1,Customer Support Specialist,Lead,hybrid,ru,workshop,offline,self,4,1230,1,0,0,0.25,0.25,0.25,0.25,0,0.5,0,0.5,21,0.6086956521739131,0,64
R000346,E0048,EV_009,2025-01-07,train,0,Data Analyst,Middle,hybrid,kk,certification,self_paced,manager,40,46,1,0,0,0.25,0.25,0.25,0.25,0,0.5,0,0.5,3,0.6,0,40
R000347,E0070,EV_037,2025-01-07,train,0,Customer Support Specialist,Senior,hybrid,kk,mentoring,online,manager,12,769,1,0,1,0.4,0.2,0.2,0.2,1,0.6666666666666666,0,0.5,11,0.7692307692307693,0,47
R000348,E0193,EV_036,2025-01-07,train,1,Data Analyst,Middle,office,ru,meetup,offline,self,2,890,1,0,0,0.25,0.25,0.25,0.25,0,0.5,0,0.5,8,0.6,0,64
R000349,E0043,EV_038,2025-01-09,train,1,Frontend Engineer,Senior,hybrid,ru,course,online,self,16,1245,1,0,1,0.4,0.2,0.2,0.2,1,0.6666666666666666,0,0.5,9,0.8181818181818182,0,66
R000350,E0112,EV_038,2025-01-09,train,1,Customer Support Specialist,Senior,hybrid,ru,course,online,manager,16,1837,1,0,1,0.4,0.2,0.2,0.2,1,0.6666666666666666,1,0.6666666666666666,9,0.8181818181818182,0,66
R000351,E0171,EV_008,2025-01-09,train,0,QA Engineer,Middle,hybrid,ru,workshop,online,self,4,52,1,0,0,0.25,0.25,0.25,0.25,0,0.5,0,0.5,14,0.8125,0,36
R000352,E0008,EV_016,2025-01-10,train,1,Frontend Engineer,Senior,remote,en,workshop,online,self,4,60,1,0,0,0.25,0.25,0.25,0.25,0,0.5,0,0.5,5,0.7142857142857143,0,53
R000353,E0069,EV_040,2025-01-10,train,1,Backend Engineer,Middle,hybrid,en,workshop,offline,self,4,478,1,0,0,0.25,0.25,0.25,0.25,0,0.5,0,0.5,22,0.625,0,67
R000354,E0103,EV_035,2025-01-10,train,0,QA Engineer,Senior,remote,ru,course,online,manager,16,1242,1,0,2,0.5,0.16666666666666666,0.16666666666666666,0.16666666666666666,2,0.75,1,0.6666666666666666,5,0.5714285714285714,0,51
R000355,E0091,EV_018,2025-01-13,train,0,QA Engineer,Senior,hybrid,kk,course,online,self,24,230,1,0,0,0.25,0.25,0.25,0.25,0,0.5,0,0.5,0,0.5,0,70
R000356,E0169,EV_036,2025-01-13,train,1,Sales Manager,Lead,office,kk,meetup,offline,self,2,1720,3,2,3,0.42857142857142855,0.14285714285714285,0.14285714285714285,0.2857142857142857,2,0.5,2,0.5,9,0.6363636363636364,0,21
R000357,E0006,EV_009,2025-01-14,train,1,Frontend Engineer,Lead,office,kk,certification,self_paced,self,40,2555,1,0,2,0.3333333333333333,0.16666666666666666,0.16666666666666666,0.3333333333333333,1,0.6666666666666666,0,0.5,4,0.5,0,21
R000358,E0154,EV_016,2025-01-14,train,1,Frontend Engineer,Middle,office,ru,workshop,online,self,4,517,1,0,2,0.3333333333333333,0.16666666666666666,0.16666666666666666,0.3333333333333333,1,0.6666666666666666,1,0.3333333333333333,6,0.75,0,43
R000359,E0046,EV_036,2025-01-16,train,1,Sales Manager,Middle,hybrid,ru,meetup,offline,self,2,325,1,0,1,0.4,0.2,0.2,0.2,0,0.5,0,0.5,10,0.6666666666666666,0,73
R000363,E0097,EV_037,2025-01-16,train,1,Backend Engineer,Senior,office,kk,mentoring,online,self,12,335,1,0,1,0.4,0.2,0.2,0.2,1,0.6666666666666666,0,0.5,12,0.7142857142857143,0,73
R000364,E0163,EV_036,2025-01-16,train,1,Sales Manager,Middle,office,ru,meetup,offline,manager,2,967,2,1,1,0.2,0.2,0.2,0.4,1,0.3333333333333333,1,0.3333333333333333,10,0.6666666666666666,0,27
R000365,E0071,EV_022,2025-01-17,train,1,Product Manager,Middle,office,kk,course,online,self,12,795,1,0,2,0.5,0.16666666666666666,0.16666666666666666,0.16666666666666666,0,0.5,0,0.5,1,0.6666666666666666,0,39
R000366,E0160,EV_039,2025-01-17,train,1,Customer Support Specialist,Junior,hybrid,ru,workshop,online,self,3,65,1,0,0,0.25,0.25,0.25,0.25,0,0.5,0,0.5,9,0.6363636363636364,0,56
R000368,E0088,EV_040,2025-01-20,train,1,Backend Engineer,Senior,remote,kk,workshop,offline,hr,4,2100,1,0,2,0.5,0.16666666666666666,0.16666666666666666,0.16666666666666666,0,0.5,0,0.5,23,0.64,0,47
R000369,E0140,EV_010,2025-01-20,train,0,Backend Engineer,Middle,office,ru,course,online,manager,20,213,1,0,1,0.2,0.4,0.2,0.2,1,0.3333333333333333,0,0.5,2,0.75,0,74
R000370,E0164,EV_036,2025-01-20,train,1,Backend Engineer,Middle,hybrid,ru,meetup,offline,manager,2,878,1,0,1,0.2,0.2,0.4,0.2,1,0.3333333333333333,0,0.5,12,0.7142857142857143,0,77
R000371,E0179,EV_019,2025-01-20,train,0,QA Engineer,Lead,hybrid,ru,workshop,offline,manager,8,1817,1,0,1,0.4,0.2,0.2,0.2,1,0.6666666666666666,1,0.6666666666666666,4,0.3333333333333333,0,56
R000372,E0043,EV_009,2025-01-21,train,1,Frontend Engineer,Senior,hybrid,ru,certification,self_paced,self,40,1257,1,0,2,0.5,0.16666666666666666,0.16666666666666666,0.16666666666666666,0,0.5,0,0.5,5,0.5714285714285714,0,12
R000373,E0105,EV_030,2025-01-21,train,0,HR Business Partner,Senior,office,kk,workshop,online,manager,4,274,1,0,0,0.25,0.25,0.25,0.25,0,0.5,0,0.5,1,0.6666666666666666,0,78
R000374,E0150,EV_040,2025-01-21,train,1,Backend Engineer,Middle,office,ru,workshop,offline,self,4,568,1,0,3,0.5714285714285714,0.14285714285714285,0.14285714285714285,0.14285714285714285,0,0.5,1,0.6666666666666666,24,0.6538461538461539,0,56
R000375,E0023,EV_005,2025-01-22,train,1,Backend Engineer,Junior,office,kk,course,online,self,16,65,1,0,1,0.4,0.2,0.2,0.2,0,0.5,0,0.5,2,0.25,0,22
R000376,E0050,EV_008,2025-01-22,train,0,Backend Engineer,Lead,hybrid,ru,workshop,online,self,4,2920,1,0,2,0.5,0.16666666666666666,0.16666666666666666,0.16666666666666666,2,0.75,0,0.5,15,0.7647058823529411,0,47
R000377,E0053,EV_008,2025-01-22,train,1,QA Engineer,Junior,remote,kk,workshop,online,self,4,239,1,0,3,0.14285714285714285,0.14285714285714285,0.5714285714285714,0.14285714285714285,0,0.5,3,0.2,15,0.7647058823529411,0,16
R000378,E0075,EV_038,2025-01-23,train,1,Frontend Engineer,Senior,office,kk,course,online,self,16,2285,1,0,0,0.25,0.25,0.25,0.25,0,0.5,0,0.5,11,0.8461538461538461,0,80
R000379,E0194,EV_037,2025-01-23,train,1,Frontend Engineer,Senior,remote,ru,mentoring,online,self,12,1289,1,0,0,0.25,0.25,0.25,0.25,0,0.5,0,0.5,13,0.7333333333333333,0,80
R000380,E0094,EV_034,2025-01-27,train,0,Sales Manager,Senior,hybrid,ru,workshop,online,self,4,1111,1,0,1,0.4,0.2,0.2,0.2,1,0.6666666666666666,0,0.5,8,0.7,0,66
R000381,E0112,EV_037,2025-01-27,train,0,Customer Support Specialist,Senior,hybrid,ru,mentoring,online,manager,12,1855,1,0,2,0.5,0.16666666666666666,0.16666666666666666,0.16666666666666666,2,0.75,0,0.5,14,0.75,0,18
R000382,E0199,EV_036,2025-01-27,train,1,Data Analyst,Senior,hybrid,ru,meetup,offline,self,2,1861,1,0,1,0.4,0.2,0.2,0.2,0,0.5,0,0.5,13,0.7333333333333333,0,49
R000383,E0056,EV_039,2025-01-28,train,1,Sales Manager,Middle,office,ru,workshop,online,self,3,925,1,0,1,0.2,0.2,0.4,0.2,1,0.3333333333333333,0,0.5,10,0.6666666666666666,0,85
R000384,E0069,EV_039,2025-01-28,train,0,Backend Engineer,Middle,hybrid,en,workshop,online,manager,3,496,1,0,1,0.4,0.2,0.2,0.2,0,0.5,1,0.6666666666666666,10,0.6666666666666666,0,18
R000385,E0176,EV_022,2025-01-28,train,1,Product Manager,Junior,hybrid,ru,course,online,self,12,274,1,0,1,0.4,0.2,0.2,0.2,1,0.6666666666666666,0,0.5,2,0.75,0,85
R000386,E0187,EV_012,2025-01-28,train,0,Data Analyst,Junior,office,ru,course,self_paced,manager,24,309,1,0,0,0.25,0.25,0.25,0.25,0,0.5,0,0.5,4,0.6666666666666666,0,85
R000387,E0198,EV_034,2025-01-28,train,0,Sales Manager,Junior,office,ru,workshop,online,self,4,216,1,0,4,0.625,0.125,0.125,0.125,2,0.75,3,0.8,9,0.6363636363636364,0,69
R000388,E0011,EV_037,2025-01-29,train,1,Data Analyst,Senior,office,kk,mentoring,online,self,12,1479,1,0,1,0.4,0.2,0.2,0.2,1,0.6666666666666666,0,0.5,15,0.7058823529411765,0,43
R000389,E0085,EV_021,2025-01-30,train,1,Data Analyst,Lead,hybrid,ru,workshop,online,self,6,2444,1,0,0,0.25,0.25,0.25,0.25,0,0.5,0,0.5,2,0.75,0,87
R000390,E0093,EV_035,2025-01-30,train,0,Customer Support Specialist,Middle,hybrid,kk,course,online,manager,16,883,1,0,1,0.4,0.2,0.2,0.2,1,0.6666666666666666,0,0.5,6,0.5,0,42
R000391,E0118,EV_008,2025-01-30,train,1,Frontend Engineer,Middle,hybrid,ru,workshop,online,self,4,1186,1,0,3,0.42857142857142855,0.14285714285714285,0.2857142857142857,0.14285714285714285,2,0.5,2,0.75,17,0.7368421052631579,0,44
R000395,E0005,EV_036,2025-02-03,train,1,Backend Engineer,Middle,hybrid,kk,meetup,offline,self,2,236,1,0,2,0.3333333333333333,0.16666666666666666,0.3333333333333333,0.16666666666666666,2,0.5,0,0.5,14,0.75,0,40
R000396,E0073,EV_021,2025-02-03,train,0,Data Analyst,Senior,office,ru,workshop,online,hr,6,889,1,0,4,0.375,0.375,0.125,0.125,2,0.75,2,0.5,3,0.8,0,60
R000400,E0177,EV_039,2025-02-03,train,0,Customer Support Specialist,Middle,office,ru,workshop,online,manager,3,175,1,0,1,0.4,0.2,0.2,0.2,1,0.6666666666666666,0,0.5,12,0.6428571428571429,0,42
R000401,E0023,EV_012,2025-02-04,train,1,Backend Engineer,Junior,office,kk,course,self_paced,self,24,78,1,0,2,0.5,0.16666666666666666,0.16666666666666666,0.16666666666666666,0,0.5,1,0.6666666666666666,5,0.5714285714285714,0,13
R000402,E0047,EV_011,2025-02-04,train,0,Backend Engineer,Middle,office,ru,workshop,offline,self,6,775,1,0,2,0.5,0.16666666666666666,0.16666666666666666,0.16666666666666666,0,0.5,0,0.5,2,0.5,0,36
R000403,E0100,EV_023,2025-02-04,train,0,Product Manager,Junior,office,ru,workshop,offline,manager,6,78,1,0,0,0.25,0.25,0.25,0.25,0,0.5,0,0.5,3,0.6,0,64
R000404,E0046,EV_037,2025-02-06,train,1,Sales Manager,Middle,hybrid,ru,mentoring,online,self,12,346,1,0,2,0.5,0.16666666666666666,0.16666666666666666,0.16666666666666666,1,0.6666666666666666,0,0.5,16,0.7222222222222222,0,21
R000405,E0085,EV_040,2025-02-06,train,1,Data Analyst,Lead,hybrid,ru,workshop,offline,self,4,2451,1,0,1,0.4,0.2,0.2,0.2,0,0.5,1,0.6666666666666666,25,0.6666666666666666,0,7
R000406,E0106,EV_040,2025-02-06,train,0,Backend Engineer,Senior,remote,kk,workshop,offline,self,4,1820,1,0,0,0.25,0.25,0.25,0.25,0,0.5,0,0.5,25,0.6666666666666666,0,94
R000407,E0008,EV_038,2025-02-07,train,1,Frontend Engineer,Senior,remote,en,course,online,self,16,88,1,0,1,0.4,0.2,0.2,0.2,1,0.6666666666666666,0,0.5,12,0.8571428571428571,0,28
R000408,E0148,EV_038,2025-02-07,train,1,Sales Manager,Lead,office,kk,course,online,hr,16,1634,2,1,3,0.42857142857142855,0.14285714285714285,0.2857142857142857,0.14285714285714285,2,0.5,1,0.3333333333333333,12,0.8571428571428571,0,56
R000409,E0186,EV_006,2025-02-07,train,1,Backend Engineer,Middle,hybrid,ru,workshop,offline,self,12,967,1,0,1,0.2,0.2,0.2,0.4,0,0.5,0,0.5,2,0.5,0,71
R000410,E0144,EV_039,2025-02-10,train,1,Customer Support Specialist,Junior,office,ru,workshop,online,self,3,147,1,0,2,0.5,0.16666666666666666,0.16666666666666666,0.16666666666666666,1,0.6666666666666666,2,0.75,13,0.6,0,62
R000411,E0154,EV_036,2025-02-10,train,1,Frontend Engineer,Middle,office,ru,meetup,offline,self,2,544,1,0,3,0.42857142857142855,0.14285714285714285,0.14285714285714285,0.2857142857142857,1,0.3333333333333333,0,0.5,15,0.7647058823529411,0,27
R000412,E0071,EV_037,2025-02-11,train,1,Product Manager,Middle,office,kk,mentoring,online,manager,12,820,1,0,3,0.5714285714285714,0.14285714285714285,0.14285714285714285,0.14285714285714285,1,0.6666666666666666,0,0.5,17,0.7368421052631579,0,25
R000413,E0186,EV_019,2025-02-11,train,1,Backend Engineer,Middle,hybrid,ru,workshop,offline,manager,8,971,1,0,2,0.3333333333333333,0.16666666666666666,0.16666666666666666,0.3333333333333333,1,0.6666666666666666,1,0.6666666666666666,5,0.2857142857142857,0,4
R000414,E0021,EV_039,2025-02-12,train,1,Customer Support Specialist,Middle,remote,ru,workshop,online,self,3,153,1,0,0,0.25,0.25,0.25,0.25,0,0.5,0,0.5,14,0.625,0,100
R000415,E0140,EV_040,2025-02-12,train,1,Backend Engineer,Middle,office,ru,workshop,offline,manager,4,236,1,0,2,0.16666666666666666,0.5,0.16666666666666666,0.16666666666666666,0,0.5,0,0.5,27,0.6551724137931034,0,23
R000416,E0035,EV_039,2025-02-14,train,1,Customer Support Specialist,Lead,hybrid,ru,workshop,online,self,3,1268,1,0,1,0.4,0.2,0.2,0.2,0,0.5,1,0.6666666666666666,15,0.6470588235294118,0,38
R000417,E0065,EV_009,2025-02-14,train,0,QA Engineer,Middle,hybrid,en,certification,self_paced,manager,40,928,1,0,1,0.4,0.2,0.2,0.2,0,0.5,0,0.5,6,0.625,0,102
R000419,E0005,EV_037,2025-02-17,train,0,Backend Engineer,Middle,hybrid,kk,mentoring,online,manager,12,250,1,0,3,0.42857142857142855,0.14285714285714285,0.2857142857142857,0.14285714285714285,0,0.5,0,0.5,18,0.75,0,14
R000420,E0066,EV_018,2025-02-17,train,1,QA Engineer,Middle,office,en,course,online,manager,24,279,1,0,1,0.4,0.2,0.2,0.2,1,0.6666666666666666,0,0.5,1,0.3333333333333333,0,68
R000421,E0071,EV_040,2025-02-17,train,1,Product Manager,Middle,office,kk,workshop,offline,manager,4,826,1,0,4,0.625,0.125,0.125,0.125,2,0.75,2,0.75,28,0.6666666666666666,0,6
R000428,E0176,EV_026,2025-02-17,train,1,Product Manager,Junior,hybrid,ru,workshop,offline,self,8,294,1,0,2,0.5,0.16666666666666666,0.16666666666666666,0.16666666666666666,0,0.5,1,0.6666666666666666,1,0.6666666666666666,0,20
R000429,E0047,EV_006,2025-02-18,train,0,Backend Engineer,Middle,office,ru,workshop,offline,self,12,789,1,0,3,0.42857142857142855,0.2857142857142857,0.14285714285714285,0.14285714285714285,1,0.3333333333333333,1,0.3333333333333333,3,0.6,0,14
R000430,E0160,EV_040,2025-02-18,train,1,Customer Support Specialist,Junior,hybrid,ru,workshop,offline,self,4,97,1,0,1,0.4,0.2,0.2,0.2,0,0.5,1,0.6666666666666666,29,0.6774193548387096,0,32
R000431,E0186,EV_005,2025-02-18,train,0,Backend Engineer,Middle,hybrid,ru,course,online,manager,16,978,1,0,3,0.42857142857142855,0.14285714285714285,0.14285714285714285,0.2857142857142857,0,0.5,0,0.5,3,0.4,0,7
R000432,E0081,EV_034,2025-02-19,train,0,Customer Support Specialist,Middle,hybrid,kk,workshop,online,manager,4,418,1,0,0,0.25,0.25,0.25,0.25,0,0.5,0,0.5,10,0.5833333333333334,0,107
R000433,E0153,EV_039,2025-02-19,train,1,Sales Manager,Middle,office,ru,workshop,online,hr,3,856,1,0,2,0.5,0.16666666666666666,0.16666666666666666,0.16666666666666666,1,0.6666666666666666,1,0.6666666666666666,16,0.6666666666666666,0,106
R000434,E0025,EV_008,2025-02-20,train,1,Data Analyst,Junior,office,kk,workshop,online,hr,4,304,1,0,0,0.25,0.25,0.25,0.25,0,0.5,0,0.5,18,0.75,0,108
R000441,E0171,EV_011,2025-02-20,train,1,QA Engineer,Middle,hybrid,ru,workshop,offline,manager,6,94,1,0,1,0.2,0.4,0.2,0.2,0,0.5,1,0.3333333333333333,3,0.4,0,42
R000442,E0050,EV_037,2025-02-21,train,1,Backend Engineer,Lead,hybrid,ru,mentoring,online,manager,12,2950,1,0,3,0.42857142857142855,0.14285714285714285,0.2857142857142857,0.14285714285714285,3,0.6,0,0.5,19,0.7142857142857143,0,30
R000443,E0051,EV_032,2025-02-21,train,1,Sales Manager,Senior,office,kk,workshop,offline,self,8,753,1,0,1,0.4,0.2,0.2,0.2,0,0.5,1,0.6666666666666666,6,0.875,0,109
R000444,E0112,EV_039,2025-02-21,train,1,Customer Support Specialist,Senior,hybrid,ru,workshop,online,self,3,1880,1,0,3,0.42857142857142855,0.2857142857142857,0.14285714285714285,0.14285714285714285,3,0.6,0,0.5,17,0.6842105263157895,0,25
R000445,E0133,EV_008,2025-02-21,train,1,HR Business Partner,Lead,office,ru,workshop,online,self,4,2009,1,0,0,0.25,0.25,0.25,0.25,0,0.5,0,0.5,19,0.7619047619047619,0,109
R000446,E0184,EV_010,2025-02-21,train,0,Backend Engineer,Middle,office,ru,course,online,manager,20,114,1,0,0,0.25,0.25,0.25,0.25,0,0.5,0,0.5,3,0.6,0,108
R000447,E0185,EV_008,2025-02-21,train,1,Customer Support Specialist,Middle,remote,kk,workshop,online,manager,4,123,1,0,0,0.25,0.25,0.25,0.25,0,0.5,0,0.5,19,0.7619047619047619,0,109
R000448,E0050,EV_009,2025-02-24,train,1,Backend Engineer,Lead,hybrid,ru,certification,self_paced,self,40,2953,1,0,4,0.5,0.125,0.25,0.125,0,0.5,0,0.5,7,0.5555555555555556,0,3
R000449,E0055,EV_036,2025-02-24,train,0,Product Manager,Lead,hybrid,en,meetup,offline,hr,2,733,1,0,3,0.5714285714285714,0.14285714285714285,0.14285714285714285,0.14285714285714285,0,0.5,0,0.5,16,0.7777777777777778,0,53
R000457,E0199,EV_025,2025-02-24,train,1,Data Analyst,Senior,hybrid,ru,course,online,manager,10,1889,1,0,2,0.5,0.16666666666666666,0.16666666666666666,0.16666666666666666,1,0.6666666666666666,0,0.5,3,0.6,0,28
R000458,E0095,EV_031,2025-02-26,train,0,HR Business Partner,Middle,office,kk,workshop,online,manager,6,1164,1,0,2,0.3333333333333333,0.16666666666666666,0.3333333333333333,0.16666666666666666,2,0.5,2,0.5,1,0.6666666666666666,0,85
R000460,E0181,EV_027,2025-02-26,train,0,Product Manager,Senior,office,ru,workshop,online,self,6,30,1,0,0,0.25,0.25,0.25,0.25,0,0.5,0,0.5,5,0.8571428571428571,0,12
R000461,E0003,EV_040,2025-02-27,train,1,Customer Support Specialist,Senior,hybrid,kk,workshop,offline,self,4,1991,1,0,1,0.4,0.2,0.2,0.2,0,0.5,1,0.6666666666666666,30,0.6875,0,115
R000462,E0059,EV_037,2025-02-27,train,0,Sales Manager,Middle,remote,ru,mentoring,online,manager,12,610,1,0,3,0.42857142857142855,0.14285714285714285,0.2857142857142857,0.14285714285714285,2,0.75,0,0.5,20,0.7272727272727273,0,78
R000463,E0064,EV_038,2025-02-27,train,0,Backend Engineer,Senior,office,ru,course,online,self,16,1226,1,0,0,0.25,0.25,0.25,0.25,0,0.5,0,0.5,14,0.875,0,115
R000464,E0026,EV_036,2025-02-28,train,1,Backend Engineer,Senior,hybrid,kk,meetup,offline,self,2,1040,1,0,0,0.25,0.25,0.25,0.25,0,0.5,0,0.5,17,0.7368421052631579,0,116
R000465,E0079,EV_034,2025-02-28,train,1,Sales Manager,Junior,office,ru,workshop,online,self,4,137,1,0,1,0.4,0.2,0.2,0.2,1,0.6666666666666666,0,0.5,11,0.5384615384615384,0,72
R000466,E0102,EV_016,2025-02-28,train,1,Frontend Engineer,Junior,remote,ru,workshop,online,self,4,274,1,0,1,0.2,0.2,0.4,0.2,0,0.5,1,0.3333333333333333,7,0.7777777777777778,0,63
R000525,E0091,EV_037,2025-03-03,train,1,QA Engineer,Senior,hybrid,kk,mentoring,online,self,12,279,1,0,1,0.2,0.4,0.2,0.2,1,0.3333333333333333,0,0.5,21,0.6956521739130435,0,49
R000569,E0162,EV_023,2025-03-03,train,1,Data Analyst,Middle,hybrid,kk,workshop,offline,self,6,413,1,0,1,0.4,0.2,0.2,0.2,0,0.5,1,0.6666666666666666,4,0.5,0,119
R000597,E0005,EV_011,2025-03-04,train,1,Backend Engineer,Middle,hybrid,kk,workshop,offline,self,6,265,2,1,4,0.375,0.125,0.25,0.25,3,0.6,2,0.5,4,0.5,0,1
R000598,E0013,EV_007,2025-03-04,train,1,Backend Engineer,Senior,office,ru,mentoring,online,manager,8,1527,1,0,3,0.2857142857142857,0.14285714285714285,0.2857142857142857,0.2857142857142857,1,0.3333333333333333,0,0.5,3,0.4,0,1
R000599,E0041,EV_026,2025-03-04,train,1,Product Manager,Senior,office,kk,workshop,offline,manager,8,529,1,0,0,0.25,0.25,0.25,0.25,0,0.5,0,0.5,2,0.75,0,1
R000600,E0065,EV_018,2025-03-04,train,1,QA Engineer,Middle,hybrid,en,course,online,self,24,946,1,0,2,0.3333333333333333,0.16666666666666666,0.16666666666666666,0.3333333333333333,0,0.5,0,0.5,2,0.5,0,1
R000601,E0070,EV_034,2025-03-04,train,1,Customer Support Specialist,Senior,hybrid,kk,workshop,online,manager,4,825,1,0,2,0.3333333333333333,0.16666666666666666,0.16666666666666666,0.3333333333333333,2,0.5,1,0.6666666666666666,12,0.5714285714285714,0,1
R000602,E0165,EV_026,2025-03-04,train,1,Product Manager,Junior,office,ru,workshop,offline,hr,8,186,1,0,1,0.4,0.2,0.2,0.2,1,0.6666666666666666,0,0.5,2,0.75,0,1
R000603,E0199,EV_020,2025-03-04,train,1,Data Analyst,Senior,hybrid,ru,course,self_paced,manager,40,1897,1,0,3,0.5714285714285714,0.14285714285714285,0.14285714285714285,0.14285714285714285,0,0.5,1,0.6666666666666666,1,0.3333333333333333,0,1
R000604,E0005,EV_012,2025-03-05,train,0,Backend Engineer,Middle,hybrid,kk,course,self_paced,self,24,266,1,0,5,0.4444444444444444,0.1111111111111111,0.2222222222222222,0.2222222222222222,0,0.5,0,0.5,6,0.625,0,1
R000605,E0008,EV_040,2025-03-05,train,0,Frontend Engineer,Senior,remote,en,workshop,offline,manager,4,114,1,0,2,0.5,0.16666666666666666,0.16666666666666666,0.16666666666666666,0,0.5,1,0.6666666666666666,31,0.696969696969697,0,26
R000606,E0012,EV_039,2025-03-05,train,1,Sales Manager,Middle,hybrid,ru,workshop,online,hr,3,1141,1,0,0,0.25,0.25,0.25,0.25,0,0.5,0,0.5,18,0.7,0,2
R000607,E0102,EV_015,2025-03-05,train,1,Frontend Engineer,Junior,remote,ru,course,self_paced,self,6,279,1,0,2,0.3333333333333333,0.16666666666666666,0.3333333333333333,0.16666666666666666,0,0.5,0,0.5,3,0.8,0,2
R000608,E0127,EV_037,2025-03-05,train,0,Backend Engineer,Middle,remote,kk,mentoring,online,manager,12,980,1,0,1,0.4,0.2,0.2,0.2,0,0.5,0,0.5,22,0.7083333333333334,0,2
R000609,E0158,EV_034,2025-03-05,train,1,Sales Manager,Senior,office,kk,workshop,online,self,4,2382,1,0,2,0.16666666666666666,0.16666666666666666,0.3333333333333333,0.3333333333333333,1,0.3333333333333333,2,0.25,13,0.6,0,2
R000610,E0169,EV_037,2025-03-05,train,1,Sales Manager,Lead,office,kk,mentoring,online,self,12,1771,1,0,4,0.5,0.125,0.125,0.25,1,0.6666666666666666,0,0.5,22,0.7083333333333334,0,2
R000611,E0177,EV_037,2025-03-05,train,0,Customer Support Specialist,Middle,office,ru,mentoring,online,manager,12,205,1,0,2,0.3333333333333333,0.16666666666666666,0.16666666666666666,0.3333333333333333,2,0.5,0,0.5,22,0.7083333333333334,0,2
R000612,E0006,EV_038,2025-03-06,train,0,Frontend Engineer,Lead,office,kk,course,online,self,16,2606,1,0,3,0.42857142857142855,0.14285714285714285,0.14285714285714285,0.2857142857142857,0,0.5,1,0.6666666666666666,15,0.8235294117647058,0,3
R000613,E0118,EV_013,2025-03-06,train,0,Frontend Engineer,Middle,hybrid,ru,course,online,manager,12,1221,1,0,4,0.5,0.125,0.25,0.125,3,0.6,1,0.3333333333333333,0,0.5,0,3
R000614,E0172,EV_038,2025-03-06,train,1,HR Business Partner,Senior,remote,ru,course,online,self,16,2383,1,0,1,0.4,0.2,0.2,0.2,1,0.6666666666666666,0,0.5,15,0.8235294117647058,0,3
R000615,E0176,EV_040,2025-03-06,train,1,Product Manager,Junior,hybrid,ru,workshop,offline,manager,4,311,1,0,3,0.5714285714285714,0.14285714285714285,0.14285714285714285,0.14285714285714285,1,0.6666666666666666,2,0.75,32,0.6764705882352942,0,3
R000616,E0197,EV_019,2025-03-06,train,1,QA Engineer,Middle,hybrid,ru,workshop,offline,manager,8,934,1,0,1,0.2,0.2,0.4,0.2,1,0.3333333333333333,1,0.3333333333333333,6,0.375,0,3
R000617,E0133,EV_028,2025-03-07,train,1,HR Business Partner,Lead,office,ru,workshop,online,self,4,2023,1,0,1,0.4,0.2,0.2,0.2,1,0.6666666666666666,1,0.6666666666666666,3,0.6,0,4
R000618,E0134,EV_036,2025-03-07,train,0,Product Manager,Middle,hybrid,ru,meetup,offline,manager,2,676,1,0,2,0.3333333333333333,0.16666666666666666,0.3333333333333333,0.16666666666666666,1,0.3333333333333333,0,0.5,18,0.75,0,4
R000620,E0187,EV_021,2025-03-07,train,0,Data Analyst,Junior,office,ru,workshop,online,manager,6,347,1,0,1,0.2,0.4,0.2,0.2,0,0.5,0,0.5,4,0.6666666666666666,0,4
R000621,E0194,EV_009,2025-03-07,train,1,Frontend Engineer,Senior,remote,ru,certification,self_paced,self,40,1332,1,0,1,0.4,0.2,0.2,0.2,0,0.5,0,0.5,8,0.6,0,4
R000622,E0095,EV_037,2025-03-10,train,1,HR Business Partner,Middle,office,kk,mentoring,online,self,12,1176,1,0,3,0.2857142857142857,0.14285714285714285,0.2857142857142857,0.2857142857142857,3,0.4,0,0.5,25,0.6666666666666666,0,7
R000623,E0097,EV_025,2025-03-10,train,1,Backend Engineer,Senior,office,kk,course,online,self,10,388,1,0,2,0.5,0.16666666666666666,0.16666666666666666,0.16666666666666666,2,0.75,1,0.6666666666666666,4,0.6666666666666666,0,7
R000627,E0197,EV_018,2025-03-12,train,0,QA Engineer,Middle,hybrid,ru,course,online,manager,24,940,1,0,2,0.3333333333333333,0.16666666666666666,0.3333333333333333,0.16666666666666666,0,0.5,0,0.5,3,0.6,0,6
R000628,E0015,EV_013,2025-03-13,train,0,Frontend Engineer,Middle,office,ru,course,online,self,12,358,1,0,1,0.4,0.2,0.2,0.2,1,0.6666666666666666,0,0.5,1,0.3333333333333333,0,10
R000629,E0059,EV_040,2025-03-13,train,0,Sales Manager,Middle,remote,ru,workshop,offline,self,4,624,2,1,4,0.375,0.25,0.25,0.125,1,0.3333333333333333,3,0.6,33,0.6857142857142857,0,10
R000630,E0185,EV_039,2025-03-13,train,1,Customer Support Specialist,Middle,remote,kk,workshop,online,manager,3,143,1,0,1,0.4,0.2,0.2,0.2,1,0.6666666666666666,1,0.6666666666666666,19,0.7142857142857143,0,10
R000631,E0006,EV_036,2025-03-14,train,1,Frontend Engineer,Lead,office,kk,meetup,offline,self,2,2614,1,0,4,0.375,0.125,0.25,0.25,1,0.3333333333333333,0,0.5,19,0.7142857142857143,0,8
R000632,E0132,EV_037,2025-03-14,train,1,Data Analyst,Senior,remote,en,mentoring,online,manager,12,2051,1,0,0,0.25,0.25,0.25,0.25,0,0.5,0,0.5,26,0.6785714285714286,0,11
R000633,E0153,EV_008,2025-03-14,train,1,Sales Manager,Middle,office,ru,workshop,online,self,4,879,1,0,3,0.5714285714285714,0.14285714285714285,0.14285714285714285,0.14285714285714285,2,0.75,2,0.75,21,0.782608695652174,0,11
R000634,E0008,EV_040,2025-03-17,train,0,Frontend Engineer,Senior,remote,en,workshop,offline,hr,4,126,2,1,3,0.42857142857142855,0.14285714285714285,0.2857142857142857,0.14285714285714285,1,0.3333333333333333,2,0.5,34,0.6666666666666666,0,12
R000638,E0186,EV_009,2025-03-17,train,1,Backend Engineer,Middle,hybrid,ru,certification,self_paced,self,40,1005,2,1,4,0.375,0.125,0.25,0.25,1,0.3333333333333333,1,0.3333333333333333,9,0.6363636363636364,0,14
R000639,E0169,EV_036,2025-03-18,train,0,Sales Manager,Lead,office,kk,meetup,offline,manager,2,1784,4,3,5,0.5555555555555556,0.1111111111111111,0.1111111111111111,0.2222222222222222,3,0.6,3,0.6,20,0.7272727272727273,0,13
R000640,E0180,EV_037,2025-03-18,train,1,Customer Support Specialist,Lead,hybrid,kk,mentoring,online,manager,12,1769,1,0,1,0.4,0.2,0.2,0.2,1,0.6666666666666666,0,0.5,27,0.6896551724137931,0,15
R000641,E0184,EV_005,2025-03-18,train,1,Backend Engineer,Middle,office,ru,course,online,manager,16,139,1,0,1,0.2,0.2,0.2,0.4,1,0.3333333333333333,1,0.3333333333333333,4,0.3333333333333333,0,25
R000642,E0011,EV_021,2025-03-19,train,1,Data Analyst,Senior,office,kk,workshop,online,manager,6,1528,1,0,2,0.5,0.16666666666666666,0.16666666666666666,0.16666666666666666,2,0.75,0,0.5,5,0.5714285714285714,0,16
R000644,E0199,EV_024,2025-03-20,train,1,Data Analyst,Senior,hybrid,ru,course,self_paced,self,30,1913,1,0,4,0.625,0.125,0.125,0.125,1,0.6666666666666666,2,0.75,1,0.3333333333333333,0,16
R000648,E0073,EV_021,2025-03-21,train,0,Data Analyst,Senior,office,ru,workshop,online,self,6,935,2,1,5,0.3333333333333333,0.3333333333333333,0.2222222222222222,0.1111111111111111,3,0.6,3,0.4,6,0.625,0,18
R000649,E0185,EV_037,2025-03-21,train,1,Customer Support Specialist,Middle,remote,kk,mentoring,online,hr,12,151,1,0,2,0.5,0.16666666666666666,0.16666666666666666,0.16666666666666666,2,0.75,0,0.5,28,0.7,0,8
R000650,E0189,EV_009,2025-03-24,train,1,QA Engineer,Senior,office,ru,certification,self_paced,self,40,1953,1,0,1,0.4,0.2,0.2,0.2,0,0.5,0,0.5,10,0.6666666666666666,0,21
R000651,E0191,EV_036,2025-03-24,train,1,Sales Manager,Middle,office,ru,meetup,offline,self,2,1105,1,0,0,0.25,0.25,0.25,0.25,0,0.5,0,0.5,21,0.6956521739130435,0,21
R000652,E0160,EV_008,2025-03-25,train,1,Customer Support Specialist,Junior,hybrid,ru,workshop,online,self,4,132,1,0,2,0.5,0.16666666666666666,0.16666666666666666,0.16666666666666666,1,0.6666666666666666,2,0.75,22,0.7916666666666666,0,35
R000653,E0051,EV_036,2025-03-26,train,0,Sales Manager,Senior,office,kk,meetup,offline,manager,2,786,1,0,2,0.5,0.16666666666666666,0.16666666666666666,0.16666666666666666,1,0.6666666666666666,0,0.5,22,0.7083333333333334,0,23
R000654,E0075,EV_016,2025-03-26,train,1,Frontend Engineer,Senior,office,kk,workshop,online,manager,4,2347,1,0,1,0.4,0.2,0.2,0.2,1,0.6666666666666666,0,0.5,8,0.8,0,23
R000655,E0013,EV_006,2025-03-27,train,1,Backend Engineer,Senior,office,ru,workshop,offline,manager,12,1550,1,0,4,0.375,0.125,0.25,0.25,1,0.6666666666666666,1,0.6666666666666666,4,0.5,0,23
R000656,E0018,EV_039,2025-03-27,train,1,Customer Support Specialist,Junior,remote,en,workshop,online,self,3,366,2,1,2,0.3333333333333333,0.16666666666666666,0.16666666666666666,0.3333333333333333,2,0.5,1,0.3333333333333333,20,0.7272727272727273,0,24
R000657,E0035,EV_034,2025-03-27,train,0,Customer Support Specialist,Lead,hybrid,ru,workshop,online,manager,4,1309,1,0,2,0.5,0.16666666666666666,0.16666666666666666,0.16666666666666666,1,0.6666666666666666,2,0.75,14,0.625,0,24
R000658,E0136,EV_011,2025-03-27,train,0,Backend Engineer,Senior,hybrid,kk,workshop,offline,self,6,360,1,0,1,0.4,0.2,0.2,0.2,0,0.5,0,0.5,5,0.5714285714285714,0,24
R000659,E0013,EV_008,2025-03-28,train,1,Backend Engineer,Senior,office,ru,workshop,online,hr,4,1551,1,0,5,0.4444444444444444,0.1111111111111111,0.2222222222222222,0.2222222222222222,2,0.5,2,0.75,23,0.8,0,1
R000660,E0138,EV_036,2025-03-28,train,1,Sales Manager,Senior,remote,ru,meetup,offline,self,2,1619,1,0,1,0.2,0.2,0.2,0.4,0,0.5,0,0.5,23,0.68,0,25
R000664,E0140,EV_010,2025-03-28,train,1,Backend Engineer,Middle,office,ru,course,online,hr,20,280,2,1,3,0.2857142857142857,0.42857142857142855,0.14285714285714285,0.14285714285714285,2,0.25,1,0.3333333333333333,4,0.5,0,25
R000665,E0164,EV_006,2025-03-28,train,0,Backend Engineer,Middle,hybrid,ru,workshop,offline,manager,12,945,1,0,2,0.3333333333333333,0.16666666666666666,0.3333333333333333,0.16666666666666666,2,0.5,1,0.3333333333333333,5,0.5714285714285714,0,25
R000670,E0051,EV_036,2025-03-31,train,0,Sales Manager,Senior,office,kk,meetup,offline,hr,2,791,2,1,3,0.42857142857142855,0.14285714285714285,0.2857142857142857,0.14285714285714285,2,0.5,1,0.3333333333333333,24,0.6923076923076923,0,5
R000671,E0061,EV_009,2025-03-31,train,0,Data Analyst,Lead,remote,kk,certification,self_paced,manager,40,623,1,0,1,0.4,0.2,0.2,0.2,0,0.5,0,0.5,11,0.6923076923076923,0,28
R000675,E0137,EV_040,2025-03-31,train,1,Backend Engineer,Middle,remote,kk,workshop,offline,manager,4,42,1,0,0,0.25,0.25,0.25,0.25,0,0.5,0,0.5,35,0.6486486486486487,0,20
R000676,E0163,EV_036,2025-04-01,train,0,Sales Manager,Middle,office,ru,meetup,offline,manager,2,1042,3,2,2,0.3333333333333333,0.16666666666666666,0.16666666666666666,0.3333333333333333,2,0.5,2,0.5,25,0.6666666666666666,0,29
R000677,E0017,EV_026,2025-04-02,train,1,Product Manager,Senior,office,ru,workshop,offline,manager,8,2227,1,0,1,0.4,0.2,0.2,0.2,0,0.5,1,0.6666666666666666,4,0.8333333333333334,0,30
R000678,E0037,EV_016,2025-04-02,train,1,Frontend Engineer,Junior,remote,ru,workshop,online,self,4,142,1,0,0,0.25,0.25,0.25,0.25,0,0.5,0,0.5,9,0.8181818181818182,0,127
R000679,E0052,EV_030,2025-04-02,train,1,HR Business Partner,Middle,office,kk,workshop,online,hr,4,79,1,0,0,0.25,0.25,0.25,0.25,0,0.5,0,0.5,2,0.5,0,72
R000680,E0169,EV_036,2025-04-02,train,1,Sales Manager,Lead,office,kk,meetup,offline,self,2,1799,5,4,6,0.5,0.1,0.2,0.2,4,0.5,4,0.5,26,0.6428571428571429,0,15
R000684,E0023,EV_039,2025-04-03,train,1,Backend Engineer,Junior,office,kk,workshop,online,manager,3,136,1,0,3,0.5714285714285714,0.14285714285714285,0.14285714285714285,0.14285714285714285,1,0.6666666666666666,1,0.6666666666666666,21,0.7391304347826086,0,58
R000685,E0099,EV_008,2025-04-03,train,0,HR Business Partner,Middle,hybrid,ru,workshop,online,hr,4,1052,2,1,3,0.2857142857142857,0.2857142857142857,0.2857142857142857,0.14285714285714285,2,0.25,2,0.25,24,0.8076923076923077,0,31
R000686,E0008,EV_040,2025-04-04,train,1,Frontend Engineer,Senior,remote,en,workshop,offline,self,4,144,3,2,4,0.375,0.125,0.375,0.125,2,0.25,3,0.4,36,0.6578947368421053,0,18
R000687,E0064,EV_006,2025-04-04,train,1,Backend Engineer,Senior,office,ru,workshop,offline,self,12,1262,1,0,1,0.2,0.4,0.2,0.2,0,0.5,0,0.5,6,0.5,0,32
R000688,E0158,EV_033,2025-04-04,train,0,Sales Manager,Senior,office,kk,course,online,manager,10,2412,1,0,3,0.2857142857142857,0.14285714285714285,0.2857142857142857,0.2857142857142857,2,0.5,0,0.5,6,0.75,0,30
R000689,E0168,EV_040,2025-04-04,train,0,Customer Support Specialist,Middle,remote,kk,workshop,offline,hr,4,625,1,0,1,0.4,0.2,0.2,0.2,0,0.5,1,0.6666666666666666,36,0.6578947368421053,0,32
R000690,E0008,EV_005,2025-04-07,train,0,Frontend Engineer,Senior,remote,en,course,online,manager,16,147,1,0,5,0.4444444444444444,0.1111111111111111,0.3333333333333333,0.1111111111111111,2,0.75,1,0.6666666666666666,5,0.42857142857142855,0,3
R000692,E0079,EV_032,2025-04-07,train,1,Sales Manager,Junior,office,ru,workshop,offline,self,8,175,1,0,2,0.5,0.16666666666666666,0.16666666666666666,0.16666666666666666,0,0.5,1,0.6666666666666666,7,0.8888888888888888,0,35
R000693,E0007,EV_010,2025-04-08,train,1,Backend Engineer,Senior,office,kk,course,online,manager,20,2356,1,0,2,0.5,0.16666666666666666,0.16666666666666666,0.16666666666666666,1,0.6666666666666666,1,0.6666666666666666,5,0.5714285714285714,0,36
R000695,E0035,EV_034,2025-04-08,train,1,Customer Support Specialist,Lead,hybrid,ru,workshop,online,self,4,1321,2,1,3,0.42857142857142855,0.14285714285714285,0.14285714285714285,0.2857142857142857,2,0.5,3,0.6,15,0.5882352941176471,0,12
R000696,E0080,EV_023,2025-04-08,train,1,Data Analyst,Senior,hybrid,ru,workshop,offline,manager,6,2428,1,0,1,0.2,0.4,0.2,0.2,0,0.5,0,0.5,5,0.5714285714285714,0,36
R000697,E0095,EV_028,2025-04-08,train,0,HR Business Partner,Middle,office,kk,workshop,online,self,4,1205,2,1,4,0.375,0.125,0.25,0.25,4,0.5,3,0.4,4,0.6666666666666666,0,29
R000698,E0173,EV_037,2025-04-08,train,1,HR Business Partner,Senior,remote,kk,mentoring,online,manager,12,2175,1,0,0,0.25,0.25,0.25,0.25,0,0.5,0,0.5,29,0.7096774193548387,0,36
R000699,E0181,EV_038,2025-04-08,train,0,Product Manager,Senior,office,ru,course,online,manager,16,71,1,0,1,0.2,0.2,0.4,0.2,1,0.3333333333333333,0,0.5,17,0.7894736842105263,0,41
R000700,E0059,EV_037,2025-04-09,train,1,Sales Manager,Middle,remote,ru,mentoring,online,self,12,651,2,1,5,0.3333333333333333,0.2222222222222222,0.3333333333333333,0.1111111111111111,3,0.6,1,0.3333333333333333,30,0.71875,0,27
R000701,E0140,EV_019,2025-04-09,train,0,Backend Engineer,Middle,office,ru,workshop,offline,self,8,292,1,0,4,0.375,0.375,0.125,0.125,1,0.6666666666666666,1,0.6666666666666666,7,0.4444444444444444,0,12
R000702,E0175,EV_025,2025-04-09,train,1,Backend Engineer,Lead,hybrid,kk,course,online,manager,10,3110,1,0,0,0.25,0.25,0.25,0.25,0,0.5,0,0.5,5,0.7142857142857143,0,37
R000703,E0050,EV_040,2025-04-11,train,1,Backend Engineer,Lead,hybrid,ru,workshop,offline,self,4,2999,1,0,5,0.5555555555555556,0.1111111111111111,0.2222222222222222,0.1111111111111111,0,0.5,1,0.3333333333333333,38,0.65,0,39
R000704,E0094,EV_034,2025-04-11,train,1,Sales Manager,Senior,hybrid,ru,workshop,online,self,4,1185,2,1,2,0.3333333333333333,0.3333333333333333,0.16666666666666666,0.16666666666666666,2,0.5,1,0.3333333333333333,16,0.6111111111111112,0,39
R000705,E0131,EV_040,2025-04-11,train,1,HR Business Partner,Middle,office,ru,workshop,offline,self,4,893,1,0,2,0.5,0.16666666666666666,0.16666666666666666,0.16666666666666666,0,0.5,2,0.75,38,0.65,0,39
R000706,E0008,EV_005,2025-04-15,train,0,Frontend Engineer,Senior,remote,en,course,online,hr,16,155,2,1,6,0.4,0.1,0.4,0.1,3,0.6,2,0.5,6,0.375,0,8
R000707,E0037,EV_005,2025-04-15,train,1,Frontend Engineer,Junior,remote,ru,course,online,manager,16,155,1,0,1,0.4,0.2,0.2,0.2,1,0.6666666666666666,0,0.5,6,0.375,0,13
R000709,E0097,EV_007,2025-04-15,train,1,Backend Engineer,Senior,office,kk,mentoring,online,manager,8,424,1,0,3,0.5714285714285714,0.14285714285714285,0.14285714285714285,0.14285714285714285,3,0.8,1,0.6666666666666666,4,0.5,0,36
R000711,E0075,EV_005,2025-04-16,train,1,Frontend Engineer,Senior,office,kk,course,online,self,16,2368,1,0,2,0.5,0.16666666666666666,0.16666666666666666,0.16666666666666666,2,0.75,1,0.6666666666666666,8,0.4,0,21
R000712,E0123,EV_038,2025-04-16,train,1,Frontend Engineer,Senior,hybrid,kk,course,online,self,16,1462,1,0,3,0.42857142857142855,0.14285714285714285,0.2857142857142857,0.14285714285714285,1,0.3333333333333333,0,0.5,18,0.75,0,44
R000713,E0166,EV_036,2025-04-16,train,1,Sales Manager,Senior,office,kk,meetup,offline,self,2,54,1,0,0,0.25,0.25,0.25,0.25,0,0.5,0,0.5,27,0.6551724137931034,0,40
R000714,E0198,EV_036,2025-04-17,train,1,Sales Manager,Junior,office,ru,meetup,offline,self,2,295,1,0,5,0.5555555555555556,0.1111111111111111,0.2222222222222222,0.1111111111111111,2,0.75,0,0.5,28,0.6666666666666666,0,45
R000718,E0132,EV_022,2025-04-18,train,0,Data Analyst,Senior,remote,en,course,online,hr,12,2086,1,0,1,0.4,0.2,0.2,0.2,1,0.6666666666666666,0,0.5,3,0.8,0,35
R000719,E0140,EV_005,2025-04-21,train,0,Backend Engineer,Middle,office,ru,course,online,self,16,304,1,0,5,0.3333333333333333,0.4444444444444444,0.1111111111111111,0.1111111111111111,3,0.4,2,0.5,9,0.45454545454545453,0,12
R000720,E0150,EV_011,2025-04-21,train,1,Backend Engineer,Middle,office,ru,workshop,offline,manager,6,658,1,0,4,0.625,0.125,0.125,0.125,1,0.6666666666666666,2,0.75,6,0.5,0,49
R000722,E0047,EV_037,2025-04-22,train,1,Backend Engineer,Middle,office,ru,mentoring,online,self,12,852,1,0,4,0.375,0.375,0.125,0.125,0,0.5,0,0.5,31,0.7272727272727273,0,50
R000723,E0053,EV_019,2025-04-22,train,0,QA Engineer,Junior,remote,kk,workshop,offline,manager,8,329,4,3,4,0.25,0.125,0.5,0.125,3,0.2,4,0.3333333333333333,8,0.4,0,50
R000724,E0192,EV_040,2025-04-22,train,0,Backend Engineer,Junior,hybrid,ru,workshop,offline,manager,4,132,1,0,0,0.25,0.25,0.25,0.25,0,0.5,0,0.5,40,0.6666666666666666,0,106
R000725,E0062,EV_008,2025-04-23,train,1,Sales Manager,Middle,office,ru,workshop,online,hr,4,1036,1,0,2,0.5,0.16666666666666666,0.16666666666666666,0.16666666666666666,1,0.6666666666666666,2,0.75,25,0.7777777777777778,0,51
R000726,E0164,EV_040,2025-04-23,train,1,Backend Engineer,Middle,hybrid,ru,workshop,offline,manager,4,971,2,1,3,0.2857142857142857,0.2857142857142857,0.2857142857142857,0.14285714285714285,3,0.4,2,0.25,41,0.6511627906976745,0,26
R000727,E0052,EV_037,2025-04-24,train,0,HR Business Partner,Middle,office,kk,mentoring,online,self,12,101,1,0,1,0.4,0.2,0.2,0.2,1,0.6666666666666666,0,0.5,32,0.7352941176470589,0,22
R000728,E0122,EV_036,2025-04-24,train,1,Frontend Engineer,Senior,hybrid,kk,meetup,offline,self,2,367,1,0,0,0.25,0.25,0.25,0.25,0,0.5,0,0.5,29,0.6774193548387096,0,52
R000729,E0128,EV_007,2025-04-24,train,1,Backend Engineer,Senior,hybrid,kk,mentoring,online,self,8,269,1,0,0,0.25,0.25,0.25,0.25,0,0.5,0,0.5,5,0.5714285714285714,0,52
R000730,E0154,EV_036,2025-04-24,train,0,Frontend Engineer,Middle,office,ru,meetup,offline,self,2,617,2,1,4,0.5,0.125,0.125,0.25,2,0.5,1,0.6666666666666666,29,0.6774193548387096,0,52
R000734,E0050,EV_038,2025-04-25,train,1,Backend Engineer,Lead,hybrid,ru,course,online,self,16,3013,1,0,6,0.6,0.1,0.2,0.1,4,0.6666666666666666,2,0.75,19,0.7619047619047619,0,14
R000735,E0057,EV_038,2025-04-25,train,0,Sales Manager,Senior,hybrid,kk,course,online,manager,16,554,1,0,4,0.625,0.125,0.125,0.125,3,0.8,1,0.6666666666666666,19,0.7619047619047619,0,53
R000736,E0144,EV_008,2025-04-25,train,1,Customer Support Specialist,Junior,office,ru,workshop,online,manager,4,221,1,0,3,0.5714285714285714,0.14285714285714285,0.14285714285714285,0.14285714285714285,2,0.75,3,0.8,26,0.7857142857142857,0,53
R000737,E0180,EV_039,2025-04-25,train,1,Customer Support Specialist,Lead,hybrid,kk,workshop,online,hr,3,1807,1,0,2,0.5,0.16666666666666666,0.16666666666666666,0.16666666666666666,2,0.75,0,0.5,22,0.75,0,38
R000738,E0002,EV_019,2025-04-28,train,0,Backend Engineer,Middle,remote,ru,workshop,offline,manager,8,734,1,0,1,0.2,0.4,0.2,0.2,0,0.5,0,0.5,9,0.36363636363636365,0,56
R000739,E0149,EV_039,2025-04-28,train,1,Sales Manager,Middle,office,ru,workshop,online,hr,3,915,2,1,3,0.42857142857142855,0.14285714285714285,0.2857142857142857,0.14285714285714285,2,0.5,1,0.3333333333333333,23,0.76,0,56
R000740,E0155,EV_007,2025-04-28,train,0,Backend Engineer,Middle,hybrid,kk,mentoring,online,manager,8,679,2,1,1,0.2,0.2,0.4,0.2,1,0.3333333333333333,1,0.3333333333333333,6,0.625,0,56
R000745,E0005,EV_009,2025-04-29,train,1,Backend Engineer,Middle,hybrid,kk,certification,self_paced,self,40,321,1,0,6,0.4,0.2,0.2,0.2,1,0.3333333333333333,0,0.5,12,0.6428571428571429,0,55
R000746,E0014,EV_029,2025-04-29,train,0,HR Business Partner,Lead,office,en,course,self_paced,self,12,2036,1,0,2,0.5,0.16666666666666666,0.16666666666666666,0.16666666666666666,0,0.5,0,0.5,1,0.6666666666666666,0,57
R000747,E0120,EV_005,2025-04-29,train,1,Frontend Engineer,Senior,hybrid,ru,course,online,manager,16,1982,1,0,3,0.5714285714285714,0.14285714285714285,0.14285714285714285,0.14285714285714285,2,0.75,3,0.8,10,0.4166666666666667,0,57
R000748,E0080,EV_024,2025-04-30,train,0,Data Analyst,Senior,hybrid,ru,course,self_paced,self,30,2450,2,1,2,0.3333333333333333,0.3333333333333333,0.16666666666666666,0.16666666666666666,1,0.3333333333333333,1,0.3333333333333333,2,0.5,0,22
R000749,E0123,EV_016,2025-04-30,train,0,Frontend Engineer,Senior,hybrid,kk,workshop,online,manager,4,1476,2,1,4,0.5,0.125,0.25,0.125,2,0.5,2,0.5,10,0.8333333333333334,0,14
R000750,E0166,EV_034,2025-04-30,train,1,Sales Manager,Senior,office,kk,workshop,online,self,4,68,1,0,1,0.4,0.2,0.2,0.2,0,0.5,0,0.5,17,0.631578947368421,0,14
R000751,E0173,EV_031,2025-04-30,train,0,HR Business Partner,Senior,remote,kk,workshop,online,hr,6,2197,1,0,1,0.4,0.2,0.2,0.2,1,0.6666666666666666,0,0.5,2,0.5,0,22
R000753,E0176,EV_023,2025-05-01,train,0,Product Manager,Junior,hybrid,ru,workshop,offline,manager,6,367,1,0,4,0.625,0.125,0.125,0.125,2,0.75,3,0.8,6,0.625,0,56
R000754,E0193,EV_022,2025-05-01,train,1,Data Analyst,Middle,office,ru,course,online,self,12,1004,1,0,1,0.4,0.2,0.2,0.2,0,0.5,0,0.5,4,0.6666666666666666,0,59
R000755,E0056,EV_036,2025-05-02,train,1,Sales Manager,Middle,office,ru,meetup,offline,manager,2,1019,1,0,2,0.3333333333333333,0.16666666666666666,0.3333333333333333,0.16666666666666666,0,0.5,0,0.5,31,0.6666666666666666,0,60
R000756,E0105,EV_034,2025-05-02,train,1,HR Business Partner,Senior,office,kk,workshop,online,self,4,375,1,0,1,0.2,0.4,0.2,0.2,1,0.3333333333333333,1,0.3333333333333333,18,0.65,0,60
R000757,E0149,EV_036,2025-05-02,train,1,Sales Manager,Middle,office,ru,meetup,offline,self,2,919,2,1,4,0.5,0.125,0.25,0.125,1,0.6666666666666666,1,0.6666666666666666,31,0.6666666666666666,0,4
R000758,E0180,EV_008,2025-05-02,train,1,Customer Support Specialist,Lead,hybrid,kk,workshop,online,manager,4,1814,1,0,3,0.5714285714285714,0.14285714285714285,0.14285714285714285,0.14285714285714285,3,0.8,1,0.6666666666666666,27,0.7931034482758621,0,7
R000759,E0091,EV_019,2025-05-05,train,1,QA Engineer,Senior,hybrid,kk,workshop,offline,manager,8,342,1,0,2,0.3333333333333333,0.3333333333333333,0.16666666666666666,0.16666666666666666,0,0.5,0,0.5,10,0.3333333333333333,0,63
R000760,E0003,EV_037,2025-05-07,train,1,Customer Support Specialist,Senior,hybrid,kk,mentoring,online,self,12,2060,1,0,2,0.5,0.16666666666666666,0.16666666666666666,0.16666666666666666,1,0.6666666666666666,0,0.5,33,0.7142857142857143,0,65
R000761,E0160,EV_035,2025-05-07,train,1,Customer Support Specialist,Junior,hybrid,ru,course,online,self,16,175,1,0,3,0.5714285714285714,0.14285714285714285,0.14285714285714285,0.14285714285714285,2,0.75,0,0.5,7,0.4444444444444444,0,43
R000762,E0162,EV_036,2025-05-07,train,0,Data Analyst,Middle,hybrid,kk,meetup,offline,self,2,478,1,0,2,0.5,0.16666666666666666,0.16666666666666666,0.16666666666666666,1,0.6666666666666666,0,0.5,33,0.6857142857142857,0,65
R000763,E0199,EV_008,2025-05-08,train,1,Data Analyst,Senior,hybrid,ru,workshop,online,hr,4,1962,1,0,5,0.6666666666666666,0.1111111111111111,0.1111111111111111,0.1111111111111111,2,0.75,0,0.5,28,0.8,0,49
R000764,E0047,EV_010,2025-05-12,train,1,Backend Engineer,Middle,office,ru,course,online,manager,20,872,1,0,5,0.4444444444444444,0.3333333333333333,0.1111111111111111,0.1111111111111111,1,0.6666666666666666,1,0.6666666666666666,6,0.625,0,20
R000765,E0067,EV_036,2025-05-12,train,1,Frontend Engineer,Middle,hybrid,ru,meetup,offline,self,2,208,1,0,0,0.25,0.25,0.25,0.25,0,0.5,0,0.5,34,0.6666666666666666,0,70
R000766,E0046,EV_032,2025-05-13,train,0,Sales Manager,Middle,hybrid,ru,workshop,offline,hr,8,442,1,0,3,0.5714285714285714,0.14285714285714285,0.14285714285714285,0.14285714285714285,1,0.6666666666666666,0,0.5,8,0.9,0,71
R000767,E0081,EV_035,2025-05-13,train,0,Customer Support Specialist,Middle,hybrid,kk,course,online,manager,16,501,1,0,1,0.2,0.2,0.4,0.2,1,0.3333333333333333,0,0.5,8,0.5,0,71
R000768,E0102,EV_013,2025-05-14,train,0,Frontend Engineer,Junior,remote,ru,course,online,self,12,349,1,0,3,0.42857142857142855,0.14285714285714285,0.2857142857142857,0.14285714285714285,1,0.6666666666666666,1,0.6666666666666666,2,0.25,0,70
R000769,E0112,EV_008,2025-05-14,train,1,Customer Support Specialist,Senior,hybrid,ru,workshop,online,self,4,1962,1,0,4,0.5,0.25,0.125,0.125,4,0.6666666666666666,1,0.6666666666666666,29,0.8064516129032258,0,72
R000770,E0098,EV_009,2025-05-15,train,0,QA Engineer,Middle,hybrid,kk,certification,self_paced,self,40,758,1,0,1,0.4,0.2,0.2,0.2,0,0.5,0,0.5,13,0.6666666666666666,0,73
R000771,E0197,EV_008,2025-05-15,train,1,QA Engineer,Middle,hybrid,ru,workshop,online,self,4,1004,1,0,3,0.2857142857142857,0.2857142857142857,0.2857142857142857,0.14285714285714285,1,0.3333333333333333,2,0.5,30,0.8125,0,64
R000772,E0021,EV_036,2025-05-16,train,1,Customer Support Specialist,Middle,remote,ru,meetup,offline,self,2,246,1,0,1,0.4,0.2,0.2,0.2,0,0.5,0,0.5,35,0.6756756756756757,0,74
R000773,E0062,EV_039,2025-05-16,train,1,Sales Manager,Middle,office,ru,workshop,online,manager,3,1059,1,0,3,0.5714285714285714,0.14285714285714285,0.14285714285714285,0.14285714285714285,2,0.75,3,0.8,24,0.7692307692307693,0,23
R000774,E0075,EV_036,2025-05-16,train,0,Frontend Engineer,Senior,office,kk,meetup,offline,self,2,2398,1,0,3,0.5714285714285714,0.14285714285714285,0.14285714285714285,0.14285714285714285,0,0.5,0,0.5,35,0.6756756756756757,0,30
R000775,E0111,EV_037,2025-05-16,train,1,QA Engineer,Middle,office,ru,mentoring,online,self,12,331,1,0,2,0.5,0.16666666666666666,0.16666666666666666,0.16666666666666666,0,0.5,0,0.5,34,0.7222222222222222,0,74
R000776,E0038,EV_026,2025-05-19,train,1,Product Manager,Senior,hybrid,kk,workshop,offline,self,8,1060,1,0,0,0.25,0.25,0.25,0.25,0,0.5,0,0.5,5,0.8571428571428571,0,77
R000777,E0087,EV_006,2025-05-19,train,0,Backend Engineer,Middle,office,ru,workshop,offline,self,12,34,1,0,0,0.25,0.25,0.25,0.25,0,0.5,0,0.5,7,0.5555555555555556,0,18
R000778,E0111,EV_040,2025-05-19,train,1,QA Engineer,Middle,office,ru,workshop,offline,self,4,334,1,0,3,0.5714285714285714,0.14285714285714285,0.14285714285714285,0.14285714285714285,1,0.6666666666666666,1,0.6666666666666666,42,0.6590909090909091,0,3
R000780,E0008,EV_005,2025-05-21,train,1,Frontend Engineer,Senior,remote,en,course,online,manager,16,191,3,2,7,0.36363636363636365,0.09090909090909091,0.36363636363636365,0.18181818181818182,4,0.5,3,0.4,11,0.46153846153846156,0,36
R000781,E0149,EV_032,2025-05-21,train,1,Sales Manager,Middle,office,ru,workshop,offline,self,8,938,1,0,5,0.5555555555555556,0.1111111111111111,0.2222222222222222,0.1111111111111111,2,0.75,2,0.5,9,0.8181818181818182,0,19
R000782,E0192,EV_040,2025-05-21,train,1,Backend Engineer,Junior,hybrid,ru,workshop,offline,hr,4,161,2,1,1,0.2,0.2,0.2,0.4,1,0.3333333333333333,1,0.3333333333333333,43,0.6666666666666666,0,29
R000783,E0075,EV_013,2025-05-22,train,1,Frontend Engineer,Senior,office,kk,course,online,manager,12,2404,1,0,4,0.5,0.125,0.25,0.125,3,0.8,2,0.75,3,0.2,0,6
R000784,E0144,EV_035,2025-05-22,train,1,Customer Support Specialist,Junior,office,ru,course,online,self,16,248,1,0,4,0.625,0.125,0.125,0.125,3,0.8,0,0.5,9,0.45454545454545453,0,27
R000785,E0149,EV_036,2025-05-22,train,1,Sales Manager,Middle,office,ru,meetup,offline,self,2,939,3,2,6,0.6,0.1,0.2,0.1,3,0.8,2,0.75,37,0.6666666666666666,0,1
R000786,E0017,EV_038,2025-05-23,train,1,Product Manager,Senior,office,ru,course,online,self,16,2278,1,0,2,0.5,0.16666666666666666,0.16666666666666666,0.16666666666666666,1,0.6666666666666666,0,0.5,21,0.7391304347826086,0,51
R000790,E0133,EV_034,2025-05-26,train,0,HR Business Partner,Lead,office,ru,workshop,online,self,4,2103,1,0,2,0.5,0.16666666666666666,0.16666666666666666,0.16666666666666666,2,0.75,2,0.75,19,0.6666666666666666,0,80
R000794,E0093,EV_034,2025-05-27,train,1,Customer Support Specialist,Middle,hybrid,kk,workshop,online,self,4,1000,1,0,2,0.3333333333333333,0.3333333333333333,0.16666666666666666,0.16666666666666666,2,0.5,0,0.5,20,0.6363636363636364,0,85
R000795,E0038,EV_027,2025-05-28,train,1,Product Manager,Senior,hybrid,kk,workshop,online,manager,6,1069,1,0,1,0.4,0.2,0.2,0.2,0,0.5,1,0.6666666666666666,6,0.75,0,9
R000796,E0075,EV_009,2025-05-28,train,1,Frontend Engineer,Senior,office,kk,certification,self_paced,manager,40,2410,1,0,5,0.5555555555555556,0.1111111111111111,0.2222222222222222,0.1111111111111111,0,0.5,0,0.5,14,0.625,0,6
R000797,E0080,EV_038,2025-05-28,train,0,Data Analyst,Senior,hybrid,ru,course,online,self,16,2478,1,0,3,0.2857142857142857,0.42857142857142855,0.14285714285714285,0.14285714285714285,0,0.5,2,0.25,22,0.75,0,28
R000798,E0163,EV_032,2025-05-28,train,1,Sales Manager,Middle,office,ru,workshop,offline,self,8,1099,1,0,3,0.2857142857142857,0.14285714285714285,0.14285714285714285,0.42857142857142855,3,0.4,0,0.5,10,0.8333333333333334,0,57
R000799,E0179,EV_037,2025-05-28,train,1,QA Engineer,Lead,hybrid,ru,mentoring,online,manager,12,1945,1,0,2,0.3333333333333333,0.16666666666666666,0.16666666666666666,0.3333333333333333,0,0.5,0,0.5,35,0.7297297297297297,0,86
R000800,E0005,EV_037,2025-05-29,train,1,Backend Engineer,Middle,hybrid,kk,mentoring,online,self,12,351,2,1,7,0.45454545454545453,0.18181818181818182,0.18181818181818182,0.18181818181818182,1,0.3333333333333333,1,0.3333333333333333,36,0.7368421052631579,0,30
R000801,E0008,EV_009,2025-05-29,train,0,Frontend Engineer,Senior,remote,en,certification,self_paced,self,40,199,1,0,8,0.4166666666666667,0.08333333333333333,0.3333333333333333,0.16666666666666666,0,0.5,0,0.5,15,0.6470588235294118,0,8
R000802,E0042,EV_036,2025-05-29,train,1,Frontend Engineer,Junior,hybrid,ru,meetup,offline,manager,2,281,1,0,0,0.25,0.25,0.25,0.25,0,0.5,0,0.5,38,0.675,0,87
R000803,E0044,EV_016,2025-05-29,train,1,Frontend Engineer,Lead,office,kk,workshop,online,self,4,955,1,0,1,0.4,0.2,0.2,0.2,0,0.5,1,0.6666666666666666,11,0.7692307692307693,0,87
R000804,E0046,EV_034,2025-05-29,train,0,Sales Manager,Middle,hybrid,ru,workshop,online,self,4,458,1,0,4,0.5,0.25,0.125,0.125,2,0.75,1,0.3333333333333333,21,0.6521739130434783,0,16
R000808,E0170,EV_017,2025-05-29,train,0,Frontend Engineer,Middle,hybrid,ru,course,online,self,16,35,1,0,0,0.25,0.25,0.25,0.25,0,0.5,0,0.5,3,0.6,0,10
R000809,E0186,EV_005,2025-05-29,train,0,Backend Engineer,Middle,hybrid,ru,course,online,self,16,1078,2,1,5,0.4444444444444444,0.1111111111111111,0.2222222222222222,0.2222222222222222,1,0.3333333333333333,1,0.3333333333333333,12,0.5,0,73
R000810,E0189,EV_018,2025-05-29,train,1,QA Engineer,Senior,office,ru,course,online,self,24,2019,1,0,2,0.5,0.16666666666666666,0.16666666666666666,0.16666666666666666,1,0.6666666666666666,0,0.5,4,0.5,0,66
R000811,E0109,EV_037,2025-05-30,train,1,Frontend Engineer,Middle,office,ru,mentoring,online,self,12,526,1,0,3,0.42857142857142855,0.2857142857142857,0.14285714285714285,0.14285714285714285,2,0.5,0,0.5,37,0.7435897435897436,0,88
R000812,E0123,EV_005,2025-05-30,train,0,Frontend Engineer,Senior,hybrid,kk,course,online,self,16,1506,1,0,5,0.4444444444444444,0.1111111111111111,0.2222222222222222,0.2222222222222222,3,0.4,1,0.6666666666666666,13,0.4666666666666667,0,30
R000814,E0002,EV_012,2025-06-02,train,1,Backend Engineer,Middle,remote,ru,course,self_paced,self,24,769,1,0,2,0.16666666666666666,0.5,0.16666666666666666,0.16666666666666666,0,0.5,1,0.3333333333333333,7,0.5555555555555556,0,35
R000820,E0007,EV_038,2025-06-02,train,0,Backend Engineer,Senior,office,kk,course,online,self,16,2411,1,0,3,0.5714285714285714,0.14285714285714285,0.14285714285714285,0.14285714285714285,2,0.75,2,0.75,23,0.72,0,55
R000952,E0195,EV_037,2025-06-02,train,0,Product Manager,Middle,office,kk,mentoring,online,manager,12,42,1,0,0,0.25,0.25,0.25,0.25,0,0.5,0,0.5,38,0.75,0,35
R000956,E0066,EV_019,2025-06-03,train,0,QA Engineer,Middle,office,en,workshop,offline,self,8,385,1,0,2,0.5,0.16666666666666666,0.16666666666666666,0.16666666666666666,0,0.5,1,0.6666666666666666,11,0.38461538461538464,0,1
R000957,E0030,EV_040,2025-06-04,train,1,Customer Support Specialist,Middle,office,ru,workshop,offline,self,4,174,1,0,0,0.25,0.25,0.25,0.25,0,0.5,0,0.5,44,0.6739130434782609,0,2
R000958,E0043,EV_017,2025-06-04,train,1,Frontend Engineer,Senior,hybrid,ru,course,online,manager,16,1391,1,0,3,0.5714285714285714,0.14285714285714285,0.14285714285714285,0.14285714285714285,2,0.75,1,0.6666666666666666,4,0.5,0,2
R000959,E0071,EV_027,2025-06-04,train,0,Product Manager,Middle,office,kk,workshop,online,manager,6,933,1,0,5,0.6666666666666666,0.1111111111111111,0.1111111111111111,0.1111111111111111,2,0.75,3,0.8,7,0.7777777777777778,0,2
R000960,E0098,EV_018,2025-06-04,train,0,QA Engineer,Middle,hybrid,kk,course,online,self,24,778,1,0,2,0.3333333333333333,0.3333333333333333,0.16666666666666666,0.16666666666666666,1,0.6666666666666666,0,0.5,5,0.5714285714285714,0,2
R000961,E0181,EV_008,2025-06-04,train,1,Product Manager,Senior,office,ru,workshop,online,manager,4,128,1,0,2,0.16666666666666666,0.16666666666666666,0.3333333333333333,0.3333333333333333,2,0.25,1,0.3333333333333333,31,0.8181818181818182,0,2
R000962,E0019,EV_036,2025-06-05,train,1,Frontend Engineer,Junior,office,kk,meetup,offline,self,2,66,1,0,0,0.25,0.25,0.25,0.25,0,0.5,0,0.5,39,0.6829268292682927,0,58
R000966,E0079,EV_039,2025-06-05,train,1,Sales Manager,Junior,office,ru,workshop,online,self,3,234,1,0,3,0.5714285714285714,0.14285714285714285,0.14285714285714285,0.14285714285714285,2,0.75,2,0.75,25,0.7777777777777778,0,3
R000967,E0017,EV_036,2025-06-06,train,1,Product Manager,Senior,office,ru,meetup,offline,self,2,2292,1,0,3,0.5714285714285714,0.14285714285714285,0.14285714285714285,0.14285714285714285,1,0.6666666666666666,0,0.5,40,0.6904761904761905,0,4
R000968,E0092,EV_010,2025-06-06,train,1,Backend Engineer,Middle,office,en,course,online,self,20,238,1,0,0,0.25,0.25,0.25,0.25,0,0.5,0,0.5,7,0.6666666666666666,0,4
R000969,E0115,EV_016,2025-06-06,train,0,Frontend Engineer,Junior,hybrid,ru,workshop,online,manager,4,114,1,0,0,0.25,0.25,0.25,0.25,0,0.5,0,0.5,12,0.7857142857142857,0,95
R000970,E0164,EV_039,2025-06-06,train,1,Backend Engineer,Middle,hybrid,ru,workshop,online,self,3,1015,1,0,4,0.375,0.25,0.25,0.125,0,0.5,3,0.4,26,0.7857142857142857,0,4
R000971,E0094,EV_008,2025-06-09,train,1,Sales Manager,Senior,hybrid,ru,workshop,online,manager,4,1244,1,0,3,0.42857142857142855,0.2857142857142857,0.14285714285714285,0.14285714285714285,3,0.6,2,0.5,32,0.8235294117647058,0,7
R000972,E0105,EV_031,2025-06-09,train,1,HR Business Partner,Senior,office,kk,workshop,online,self,6,413,1,0,2,0.3333333333333333,0.3333333333333333,0.16666666666666666,0.16666666666666666,2,0.5,2,0.5,3,0.4,0,7
R000973,E0130,EV_018,2025-06-09,train,1,QA Engineer,Middle,hybrid,kk,course,online,self,24,203,1,0,0,0.25,0.25,0.25,0.25,0,0.5,0,0.5,6,0.5,0,7
R000974,E0064,EV_036,2025-06-10,train,1,Backend Engineer,Senior,office,ru,meetup,offline,manager,2,1329,1,0,2,0.3333333333333333,0.3333333333333333,0.16666666666666666,0.16666666666666666,1,0.6666666666666666,0,0.5,41,0.6976744186046512,0,8
R000975,E0026,EV_010,2025-06-11,train,1,Backend Engineer,Senior,hybrid,kk,course,online,self,20,1143,1,0,1,0.4,0.2,0.2,0.2,0,0.5,0,0.5,8,0.7,0,9
R000976,E0041,EV_038,2025-06-11,train,0,Product Manager,Senior,office,kk,course,online,manager,16,628,1,0,1,0.4,0.2,0.2,0.2,0,0.5,0,0.5,24,0.6923076923076923,0,9
R000977,E0115,EV_017,2025-06-11,train,0,Frontend Engineer,Junior,hybrid,ru,course,online,manager,16,119,1,0,1,0.2,0.4,0.2,0.2,1,0.3333333333333333,0,0.5,5,0.5714285714285714,0,5
R000978,E0181,EV_016,2025-06-11,train,1,Product Manager,Senior,office,ru,workshop,online,self,4,135,1,0,3,0.2857142857142857,0.14285714285714285,0.2857142857142857,0.2857142857142857,3,0.4,2,0.5,13,0.7333333333333333,0,7
R000980,E0059,EV_032,2025-06-12,train,0,Sales Manager,Middle,remote,ru,workshop,offline,self,8,715,1,0,6,0.4,0.2,0.3,0.1,2,0.25,4,0.5,11,0.8461538461538461,0,10
R000981,E0099,EV_031,2025-06-12,train,1,HR Business Partner,Middle,hybrid,ru,workshop,online,manager,6,1122,1,0,4,0.25,0.375,0.25,0.125,3,0.2,3,0.2,4,0.5,0,10
R000982,E0118,EV_015,2025-06-12,train,1,Frontend Engineer,Middle,hybrid,ru,course,self_paced,self,6,1319,1,0,5,0.4444444444444444,0.2222222222222222,0.2222222222222222,0.1111111111111111,0,0.5,2,0.25,4,0.8333333333333334,0,10
R000983,E0023,EV_008,2025-06-13,train,1,Backend Engineer,Junior,office,kk,workshop,online,manager,4,207,1,0,4,0.625,0.125,0.125,0.125,2,0.75,2,0.75,33,0.8285714285714286,0,11
R000985,E0173,EV_038,2025-06-13,train,1,HR Business Partner,Senior,remote,kk,course,online,self,16,2241,1,0,2,0.3333333333333333,0.16666666666666666,0.3333333333333333,0.16666666666666666,2,0.5,0,0.5,25,0.6666666666666666,0,11
R000986,E0035,EV_038,2025-06-16,train,0,Customer Support Specialist,Lead,hybrid,ru,course,online,hr,16,1390,1,0,4,0.5,0.125,0.125,0.25,3,0.6,0,0.5,26,0.6785714285714286,0,14
R000990,E0176,EV_023,2025-06-16,train,1,Product Manager,Junior,hybrid,ru,workshop,offline,self,6,413,2,1,5,0.5555555555555556,0.1111111111111111,0.1111111111111111,0.2222222222222222,3,0.6,4,0.6666666666666666,7,0.5555555555555556,0,14
R000991,E0181,EV_026,2025-06-16,train,1,Product Manager,Senior,office,ru,workshop,offline,self,8,140,1,0,4,0.375,0.125,0.25,0.25,0,0.5,3,0.6,6,0.875,0,5
R000992,E0002,EV_008,2025-06-17,train,1,Backend Engineer,Middle,remote,ru,workshop,online,self,4,784,1,0,3,0.2857142857142857,0.42857142857142855,0.14285714285714285,0.14285714285714285,1,0.3333333333333333,1,0.3333333333333333,34,0.8333333333333334,0,15
R000993,E0085,EV_024,2025-06-17,train,0,Data Analyst,Lead,hybrid,ru,course,self_paced,self,30,2582,1,0,2,0.5,0.16666666666666666,0.16666666666666666,0.16666666666666666,0,0.5,0,0.5,3,0.4,0,15
R000994,E0115,EV_013,2025-06-17,train,1,Frontend Engineer,Junior,hybrid,ru,course,online,self,12,125,1,0,2,0.16666666666666666,0.5,0.16666666666666666,0.16666666666666666,2,0.25,1,0.3333333333333333,4,0.3333333333333333,0,6
R000995,E0123,EV_036,2025-06-17,train,1,Frontend Engineer,Senior,hybrid,kk,meetup,offline,self,2,1524,2,1,6,0.4,0.2,0.2,0.2,2,0.75,1,0.6666666666666666,42,0.7045454545454546,0,15
R000996,E0176,EV_036,2025-06-17,train,1,Product Manager,Junior,hybrid,ru,meetup,offline,self,2,414,1,0,6,0.6,0.1,0.1,0.2,4,0.6666666666666666,0,0.5,42,0.7045454545454546,0,1
R000997,E0080,EV_022,2025-06-18,train,1,Data Analyst,Senior,hybrid,ru,course,online,manager,12,2499,1,0,4,0.25,0.375,0.25,0.125,1,0.3333333333333333,3,0.2,5,0.7142857142857143,0,16
R000998,E0085,EV_038,2025-06-18,train,1,Data Analyst,Lead,hybrid,ru,course,online,hr,16,2583,1,0,3,0.42857142857142855,0.2857142857142857,0.14285714285714285,0.14285714285714285,1,0.6666666666666666,1,0.3333333333333333,27,0.6551724137931034,0,1
R000999,E0177,EV_040,2025-06-18,train,0,Customer Support Specialist,Middle,office,ru,workshop,offline,hr,4,310,1,0,3,0.2857142857142857,0.14285714285714285,0.2857142857142857,0.2857142857142857,0,0.5,1,0.3333333333333333,45,0.6808510638297872,0,16
R001000,E0012,EV_036,2025-06-19,train,1,Sales Manager,Middle,hybrid,ru,meetup,offline,self,2,1247,1,0,1,0.4,0.2,0.2,0.2,0,0.5,0,0.5,44,0.717391304347826,0,17
R001001,E0026,EV_009,2025-06-19,train,0,Backend Engineer,Senior,hybrid,kk,certification,self_paced,self,40,1151,1,0,2,0.5,0.16666666666666666,0.16666666666666666,0.16666666666666666,0,0.5,0,0.5,16,0.6111111111111112,0,8
R001003,E0100,EV_026,2025-06-19,train,0,Product Manager,Junior,office,ru,workshop,offline,self,8,213,1,0,1,0.2,0.4,0.2,0.2,1,0.3333333333333333,1,0.3333333333333333,7,0.8888888888888888,0,17
R001004,E0107,EV_036,2025-06-19,train,1,Product Manager,Middle,office,ru,meetup,offline,self,2,1151,1,0,3,0.5714285714285714,0.14285714285714285,0.14285714285714285,0.14285714285714285,0,0.5,0,0.5,44,0.717391304347826,0,17
R001005,E0127,EV_010,2025-06-19,train,1,Backend Engineer,Middle,remote,kk,course,online,self,20,1086,1,0,2,0.3333333333333333,0.16666666666666666,0.3333333333333333,0.16666666666666666,1,0.3333333333333333,0,0.5,9,0.7272727272727273,0,17
R001006,E0147,EV_016,2025-06-19,train,1,Frontend Engineer,Middle,office,ru,workshop,online,self,4,388,1,0,3,0.5714285714285714,0.14285714285714285,0.14285714285714285,0.14285714285714285,0,0.5,2,0.75,14,0.75,0,17
R001007,E0189,EV_038,2025-06-20,train,1,QA Engineer,Senior,office,ru,course,online,manager,16,2041,1,0,3,0.5714285714285714,0.14285714285714285,0.14285714285714285,0.14285714285714285,2,0.75,1,0.6666666666666666,28,0.6666666666666666,0,18
R001008,E0037,EV_008,2025-06-23,train,1,Frontend Engineer,Junior,remote,ru,workshop,online,self,4,224,1,0,2,0.5,0.16666666666666666,0.16666666666666666,0.16666666666666666,2,0.75,1,0.6666666666666666,35,0.8378378378378378,0,21
R001009,E0132,EV_022,2025-06-23,train,1,Data Analyst,Senior,remote,en,course,online,manager,12,2152,2,1,2,0.3333333333333333,0.16666666666666666,0.3333333333333333,0.16666666666666666,2,0.5,1,0.3333333333333333,6,0.75,0,21
R001010,E0162,EV_022,2025-06-23,train,1,Data Analyst,Middle,hybrid,kk,course,online,manager,12,525,1,0,3,0.42857142857142855,0.14285714285714285,0.2857142857142857,0.14285714285714285,1,0.6666666666666666,0,0.5,6,0.75,0,21
R001011,E0035,EV_035,2025-06-24,train,1,Customer Support Specialist,Lead,hybrid,ru,course,online,manager,16,1398,1,0,5,0.4444444444444444,0.1111111111111111,0.2222222222222222,0.2222222222222222,4,0.5,1,0.3333333333333333,10,0.5,0,8
R001012,E0132,EV_038,2025-06-24,train,1,Data Analyst,Senior,remote,en,course,online,self,16,2153,1,0,3,0.42857142857142855,0.14285714285714285,0.2857142857142857,0.14285714285714285,3,0.6,2,0.5,29,0.6774193548387096,0,1
R001013,E0164,EV_006,2025-06-24,train,1,Backend Engineer,Middle,hybrid,ru,workshop,offline,hr,12,1033,2,1,5,0.4444444444444444,0.2222222222222222,0.2222222222222222,0.1111111111111111,4,0.5,4,0.5,8,0.5,0,18
R001014,E0123,EV_036,2025-06-25,train,0,Frontend Engineer,Senior,hybrid,kk,meetup,offline,self,2,1532,3,2,7,0.45454545454545453,0.18181818181818182,0.18181818181818182,0.18181818181818182,3,0.8,2,0.75,46,0.7291666666666666,0,8
R001015,E0023,EV_036,2025-06-27,train,1,Backend Engineer,Junior,office,kk,meetup,offline,self,2,221,1,0,5,0.6666666666666666,0.1111111111111111,0.1111111111111111,0.1111111111111111,1,0.6666666666666666,0,0.5,47,0.7142857142857143,0,14
R001016,E0037,EV_013,2025-06-27,train,0,Frontend Engineer,Junior,remote,ru,course,online,self,12,228,1,0,3,0.5714285714285714,0.14285714285714285,0.14285714285714285,0.14285714285714285,3,0.8,1,0.6666666666666666,5,0.42857142857142855,0,4
R001020,E0158,EV_038,2025-06-27,train,1,Sales Manager,Senior,office,kk,course,online,hr,16,2496,1,0,4,0.25,0.125,0.25,0.375,3,0.4,1,0.3333333333333333,30,0.6875,0,25
R001021,E0170,EV_039,2025-06-27,train,0,Frontend Engineer,Middle,hybrid,ru,workshop,online,manager,3,64,1,0,1,0.2,0.4,0.2,0.2,1,0.3333333333333333,0,0.5,27,0.7931034482758621,0,29
R001022,E0179,EV_019,2025-06-27,train,1,QA Engineer,Lead,hybrid,ru,workshop,offline,self,8,1975,2,1,3,0.42857142857142855,0.14285714285714285,0.14285714285714285,0.2857142857142857,2,0.5,2,0.5,12,0.35714285714285715,0,25
R001023,E0194,EV_038,2025-06-27,train,0,Frontend Engineer,Senior,remote,ru,course,online,self,16,1444,1,0,2,0.5,0.16666666666666666,0.16666666666666666,0.16666666666666666,1,0.6666666666666666,0,0.5,30,0.6875,0,25
R001024,E0048,EV_023,2025-06-30,train,1,Data Analyst,Middle,hybrid,kk,workshop,offline,manager,6,220,1,0,1,0.2,0.4,0.2,0.2,0,0.5,0,0.5,8,0.6,0,28
R001025,E0070,EV_037,2025-06-30,train,1,Customer Support Specialist,Senior,hybrid,kk,mentoring,online,self,12,943,2,1,3,0.42857142857142855,0.14285714285714285,0.14285714285714285,0.2857142857142857,3,0.6,1,0.3333333333333333,39,0.7317073170731707,0,28
R001026,E0099,EV_034,2025-06-30,train,1,HR Business Partner,Middle,hybrid,ru,workshop,online,self,4,1140,2,1,5,0.3333333333333333,0.3333333333333333,0.2222222222222222,0.1111111111111111,4,0.3333333333333333,4,0.3333333333333333,22,0.625,0,18
R001027,E0130,EV_035,2025-06-30,train,1,QA Engineer,Middle,hybrid,kk,course,online,self,16,224,1,0,1,0.4,0.2,0.2,0.2,1,0.6666666666666666,1,0.6666666666666666,11,0.5384615384615384,0,21
R001028,E0133,EV_029,2025-06-30,train,0,HR Business Partner,Lead,office,ru,course,self_paced,manager,12,2138,1,0,3,0.42857142857142855,0.2857142857142857,0.14285714285714285,0.14285714285714285,0,0.5,0,0.5,2,0.5,0,28
R001029,E0148,EV_036,2025-06-30,train,1,Sales Manager,Lead,office,kk,meetup,offline,self,2,1777,1,0,4,0.5,0.125,0.25,0.125,1,0.6666666666666666,0,0.5,48,0.72,0,28
R001030,E0150,EV_009,2025-06-30,train,0,Backend Engineer,Middle,office,ru,certification,self_paced,manager,40,728,1,0,5,0.6666666666666666,0.1111111111111111,0.1111111111111111,0.1111111111111111,1,0.6666666666666666,0,0.5,17,0.5789473684210527,0,28
R001031,E0143,EV_036,2025-07-01,train,0,Customer Support Specialist,Middle,office,kk,meetup,offline,self,2,686,1,0,1,0.2,0.4,0.2,0.2,0,0.5,0,0.5,49,0.7254901960784313,0,29
R001032,E0165,EV_023,2025-07-01,train,0,Product Manager,Junior,office,ru,workshop,offline,self,6,305,1,0,2,0.5,0.16666666666666666,0.16666666666666666,0.16666666666666666,2,0.75,1,0.6666666666666666,9,0.6363636363636364,0,29
R001033,E0196,EV_040,2025-07-01,train,1,Backend Engineer,Junior,hybrid,ru,workshop,offline,self,4,125,1,0,0,0.25,0.25,0.25,0.25,0,0.5,0,0.5,46,0.6666666666666666,0,103
R001034,E0029,EV_034,2025-07-02,train,1,Customer Support Specialist,Senior,hybrid,kk,workshop,online,self,4,111,1,0,0,0.25,0.25,0.25,0.25,0,0.5,0,0.5,23,0.64,0,86
R001035,E0085,EV_025,2025-07-02,train,1,Data Analyst,Lead,hybrid,ru,course,online,self,10,2597,1,0,4,0.5,0.25,0.125,0.125,2,0.75,2,0.5,6,0.75,0,14
R001036,E0133,EV_039,2025-07-02,train,1,HR Business Partner,Lead,office,ru,workshop,online,self,3,2140,1,0,4,0.375,0.375,0.125,0.125,3,0.6,3,0.6,28,0.7666666666666667,0,2
R001037,E0027,EV_037,2025-07-03,train,1,HR Business Partner,Middle,remote,ru,mentoring,online,self,12,107,1,0,0,0.25,0.25,0.25,0.25,0,0.5,0,0.5,40,0.7380952380952381,0,94
R001041,E0083,EV_034,2025-07-03,train,1,Customer Support Specialist,Senior,hybrid,ru,workshop,online,self,4,154,1,0,0,0.25,0.25,0.25,0.25,0,0.5,0,0.5,24,0.6538461538461539,0,129
R001042,E0173,EV_029,2025-07-03,train,1,HR Business Partner,Senior,remote,kk,course,self_paced,self,12,2261,1,0,3,0.42857142857142855,0.14285714285714285,0.2857142857142857,0.14285714285714285,0,0.5,1,0.6666666666666666,3,0.4,0,20
R001043,E0184,EV_010,2025-07-03,train,0,Backend Engineer,Middle,office,ru,course,online,self,20,246,2,1,2,0.3333333333333333,0.16666666666666666,0.16666666666666666,0.3333333333333333,2,0.5,2,0.5,10,0.75,0,31
R001044,E0046,EV_040,2025-07-04,train,1,Sales Manager,Middle,hybrid,ru,workshop,offline,self,4,494,1,0,5,0.4444444444444444,0.3333333333333333,0.1111111111111111,0.1111111111111111,2,0.5,2,0.25,47,0.673469387755102,0,32
R001045,E0187,EV_008,2025-07-04,train,1,Data Analyst,Junior,office,ru,workshop,online,self,4,466,1,0,2,0.16666666666666666,0.3333333333333333,0.16666666666666666,0.3333333333333333,1,0.3333333333333333,1,0.3333333333333333,36,0.8421052631578947,0,32
R001046,E0195,EV_016,2025-07-04,train,0,Product Manager,Middle,office,kk,workshop,online,manager,4,74,1,0,1,0.2,0.2,0.4,0.2,1,0.3333333333333333,0,0.5,15,0.7647058823529411,0,32
R001049,E0153,EV_036,2025-07-07,train,0,Sales Manager,Middle,office,ru,meetup,offline,self,2,994,1,0,4,0.625,0.125,0.125,0.125,1,0.6666666666666666,0,0.5,50,0.7115384615384616,0,35
R001050,E0042,EV_040,2025-07-08,train,0,Frontend Engineer,Junior,hybrid,ru,workshop,offline,self,4,321,1,0,1,0.4,0.2,0.2,0.2,1,0.6666666666666666,0,0.5,48,0.68,0,36
R001051,E0114,EV_034,2025-07-08,train,1,Customer Support Specialist,Junior,hybrid,en,workshop,online,self,4,236,1,0,0,0.25,0.25,0.25,0.25,0,0.5,0,0.5,25,0.6666666666666666,0,36
R001052,E0059,EV_036,2025-07-09,train,1,Sales Manager,Middle,remote,ru,meetup,offline,self,2,742,1,0,7,0.36363636363636365,0.18181818181818182,0.36363636363636365,0.09090909090909091,3,0.2,0,0.5,51,0.6981132075471698,0,27
R001053,E0062,EV_033,2025-07-09,train,1,Sales Manager,Middle,office,ru,course,online,self,10,1113,1,0,4,0.625,0.125,0.125,0.125,3,0.8,0,0.5,7,0.6666666666666666,0,37
R001054,E0139,EV_039,2025-07-09,train,1,Customer Support Specialist,Senior,office,kk,workshop,online,self,3,106,1,0,0,0.25,0.25,0.25,0.25,0,0.5,0,0.5,29,0.7741935483870968,0,85
R001055,E0191,EV_008,2025-07-10,train,0,Sales Manager,Middle,office,ru,workshop,online,hr,4,1213,1,0,1,0.4,0.2,0.2,0.2,0,0.5,0,0.5,37,0.8461538461538461,0,38
R001056,E0195,EV_027,2025-07-10,train,0,Product Manager,Middle,office,kk,workshop,online,self,6,80,1,0,2,0.16666666666666666,0.16666666666666666,0.5,0.16666666666666666,2,0.25,1,0.3333333333333333,8,0.7,0,6
R001057,E0067,EV_013,2025-07-11,train,1,Frontend Engineer,Middle,hybrid,ru,course,online,self,12,268,1,0,1,0.4,0.2,0.2,0.2,0,0.5,0,0.5,6,0.375,0,39
R001058,E0088,EV_038,2025-07-11,train,1,Backend Engineer,Senior,remote,kk,course,online,self,16,2272,1,0,3,0.5714285714285714,0.14285714285714285,0.14285714285714285,0.14285714285714285,2,0.75,1,0.6666666666666666,32,0.6764705882352942,0,39
R001059,E0011,EV_025,2025-07-14,train,0,Data Analyst,Senior,office,kk,course,online,self,10,1645,1,0,3,0.5714285714285714,0.14285714285714285,0.14285714285714285,0.14285714285714285,3,0.8,1,0.6666666666666666,7,0.7777777777777778,0,42
R001060,E0180,EV_040,2025-07-14,train,1,Customer Support Specialist,Lead,hybrid,kk,workshop,offline,manager,4,1887,1,0,4,0.625,0.125,0.125,0.125,0,0.5,2,0.75,49,0.6666666666666666,0,42
R001061,E0037,EV_040,2025-07-15,train,0,Frontend Engineer,Junior,remote,ru,workshop,offline,manager,4,246,1,0,4,0.5,0.125,0.25,0.125,0,0.5,2,0.75,50,0.6730769230769231,0,18
R001062,E0054,EV_037,2025-07-15,train,1,Data Analyst,Senior,hybrid,kk,mentoring,online,self,12,958,1,0,3,0.42857142857142855,0.14285714285714285,0.14285714285714285,0.2857142857142857,2,0.75,0,0.5,41,0.7441860465116279,0,43
R001063,E0176,EV_027,2025-07-15,train,1,Product Manager,Junior,hybrid,ru,workshop,online,self,6,442,1,0,7,0.6363636363636364,0.09090909090909091,0.09090909090909091,0.18181818181818182,2,0.75,5,0.7142857142857143,9,0.6363636363636364,0,28
R001064,E0017,EV_037,2025-07-16,train,1,Product Manager,Senior,office,ru,mentoring,online,self,12,2332,1,0,4,0.625,0.125,0.125,0.125,2,0.75,0,0.5,42,0.75,0,40
R001065,E0041,EV_020,2025-07-16,train,0,Product Manager,Senior,office,kk,course,self_paced,hr,40,663,1,0,2,0.3333333333333333,0.3333333333333333,0.16666666666666666,0.16666666666666666,0,0.5,1,0.3333333333333333,2,0.5,0,35
R001066,E0005,EV_036,2025-07-17,train,1,Backend Engineer,Middle,hybrid,kk,meetup,offline,manager,2,400,2,1,8,0.5,0.16666666666666666,0.16666666666666666,0.16666666666666666,4,0.6666666666666666,1,0.6666666666666666,52,0.7037037037037037,0,45
R001067,E0150,EV_009,2025-07-17,train,1,Backend Engineer,Middle,office,ru,certification,self_paced,self,40,745,2,1,6,0.6,0.1,0.1,0.2,2,0.5,1,0.3333333333333333,18,0.55,0,17
R001068,E0197,EV_018,2025-07-17,train,1,QA Engineer,Middle,hybrid,ru,course,online,self,24,1067,2,1,4,0.375,0.25,0.25,0.125,2,0.5,1,0.3333333333333333,7,0.5555555555555556,0,45
R001072,E0081,EV_034,2025-07-18,train,1,Customer Support Specialist,Middle,hybrid,kk,workshop,online,hr,4,567,2,1,2,0.16666666666666666,0.3333333333333333,0.3333333333333333,0.16666666666666666,2,0.25,1,0.3333333333333333,26,0.6785714285714286,0,46
R001074,E0040,EV_005,2025-07-21,train,1,Backend Engineer,Junior,office,ru,course,online,self,16,38,1,0,0,0.25,0.25,0.25,0.25,0,0.5,0,0.5,14,0.4375,0,14
R001075,E0057,EV_038,2025-07-21,train,1,Sales Manager,Senior,hybrid,kk,course,online,self,16,641,2,1,5,0.5555555555555556,0.1111111111111111,0.2222222222222222,0.1111111111111111,4,0.6666666666666666,2,0.5,33,0.6857142857142857,0,49
R001076,E0015,EV_009,2025-07-22,train,1,Frontend Engineer,Middle,office,ru,certification,self_paced,manager,40,489,1,0,2,0.3333333333333333,0.16666666666666666,0.3333333333333333,0.16666666666666666,0,0.5,0,0.5,19,0.5714285714285714,0,50
R001077,E0032,EV_008,2025-07-22,train,1,Data Analyst,Junior,hybrid,kk,workshop,online,self,4,369,1,0,1,0.4,0.2,0.2,0.2,0,0.5,1,0.6666666666666666,38,0.825,0,50
R001078,E0043,EV_013,2025-07-22,train,1,Frontend Engineer,Senior,hybrid,ru,course,online,self,12,1439,1,0,4,0.625,0.125,0.125,0.125,3,0.8,2,0.75,7,0.4444444444444444,0,48
R001079,E0048,EV_021,2025-07-22,train,0,Data Analyst,Middle,hybrid,kk,workshop,online,manager,6,242,1,0,2,0.3333333333333333,0.3333333333333333,0.16666666666666666,0.16666666666666666,0,0.5,1,0.6666666666666666,7,0.5555555555555556,0,22
R001080,E0083,EV_008,2025-07-22,train,0,Customer Support Specialist,Senior,hybrid,ru,workshop,online,self,4,173,1,0,1,0.4,0.2,0.2,0.2,1,0.6666666666666666,1,0.6666666666666666,38,0.825,0,19
R001081,E0133,EV_040,2025-07-22,train,1,HR Business Partner,Lead,office,ru,workshop,offline,self,4,2160,1,0,5,0.4444444444444444,0.3333333333333333,0.1111111111111111,0.1111111111111111,0,0.5,4,0.6666666666666666,51,0.660377358490566,0,20
R001082,E0197,EV_039,2025-07-22,train,0,QA Engineer,Middle,hybrid,ru,workshop,online,self,3,1072,1,0,5,0.4444444444444444,0.2222222222222222,0.2222222222222222,0.1111111111111111,3,0.6,3,0.6,30,0.78125,0,5
R001083,E0044,EV_038,2025-07-23,train,0,Frontend Engineer,Lead,office,kk,course,online,manager,16,1010,1,0,2,0.5,0.16666666666666666,0.16666666666666666,0.16666666666666666,1,0.6666666666666666,0,0.5,34,0.6944444444444444,0,51
R001084,E0148,EV_034,2025-07-23,train,1,Sales Manager,Lead,office,kk,workshop,online,self,4,1800,1,0,5,0.5555555555555556,0.1111111111111111,0.2222222222222222,0.1111111111111111,3,0.6,2,0.75,27,0.6896551724137931,0,23
R001085,E0169,EV_038,2025-07-23,train,0,Sales Manager,Lead,office,kk,course,online,self,16,1911,1,0,7,0.5454545454545454,0.09090909090909091,0.18181818181818182,0.18181818181818182,2,0.75,0,0.5,34,0.6944444444444444,0,51
R001086,E0172,EV_030,2025-07-23,train,1,HR Business Partner,Senior,remote,ru,workshop,online,self,4,2522,1,0,2,0.5,0.16666666666666666,0.16666666666666666,0.16666666666666666,2,0.75,1,0.6666666666666666,3,0.6,0,51
R001087,E0025,EV_021,2025-07-24,train,1,Data Analyst,Junior,office,kk,workshop,online,self,6,458,1,0,1,0.4,0.2,0.2,0.2,1,0.6666666666666666,1,0.6666666666666666,8,0.5,0,52
R001088,E0029,EV_039,2025-07-24,train,1,Customer Support Specialist,Senior,hybrid,kk,workshop,online,self,3,133,1,0,1,0.4,0.2,0.2,0.2,1,0.6666666666666666,1,0.6666666666666666,31,0.7575757575757576,0,22
R001089,E0107,EV_026,2025-07-24,train,0,Product Manager,Middle,office,ru,workshop,offline,hr,8,1186,1,0,4,0.625,0.125,0.125,0.125,1,0.6666666666666666,3,0.8,8,0.8,0,35
R001090,E0150,EV_006,2025-07-24,train,1,Backend Engineer,Middle,office,ru,workshop,offline,self,12,752,1,0,7,0.6363636363636364,0.09090909090909091,0.09090909090909091,0.18181818181818182,2,0.75,3,0.8,9,0.5454545454545454,0,7
R001091,E0140,EV_007,2025-07-25,train,1,Backend Engineer,Middle,office,ru,mentoring,online,self,8,399,1,0,6,0.3,0.5,0.1,0.1,4,0.3333333333333333,1,0.3333333333333333,7,0.5555555555555556,0,53
R001092,E0196,EV_012,2025-07-25,train,0,Backend Engineer,Junior,hybrid,ru,course,self_paced,hr,24,149,1,0,1,0.4,0.2,0.2,0.2,0,0.5,0,0.5,8,0.6,0,24
R001093,E0047,EV_039,2025-07-28,train,1,Backend Engineer,Middle,office,ru,workshop,online,self,3,949,1,0,6,0.5,0.3,0.1,0.1,2,0.75,2,0.25,32,0.7647058823529411,0,56
R001094,E0060,EV_027,2025-07-28,train,0,Product Manager,Lead,office,kk,workshop,online,manager,6,1379,1,0,3,0.5714285714285714,0.14285714285714285,0.14285714285714285,0.14285714285714285,0,0.5,3,0.8,10,0.6666666666666666,0,56
R001095,E0160,EV_034,2025-07-28,train,1,Customer Support Specialist,Junior,hybrid,ru,workshop,online,self,4,257,1,0,4,0.625,0.125,0.125,0.125,3,0.8,3,0.8,28,0.7,0,56
R001096,E0166,EV_039,2025-07-28,train,1,Sales Manager,Senior,office,kk,workshop,online,self,3,157,1,0,2,0.5,0.16666666666666666,0.16666666666666666,0.16666666666666666,1,0.6666666666666666,1,0.6666666666666666,32,0.7647058823529411,0,89
R001097,E0028,EV_007,2025-07-29,train,1,Backend Engineer,Middle,hybrid,kk,mentoring,online,self,8,1163,2,1,1,0.2,0.2,0.4,0.2,1,0.3333333333333333,1,0.3333333333333333,8,0.6,0,57
R001098,E0114,EV_008,2025-07-29,train,0,Customer Support Specialist,Junior,hybrid,en,workshop,online,manager,4,257,1,0,1,0.4,0.2,0.2,0.2,1,0.6666666666666666,1,0.6666666666666666,40,0.8095238095238095,0,21
R001099,E0007,EV_040,2025-07-30,train,1,Backend Engineer,Senior,office,kk,workshop,offline,self,4,2469,1,0,4,0.5,0.125,0.25,0.125,0,0.5,0,0.5,52,0.6666666666666666,0,58
R001100,E0165,EV_040,2025-07-30,train,0,Product Manager,Junior,office,ru,workshop,offline,manager,4,334,1,0,3,0.42857142857142855,0.2857142857142857,0.14285714285714285,0.14285714285714285,3,0.6,2,0.5,52,0.6666666666666666,0,29
R001101,E0189,EV_040,2025-07-30,train,1,QA Engineer,Senior,office,ru,workshop,offline,hr,4,2081,1,0,4,0.625,0.125,0.125,0.125,0,0.5,1,0.6666666666666666,52,0.6666666666666666,0,40
R001102,E0017,EV_023,2025-07-31,train,1,Product Manager,Senior,office,ru,workshop,offline,manager,6,2347,1,0,5,0.6666666666666666,0.1111111111111111,0.1111111111111111,0.1111111111111111,2,0.75,2,0.75,10,0.5833333333333334,0,15
R001103,E0059,EV_036,2025-07-31,train,1,Sales Manager,Middle,remote,ru,meetup,offline,manager,2,764,2,1,8,0.4166666666666667,0.16666666666666666,0.3333333333333333,0.08333333333333333,4,0.3333333333333333,1,0.6666666666666666,53,0.7090909090909091,0,22
R001104,E0195,EV_027,2025-08-01,train,0,Product Manager,Middle,office,kk,workshop,online,self,6,102,2,1,3,0.14285714285714285,0.2857142857142857,0.42857142857142855,0.14285714285714285,3,0.2,2,0.25,11,0.6153846153846154,0,22
R001108,E0140,EV_012,2025-08-04,train,0,Backend Engineer,Middle,office,ru,course,self_paced,manager,24,409,1,0,7,0.36363636363636365,0.45454545454545453,0.09090909090909091,0.09090909090909091,0,0.5,3,0.4,9,0.5454545454545454,0,10
R001109,E0042,EV_013,2025-08-05,train,0,Frontend Engineer,Junior,hybrid,ru,course,online,hr,12,349,1,0,2,0.3333333333333333,0.16666666666666666,0.3333333333333333,0.16666666666666666,0,0.5,0,0.5,8,0.5,0,28
R001111,E0006,EV_014,2025-08-06,train,1,Frontend Engineer,Lead,office,kk,workshop,offline,manager,8,2759,2,1,5,0.4444444444444444,0.1111111111111111,0.2222222222222222,0.2222222222222222,2,0.5,1,0.3333333333333333,3,0.6,0,65
R001112,E0023,EV_019,2025-08-06,train,0,Backend Engineer,Junior,office,kk,workshop,offline,hr,8,261,1,0,6,0.7,0.1,0.1,0.1,2,0.75,3,0.8,13,0.4,0,40
R001113,E0047,EV_005,2025-08-06,train,1,Backend Engineer,Middle,office,ru,course,online,self,16,958,1,0,7,0.5454545454545454,0.2727272727272727,0.09090909090909091,0.09090909090909091,3,0.8,2,0.75,15,0.47058823529411764,0,9
R001114,E0088,EV_005,2025-08-06,train,1,Backend Engineer,Senior,remote,kk,course,online,self,16,2298,1,0,4,0.625,0.125,0.125,0.125,3,0.8,2,0.75,15,0.47058823529411764,0,26
R001115,E0041,EV_032,2025-08-07,train,1,Product Manager,Senior,office,kk,workshop,offline,self,8,685,1,0,3,0.2857142857142857,0.2857142857142857,0.14285714285714285,0.2857142857142857,1,0.6666666666666666,1,0.6666666666666666,12,0.7857142857142857,0,22
R001116,E0045,EV_039,2025-08-07,train,1,Sales Manager,Junior,office,kk,workshop,online,self,3,132,1,0,0,0.25,0.25,0.25,0.25,0,0.5,0,0.5,34,0.7777777777777778,0,107
R001117,E0093,EV_039,2025-08-07,train,1,Customer Support Specialist,Middle,hybrid,kk,workshop,online,hr,3,1072,1,0,3,0.42857142857142855,0.2857142857142857,0.14285714285714285,0.14285714285714285,3,0.6,1,0.6666666666666666,34,0.7777777777777778,0,66
R001118,E0120,EV_036,2025-08-07,train,1,Frontend Engineer,Senior,hybrid,ru,meetup,offline,hr,2,2082,1,0,4,0.625,0.125,0.125,0.125,0,0.5,0,0.5,54,0.7142857142857143,0,66
R001119,E0013,EV_036,2025-08-08,train,1,Backend Engineer,Senior,office,ru,meetup,offline,self,2,1684,1,0,6,0.5,0.1,0.2,0.2,2,0.75,0,0.5,55,0.7192982456140351,0,67
R001120,E0051,EV_040,2025-08-08,train,0,Sales Manager,Senior,office,kk,workshop,offline,self,4,921,1,0,4,0.375,0.125,0.25,0.25,3,0.4,2,0.75,55,0.6666666666666666,0,67
R001121,E0055,EV_036,2025-08-08,train,1,Product Manager,Lead,hybrid,en,meetup,offline,self,2,898,2,1,4,0.5,0.125,0.25,0.125,1,0.3333333333333333,1,0.3333333333333333,55,0.7192982456140351,0,67
R001122,E0062,EV_037,2025-08-08,train,1,Sales Manager,Middle,office,ru,mentoring,online,self,12,1143,1,0,5,0.6666666666666666,0.1111111111111111,0.1111111111111111,0.1111111111111111,4,0.8333333333333334,0,0.5,43,0.7555555555555555,0,30
R001123,E0075,EV_040,2025-08-08,train,1,Frontend Engineer,Senior,office,kk,workshop,offline,self,4,2482,1,0,6,0.6,0.1,0.2,0.1,1,0.3333333333333333,1,0.6666666666666666,55,0.6666666666666666,0,67
R001124,E0137,EV_037,2025-08-08,train,1,Backend Engineer,Middle,remote,kk,mentoring,online,self,12,172,1,0,1,0.4,0.2,0.2,0.2,0,0.5,0,0.5,43,0.7555555555555555,0,130
R001125,E0155,EV_005,2025-08-08,train,0,Backend Engineer,Middle,hybrid,kk,course,online,self,16,781,1,0,2,0.16666666666666666,0.3333333333333333,0.3333333333333333,0.16666666666666666,2,0.25,0,0.5,17,0.5263157894736842,0,67
R001126,E0098,EV_019,2025-08-11,train,0,QA Engineer,Middle,hybrid,kk,workshop,offline,self,8,846,1,0,3,0.2857142857142857,0.42857142857142855,0.14285714285714285,0.14285714285714285,0,0.5,1,0.6666666666666666,14,0.375,0,68
R001127,E0143,EV_034,2025-08-11,train,1,Customer Support Specialist,Middle,office,kk,workshop,online,self,4,727,1,0,2,0.16666666666666666,0.3333333333333333,0.3333333333333333,0.16666666666666666,1,0.3333333333333333,0,0.5,29,0.7096774193548387,0,41
R001128,E0192,EV_039,2025-08-11,train,1,Backend Engineer,Junior,hybrid,ru,workshop,online,self,3,243,1,0,2,0.3333333333333333,0.16666666666666666,0.16666666666666666,0.3333333333333333,0,0.5,2,0.5,36,0.7894736842105263,0,70
R001129,E0071,EV_027,2025-08-12,train,1,Product Manager,Middle,office,kk,workshop,online,self,6,1002,2,1,6,0.6,0.2,0.1,0.1,3,0.6,4,0.6666666666666666,12,0.5714285714285714,0,69
R001130,E0079,EV_008,2025-08-12,train,1,Sales Manager,Junior,office,ru,workshop,online,self,4,302,1,0,4,0.625,0.125,0.125,0.125,3,0.8,3,0.8,41,0.7906976744186046,0,68
R001131,E0124,EV_022,2025-08-12,train,0,Data Analyst,Middle,office,kk,course,online,manager,12,176,1,0,0,0.25,0.25,0.25,0.25,0,0.5,0,0.5,8,0.8,0,154
R001132,E0127,EV_005,2025-08-12,train,0,Backend Engineer,Middle,remote,kk,course,online,manager,16,1140,1,0,3,0.42857142857142855,0.14285714285714285,0.2857142857142857,0.14285714285714285,2,0.5,1,0.6666666666666666,18,0.5,0,54
R001133,E0185,EV_035,2025-08-12,train,1,Customer Support Specialist,Middle,remote,kk,course,online,self,16,295,1,0,3,0.5714285714285714,0.14285714285714285,0.14285714285714285,0.14285714285714285,3,0.8,0,0.5,12,0.5714285714285714,0,71
R001134,E0052,EV_037,2025-08-13,train,0,HR Business Partner,Middle,office,kk,mentoring,online,manager,12,212,2,1,2,0.3333333333333333,0.3333333333333333,0.16666666666666666,0.16666666666666666,2,0.5,1,0.3333333333333333,45,0.7659574468085106,0,72
R001135,E0137,EV_009,2025-08-13,train,0,Backend Engineer,Middle,remote,kk,certification,self_paced,manager,40,177,1,0,2,0.5,0.16666666666666666,0.16666666666666666,0.16666666666666666,0,0.5,0,0.5,20,0.5909090909090909,0,5
R001136,E0145,EV_040,2025-08-13,train,1,QA Engineer,Senior,office,kk,workshop,offline,self,4,671,2,1,1,0.2,0.2,0.2,0.4,1,0.3333333333333333,1,0.3333333333333333,57,0.6610169491525424,0,72
R001138,E0055,EV_023,2025-08-14,train,1,Product Manager,Lead,hybrid,en,workshop,offline,self,6,904,1,0,5,0.5555555555555556,0.1111111111111111,0.2222222222222222,0.1111111111111111,2,0.5,2,0.75,11,0.6153846153846154,0,6
R001139,E0031,EV_037,2025-08-15,train,1,Customer Support Specialist,Middle,office,kk,mentoring,online,self,12,86,1,0,0,0.25,0.25,0.25,0.25,0,0.5,0,0.5,46,0.75,0,64
R001140,E0048,EV_040,2025-08-18,train,1,Data Analyst,Middle,hybrid,kk,workshop,offline,manager,4,269,1,0,3,0.2857142857142857,0.2857142857142857,0.14285714285714285,0.2857142857142857,1,0.6666666666666666,2,0.5,58,0.6666666666666666,0,27
R001141,E0080,EV_021,2025-08-19,train,1,Data Analyst,Senior,hybrid,ru,workshop,online,self,6,2561,1,0,5,0.3333333333333333,0.3333333333333333,0.2222222222222222,0.1111111111111111,2,0.5,1,0.6666666666666666,9,0.5454545454545454,0,62
R001142,E0197,EV_040,2025-08-19,train,0,QA Engineer,Middle,hybrid,ru,workshop,offline,manager,4,1100,2,1,6,0.4,0.2,0.3,0.1,2,0.5,4,0.5,59,0.6721311475409836,0,28
R001143,E0192,EV_019,2025-08-20,train,1,Backend Engineer,Junior,hybrid,ru,workshop,offline,self,8,252,1,0,3,0.42857142857142855,0.14285714285714285,0.14285714285714285,0.2857142857142857,2,0.5,3,0.6,15,0.35294117647058826,0,9
R001144,E0074,EV_027,2025-08-21,train,0,Product Manager,Middle,office,kk,workshop,online,manager,6,1219,1,0,0,0.25,0.25,0.25,0.25,0,0.5,0,0.5,13,0.6,0,80
R001148,E0166,EV_033,2025-08-21,train,1,Sales Manager,Senior,office,kk,course,online,self,10,181,1,0,3,0.5714285714285714,0.14285714285714285,0.14285714285714285,0.14285714285714285,2,0.75,0,0.5,8,0.7,0,24
R001149,E0184,EV_009,2025-08-21,train,0,Backend Engineer,Middle,office,ru,certification,self_paced,self,40,295,1,0,3,0.2857142857142857,0.2857142857142857,0.14285714285714285,0.2857142857142857,0,0.5,0,0.5,21,0.5652173913043478,0,49
R001150,E0011,EV_020,2025-08-22,train,1,Data Analyst,Senior,office,kk,course,self_paced,self,40,1684,1,0,4,0.5,0.125,0.25,0.125,0,0.5,2,0.5,3,0.4,0,39
R001151,E0160,EV_036,2025-08-22,train,0,Customer Support Specialist,Junior,hybrid,ru,meetup,offline,manager,2,282,1,0,5,0.6666666666666666,0.1111111111111111,0.1111111111111111,0.1111111111111111,1,0.6666666666666666,0,0.5,57,0.7288135593220338,0,25
R001152,E0162,EV_009,2025-08-22,train,1,Data Analyst,Middle,hybrid,kk,certification,self_paced,self,40,585,1,0,4,0.5,0.125,0.25,0.125,0,0.5,0,0.5,22,0.5416666666666666,0,60
R001153,E0012,EV_032,2025-08-25,train,1,Sales Manager,Middle,hybrid,ru,workshop,offline,self,8,1314,1,0,2,0.5,0.16666666666666666,0.16666666666666666,0.16666666666666666,1,0.6666666666666666,1,0.6666666666666666,13,0.8,0,67
R001154,E0029,EV_040,2025-08-25,train,1,Customer Support Specialist,Senior,hybrid,kk,workshop,offline,self,4,165,1,0,2,0.5,0.16666666666666666,0.16666666666666666,0.16666666666666666,0,0.5,2,0.75,60,0.6612903225806451,0,32
R001155,E0042,EV_015,2025-08-25,train,1,Frontend Engineer,Junior,hybrid,ru,course,self_paced,manager,6,369,1,0,3,0.2857142857142857,0.2857142857142857,0.2857142857142857,0.14285714285714285,0,0.5,1,0.3333333333333333,5,0.8571428571428571,0,20
R001156,E0051,EV_034,2025-08-25,train,0,Sales Manager,Senior,office,kk,workshop,online,manager,4,938,1,0,5,0.3333333333333333,0.2222222222222222,0.2222222222222222,0.2222222222222222,1,0.6666666666666666,3,0.6,30,0.71875,0,17
R001157,E0055,EV_040,2025-08-25,train,1,Product Manager,Lead,hybrid,en,workshop,offline,manager,4,915,1,0,6,0.6,0.1,0.2,0.1,3,0.6,3,0.8,60,0.6612903225806451,0,11
R001158,E0165,EV_027,2025-08-26,train,1,Product Manager,Junior,office,ru,workshop,online,self,6,361,1,0,4,0.375,0.375,0.125,0.125,0,0.5,3,0.4,14,0.5625,0,27
R001159,E0180,EV_035,2025-08-26,train,1,Customer Support Specialist,Lead,hybrid,kk,course,online,manager,16,1930,1,0,5,0.6666666666666666,0.1111111111111111,0.1111111111111111,0.1111111111111111,4,0.8333333333333334,1,0.6666666666666666,13,0.6,0,43
R001160,E0007,EV_006,2025-08-27,train,0,Backend Engineer,Senior,office,kk,workshop,offline,hr,12,2497,1,0,5,0.5555555555555556,0.1111111111111111,0.2222222222222222,0.1111111111111111,1,0.6666666666666666,1,0.6666666666666666,10,0.5833333333333334,0,28
R001161,E0047,EV_011,2025-08-27,train,0,Backend Engineer,Middle,office,ru,workshop,offline,self,6,979,2,1,8,0.5833333333333334,0.25,0.08333333333333333,0.08333333333333333,2,0.25,3,0.4,7,0.5555555555555556,0,21
R001162,E0113,EV_027,2025-08-27,train,1,Product Manager,Junior,office,ru,workshop,online,manager,6,194,1,0,0,0.25,0.25,0.25,0.25,0,0.5,0,0.5,15,0.5882352941176471,0,170
R001164,E0170,EV_036,2025-08-27,train,0,Frontend Engineer,Middle,hybrid,ru,meetup,offline,manager,2,125,1,0,2,0.16666666666666666,0.3333333333333333,0.16666666666666666,0.3333333333333333,0,0.5,0,0.5,58,0.7166666666666667,0,61
R001165,E0027,EV_029,2025-08-28,train,1,HR Business Partner,Middle,remote,ru,course,self_paced,hr,12,163,1,0,1,0.4,0.2,0.2,0.2,0,0.5,0,0.5,4,0.5,0,56
R001166,E0028,EV_040,2025-08-28,train,1,Backend Engineer,Middle,hybrid,kk,workshop,offline,self,4,1193,1,0,2,0.3333333333333333,0.16666666666666666,0.3333333333333333,0.16666666666666666,0,0.5,0,0.5,62,0.671875,0,30
R001167,E0039,EV_036,2025-08-28,train,0,Data Analyst,Middle,hybrid,ru,meetup,offline,manager,2,1095,1,0,1,0.2,0.2,0.4,0.2,0,0.5,0,0.5,59,0.7049180327868853,0,87
R001168,E0186,EV_005,2025-08-28,train,0,Backend Engineer,Middle,hybrid,ru,course,online,self,16,1169,3,2,6,0.4,0.2,0.2,0.2,2,0.25,2,0.25,19,0.47619047619047616,0,87
R001169,E0189,EV_019,2025-08-28,train,1,QA Engineer,Senior,office,ru,workshop,offline,self,8,2110,1,0,5,0.6666666666666666,0.1111111111111111,0.1111111111111111,0.1111111111111111,1,0.6666666666666666,2,0.75,16,0.3888888888888889,0,29
R001170,E0044,EV_037,2025-09-01,train,1,Frontend Engineer,Lead,office,kk,mentoring,online,self,12,1050,1,0,3,0.42857142857142855,0.14285714285714285,0.2857142857142857,0.14285714285714285,2,0.5,0,0.5,47,0.7551020408163265,0,40
R001171,E0107,EV_026,2025-09-01,train,1,Product Manager,Middle,office,ru,workshop,offline,manager,8,1225,2,1,5,0.5555555555555556,0.2222222222222222,0.1111111111111111,0.1111111111111111,2,0.5,4,0.6666666666666666,9,0.7272727272727273,0,39
R001172,E0195,EV_026,2025-09-01,train,1,Product Manager,Middle,office,kk,workshop,offline,manager,8,133,1,0,4,0.125,0.375,0.375,0.125,0,0.5,3,0.2,9,0.7272727272727273,0,31
R001173,E0032,EV_036,2025-09-02,train,0,Data Analyst,Junior,hybrid,kk,meetup,offline,manager,2,411,1,0,2,0.5,0.16666666666666666,0.16666666666666666,0.16666666666666666,1,0.6666666666666666,0,0.5,60,0.6935483870967742,0,42
R001174,E0068,EV_017,2025-09-02,train,0,Frontend Engineer,Middle,hybrid,kk,course,online,self,16,92,1,0,0,0.25,0.25,0.25,0.25,0,0.5,0,0.5,6,0.5,0,75
R001175,E0118,EV_013,2025-09-02,train,1,Frontend Engineer,Middle,hybrid,ru,course,online,self,12,1401,2,1,6,0.5,0.2,0.2,0.1,4,0.5,3,0.4,9,0.45454545454545453,0,82
R001176,E0200,EV_012,2025-09-02,train,0,Backend Engineer,Junior,hybrid,ru,course,self_paced,self,24,50,1,0,0,0.25,0.25,0.25,0.25,0,0.5,0,0.5,10,0.5,0,28
R001177,E0098,EV_005,2025-09-03,train,1,QA Engineer,Middle,hybrid,kk,course,online,manager,16,869,1,0,4,0.25,0.5,0.125,0.125,2,0.5,1,0.3333333333333333,20,0.45454545454545453,0,23
R001178,E0123,EV_014,2025-09-03,train,1,Frontend Engineer,Senior,hybrid,kk,workshop,offline,self,8,1602,1,0,8,0.4166666666666667,0.16666666666666666,0.25,0.16666666666666666,4,0.6666666666666666,3,0.4,4,0.6666666666666666,0,70
R001179,E0086,EV_039,2025-09-04,train,0,Customer Support Specialist,Junior,office,kk,workshop,online,manager,3,101,1,0,0,0.25,0.25,0.25,0.25,0,0.5,0,0.5,37,0.7948717948717948,0,83
R001180,E0109,EV_014,2025-09-05,train,0,Frontend Engineer,Middle,office,ru,workshop,offline,self,8,624,1,0,4,0.5,0.25,0.125,0.125,1,0.6666666666666666,2,0.75,5,0.7142857142857143,0,95
R001181,E0005,EV_039,2025-09-08,train,0,Backend Engineer,Middle,hybrid,kk,workshop,online,hr,3,453,1,0,9,0.5384615384615384,0.15384615384615385,0.15384615384615385,0.15384615384615385,2,0.5,3,0.6,38,0.775,0,53
R001182,E0111,EV_005,2025-09-08,train,1,QA Engineer,Middle,office,ru,course,online,self,16,446,1,0,4,0.625,0.125,0.125,0.125,1,0.6666666666666666,0,0.5,21,0.4782608695652174,0,98
R001183,E0134,EV_008,2025-09-08,train,0,Product Manager,Middle,hybrid,ru,workshop,online,self,4,861,1,0,3,0.2857142857142857,0.14285714285714285,0.42857142857142855,0.14285714285714285,1,0.6666666666666666,2,0.5,42,0.7954545454545454,0,98
R001184,E0169,EV_036,2025-09-08,train,1,Sales Manager,Lead,office,kk,meetup,offline,self,2,1958,6,5,8,0.5,0.16666666666666666,0.16666666666666666,0.16666666666666666,5,0.5714285714285714,5,0.5714285714285714,61,0.6825396825396826,0,47
R001185,E0035,EV_038,2025-09-09,train,1,Customer Support Specialist,Lead,hybrid,ru,course,online,manager,16,1475,2,1,6,0.5,0.1,0.2,0.2,5,0.5714285714285714,2,0.5,36,0.6578947368421053,0,77
R001186,E0067,EV_040,2025-09-09,train,1,Frontend Engineer,Middle,hybrid,ru,workshop,offline,self,4,328,1,0,2,0.5,0.16666666666666666,0.16666666666666666,0.16666666666666666,1,0.6666666666666666,0,0.5,63,0.676923076923077,0,60
R001187,E0122,EV_013,2025-09-09,train,0,Frontend Engineer,Senior,hybrid,kk,course,online,manager,12,505,1,0,1,0.4,0.2,0.2,0.2,0,0.5,0,0.5,10,0.5,0,99
R001188,E0079,EV_040,2025-09-10,train,1,Sales Manager,Junior,office,ru,workshop,offline,manager,4,331,1,0,5,0.6666666666666666,0.1111111111111111,0.1111111111111111,0.1111111111111111,1,0.6666666666666666,4,0.8333333333333334,64,0.6818181818181818,0,29
R001189,E0154,EV_011,2025-09-10,train,1,Frontend Engineer,Middle,office,ru,workshop,offline,manager,6,756,1,0,5,0.4444444444444444,0.1111111111111111,0.2222222222222222,0.2222222222222222,3,0.4,2,0.5,8,0.5,0,100
R001190,E0182,EV_036,2025-09-10,train,0,Frontend Engineer,Middle,office,ru,meetup,offline,manager,2,453,1,0,1,0.4,0.2,0.2,0.2,0,0.5,0,0.5,62,0.6875,0,100
R001191,E0181,EV_023,2025-09-11,train,1,Product Manager,Senior,office,ru,workshop,offline,self,6,227,1,0,5,0.4444444444444444,0.1111111111111111,0.2222222222222222,0.2222222222222222,1,0.6666666666666666,4,0.6666666666666666,12,0.6428571428571429,0,87
R001192,E0098,EV_009,2025-09-12,train,0,QA Engineer,Middle,hybrid,kk,certification,self_paced,hr,40,878,2,1,5,0.3333333333333333,0.4444444444444444,0.1111111111111111,0.1111111111111111,1,0.3333333333333333,1,0.3333333333333333,23,0.56,0,9
R001193,E0169,EV_039,2025-09-12,train,1,Sales Manager,Lead,office,kk,workshop,online,self,3,1962,1,0,9,0.5384615384615384,0.15384615384615385,0.15384615384615385,0.15384615384615385,3,0.6,1,0.6666666666666666,39,0.7560975609756098,0,4
R001194,E0067,EV_016,2025-09-15,train,1,Frontend Engineer,Middle,hybrid,ru,workshop,online,self,4,334,1,0,3,0.5714285714285714,0.14285714285714285,0.14285714285714285,0.14285714285714285,1,0.6666666666666666,1,0.6666666666666666,16,0.7222222222222222,0,6
R001198,E0192,EV_011,2025-09-15,train,1,Backend Engineer,Junior,hybrid,ru,workshop,offline,self,6,278,1,0,4,0.5,0.125,0.125,0.25,3,0.6,4,0.6666666666666666,9,0.5454545454545454,0,26
R001199,E0102,EV_008,2025-09-16,train,1,Frontend Engineer,Junior,remote,ru,workshop,online,self,4,474,1,0,4,0.375,0.125,0.375,0.125,2,0.5,2,0.5,43,0.7777777777777778,0,106
R001200,E0153,EV_036,2025-09-16,train,1,Sales Manager,Middle,office,ru,meetup,offline,self,2,1065,2,1,5,0.5555555555555556,0.1111111111111111,0.2222222222222222,0.1111111111111111,2,0.5,1,0.3333333333333333,63,0.676923076923077,0,71
R001201,E0041,EV_036,2025-09-17,train,1,Product Manager,Senior,office,kk,meetup,offline,self,2,726,1,0,4,0.375,0.25,0.125,0.25,2,0.75,0,0.5,64,0.6818181818181818,0,41
R001202,E0102,EV_013,2025-09-17,train,0,Frontend Engineer,Junior,remote,ru,course,online,manager,12,475,2,1,5,0.4444444444444444,0.1111111111111111,0.3333333333333333,0.1111111111111111,3,0.6,2,0.5,11,0.46153846153846156,0,1
R001203,E0105,EV_038,2025-09-17,train,1,HR Business Partner,Senior,office,kk,course,online,manager,16,513,1,0,3,0.42857142857142855,0.2857142857142857,0.14285714285714285,0.14285714285714285,3,0.6,0,0.5,37,0.6666666666666666,0,100
R001205,E0017,EV_039,2025-09-18,train,1,Product Manager,Senior,office,ru,workshop,online,self,3,2396,1,0,6,0.7,0.1,0.1,0.1,3,0.8,3,0.8,40,0.7619047619047619,0,49
R001206,E0031,EV_034,2025-09-18,train,1,Customer Support Specialist,Middle,office,kk,workshop,online,self,4,120,1,0,1,0.4,0.2,0.2,0.2,1,0.6666666666666666,0,0.5,31,0.696969696969697,0,34
R001213,E0140,EV_037,2025-09-18,train,1,Backend Engineer,Middle,office,ru,mentoring,online,self,12,454,2,1,8,0.3333333333333333,0.4166666666666667,0.08333333333333333,0.16666666666666666,5,0.42857142857142855,2,0.5,48,0.76,0,45
R001214,E0148,EV_040,2025-09-18,train,1,Sales Manager,Lead,office,kk,workshop,offline,self,4,1857,1,0,6,0.6,0.1,0.2,0.1,2,0.75,3,0.8,65,0.6865671641791045,0,57
R001215,E0149,EV_033,2025-09-18,train,1,Sales Manager,Middle,office,ru,course,online,hr,10,1058,1,0,7,0.6363636363636364,0.09090909090909091,0.18181818181818182,0.09090909090909091,3,0.6,0,0.5,9,0.7272727272727273,0,108
R001216,E0193,EV_023,2025-09-18,train,1,Data Analyst,Middle,office,ru,workshop,offline,manager,6,1144,1,0,2,0.5,0.16666666666666666,0.16666666666666666,0.16666666666666666,1,0.6666666666666666,0,0.5,13,0.6666666666666666,0,108
R001217,E0038,EV_008,2025-09-19,train,0,Product Manager,Senior,hybrid,kk,workshop,online,manager,4,1183,1,0,2,0.5,0.16666666666666666,0.16666666666666666,0.16666666666666666,1,0.6666666666666666,2,0.75,44,0.782608695652174,0,109
R001218,E0068,EV_013,2025-09-19,train,1,Frontend Engineer,Middle,hybrid,kk,course,online,self,12,109,1,0,1,0.2,0.2,0.4,0.2,1,0.3333333333333333,1,0.3333333333333333,12,0.42857142857142855,0,17
R001219,E0075,EV_036,2025-09-19,train,1,Frontend Engineer,Senior,office,kk,meetup,offline,hr,2,2524,2,1,7,0.6363636363636364,0.09090909090909091,0.18181818181818182,0.09090909090909091,2,0.5,1,0.3333333333333333,65,0.6865671641791045,0,42
R001220,E0094,EV_037,2025-09-19,train,1,Sales Manager,Senior,hybrid,ru,mentoring,online,self,12,1346,1,0,4,0.5,0.25,0.125,0.125,4,0.6666666666666666,0,0.5,49,0.7647058823529411,0,102
R001221,E0132,EV_008,2025-09-19,train,1,Data Analyst,Senior,remote,en,workshop,online,self,4,2240,1,0,4,0.5,0.125,0.25,0.125,4,0.6666666666666666,0,0.5,44,0.782608695652174,0,87
R001222,E0040,EV_040,2025-09-22,train,0,Backend Engineer,Junior,office,ru,workshop,offline,self,4,101,1,0,1,0.4,0.2,0.2,0.2,0,0.5,0,0.5,66,0.6911764705882353,0,63
R001223,E0131,EV_008,2025-09-22,train,0,HR Business Partner,Middle,office,ru,workshop,online,self,4,1057,1,0,3,0.5714285714285714,0.14285714285714285,0.14285714285714285,0.14285714285714285,2,0.75,3,0.8,46,0.7708333333333334,0,112
R001224,E0133,EV_030,2025-09-22,train,1,HR Business Partner,Lead,office,ru,workshop,online,self,4,2222,1,0,6,0.5,0.3,0.1,0.1,4,0.6666666666666666,5,0.7142857142857143,4,0.6666666666666666,0,62
R001225,E0142,EV_039,2025-09-22,train,1,Sales Manager,Middle,hybrid,kk,workshop,online,manager,3,35,1,0,0,0.25,0.25,0.25,0.25,0,0.5,0,0.5,41,0.7674418604651163,0,26
R001226,E0190,EV_010,2025-09-22,train,1,Backend Engineer,Senior,office,kk,course,online,manager,20,662,1,0,1,0.2,0.4,0.2,0.2,0,0.5,0,0.5,11,0.6923076923076923,0,112
R001227,E0199,EV_022,2025-09-22,train,0,Data Analyst,Senior,hybrid,ru,course,online,hr,12,2099,1,0,6,0.7,0.1,0.1,0.1,3,0.8,3,0.8,9,0.7272727272727273,0,112
R001228,E0029,EV_038,2025-09-23,train,1,Customer Support Specialist,Senior,hybrid,kk,course,online,hr,16,194,1,0,3,0.5714285714285714,0.14285714285714285,0.14285714285714285,0.14285714285714285,2,0.75,0,0.5,38,0.675,0,29
R001229,E0042,EV_040,2025-09-23,train,1,Frontend Engineer,Junior,hybrid,ru,workshop,offline,self,4,398,2,1,4,0.375,0.25,0.25,0.125,2,0.5,1,0.3333333333333333,67,0.6811594202898551,0,29
R001230,E0068,EV_037,2025-09-23,train,0,Frontend Engineer,Middle,hybrid,kk,mentoring,online,self,12,113,1,0,2,0.3333333333333333,0.16666666666666666,0.3333333333333333,0.16666666666666666,2,0.5,0,0.5,50,0.7692307692307693,0,4
R001231,E0182,EV_016,2025-09-23,train,1,Frontend Engineer,Middle,office,ru,workshop,online,manager,4,466,1,0,2,0.3333333333333333,0.16666666666666666,0.3333333333333333,0.16666666666666666,1,0.6666666666666666,0,0.5,17,0.7368421052631579,0,13
R001232,E0127,EV_009,2025-09-24,train,1,Backend Engineer,Middle,remote,kk,certification,self_paced,self,40,1183,1,0,4,0.375,0.25,0.25,0.125,0,0.5,0,0.5,24,0.5384615384615384,0,43
R001233,E0036,EV_016,2025-09-25,train,1,Frontend Engineer,Junior,remote,ru,workshop,online,self,4,87,1,0,0,0.25,0.25,0.25,0.25,0,0.5,0,0.5,18,0.75,0,66
R001234,E0055,EV_026,2025-09-25,train,1,Product Manager,Lead,hybrid,en,workshop,offline,hr,8,946,1,0,7,0.6363636363636364,0.09090909090909091,0.18181818181818182,0.09090909090909091,4,0.6666666666666666,4,0.8333333333333334,11,0.7692307692307693,0,31
R001235,E0078,EV_034,2025-09-25,train,1,Customer Support Specialist,Junior,hybrid,kk,workshop,online,self,4,318,1,0,0,0.25,0.25,0.25,0.25,0,0.5,0,0.5,32,0.7058823529411765,0,115
R001236,E0105,EV_037,2025-09-25,train,1,HR Business Partner,Senior,office,kk,mentoring,online,self,12,521,1,0,4,0.5,0.25,0.125,0.125,4,0.6666666666666666,0,0.5,51,0.7547169811320755,0,8
R001237,E0128,EV_037,2025-09-25,train,1,Backend Engineer,Senior,hybrid,kk,mentoring,online,self,12,423,1,0,1,0.4,0.2,0.2,0.2,1,0.6666666666666666,1,0.6666666666666666,51,0.7547169811320755,0,115
R001238,E0160,EV_036,2025-09-25,train,1,Customer Support Specialist,Junior,hybrid,ru,meetup,offline,self,2,316,2,1,6,0.6,0.1,0.2,0.1,2,0.5,1,0.3333333333333333,66,0.6911764705882353,0,34
R001239,E0163,EV_037,2025-09-25,train,1,Sales Manager,Middle,office,ru,mentoring,online,self,12,1219,1,0,4,0.375,0.125,0.125,0.375,0,0.5,0,0.5,51,0.7547169811320755,0,115
R001246,E0046,EV_039,2025-09-26,train,1,Sales Manager,Middle,hybrid,ru,workshop,online,manager,3,578,1,0,6,0.5,0.3,0.1,0.1,3,0.6,3,0.4,42,0.7727272727272727,0,84
R001247,E0098,EV_018,2025-09-26,train,1,QA Engineer,Middle,hybrid,kk,course,online,self,24,892,2,1,6,0.3,0.5,0.1,0.1,3,0.6,2,0.5,8,0.6,0,14
R001248,E0103,EV_019,2025-09-26,train,0,QA Engineer,Senior,remote,ru,workshop,offline,manager,8,1501,1,0,3,0.42857142857142855,0.14285714285714285,0.2857142857142857,0.14285714285714285,0,0.5,1,0.6666666666666666,17,0.42105263157894735,0,116
R001249,E0131,EV_031,2025-09-26,train,0,HR Business Partner,Middle,office,ru,workshop,online,manager,6,1061,1,0,4,0.5,0.125,0.25,0.125,3,0.6,4,0.6666666666666666,5,0.5714285714285714,0,4
R001250,E0147,EV_036,2025-09-26,train,0,Frontend Engineer,Middle,office,ru,meetup,offline,manager,2,487,1,0,4,0.625,0.125,0.125,0.125,2,0.75,0,0.5,67,0.6956521739130435,0,99
R001251,E0153,EV_040,2025-09-26,train,1,Sales Manager,Middle,office,ru,workshop,offline,self,4,1075,1,0,6,0.6,0.1,0.2,0.1,3,0.6,3,0.8,68,0.6857142857142857,0,10
R001252,E0052,EV_036,2025-09-29,train,1,HR Business Partner,Middle,office,kk,meetup,offline,manager,2,259,1,0,3,0.2857142857142857,0.2857142857142857,0.2857142857142857,0.14285714285714285,0,0.5,0,0.5,68,0.6857142857142857,0,47
R001254,E0123,EV_009,2025-09-29,train,1,Frontend Engineer,Senior,hybrid,kk,certification,self_paced,manager,40,1628,1,0,9,0.46153846153846156,0.15384615384615385,0.23076923076923078,0.15384615384615385,0,0.5,0,0.5,25,0.5555555555555556,0,26
R001256,E0198,EV_034,2025-09-29,train,1,Sales Manager,Junior,office,ru,workshop,online,self,4,460,2,1,6,0.6,0.1,0.2,0.1,3,0.6,4,0.6666666666666666,33,0.7142857142857143,0,119
R001257,E0072,EV_018,2025-09-30,train,0,QA Engineer,Middle,office,ru,course,online,self,24,533,1,0,0,0.25,0.25,0.25,0.25,0,0.5,0,0.5,9,0.6363636363636364,0,120
R001258,E0074,EV_027,2025-09-30,train,1,Product Manager,Middle,office,kk,workshop,online,self,6,1259,2,1,1,0.2,0.2,0.2,0.4,1,0.3333333333333333,1,0.3333333333333333,16,0.6111111111111112,0,40
R001259,E0105,EV_030,2025-09-30,train,0,HR Business Partner,Senior,office,kk,workshop,online,self,4,526,2,1,5,0.5555555555555556,0.2222222222222222,0.1111111111111111,0.1111111111111111,5,0.7142857142857143,3,0.6,5,0.7142857142857143,0,5
R001260,E0189,EV_037,2025-09-30,train,0,QA Engineer,Senior,office,ru,mentoring,online,self,12,2143,1,0,6,0.7,0.1,0.1,0.1,3,0.8,0,0.5,54,0.7678571428571429,0,33
R001261,E0050,EV_036,2025-10-01,train,0,Backend Engineer,Lead,hybrid,ru,meetup,offline,manager,2,3172,1,0,7,0.6363636363636364,0.09090909090909091,0.18181818181818182,0.09090909090909091,1,0.6666666666666666,0,0.5,69,0.6901408450704225,0,121
R001262,E0105,EV_028,2025-10-01,train,1,HR Business Partner,Senior,office,kk,workshop,online,self,4,527,1,0,6,0.5,0.3,0.1,0.1,6,0.625,4,0.5,5,0.5714285714285714,0,1
R001263,E0195,EV_027,2025-10-01,train,1,Product Manager,Middle,office,kk,workshop,online,self,6,163,3,2,5,0.2222222222222222,0.3333333333333333,0.3333333333333333,0.1111111111111111,4,0.16666666666666666,4,0.3333333333333333,17,0.631578947368421,0,30
R001265,E0067,EV_009,2025-10-02,train,1,Frontend Engineer,Middle,hybrid,ru,certification,self_paced,self,40,351,1,0,4,0.625,0.125,0.125,0.125,0,0.5,0,0.5,26,0.5714285714285714,0,17
R001266,E0122,EV_013,2025-10-02,train,1,Frontend Engineer,Senior,hybrid,kk,course,online,self,12,528,2,1,2,0.3333333333333333,0.3333333333333333,0.16666666666666666,0.16666666666666666,1,0.3333333333333333,1,0.3333333333333333,13,0.4666666666666667,0,23
R001267,E0195,EV_008,2025-10-02,train,1,Product Manager,Middle,office,kk,workshop,online,manager,4,164,1,0,6,0.3,0.3,0.3,0.1,5,0.2857142857142857,5,0.42857142857142855,47,0.7551020408163265,0,1
R001268,E0021,EV_035,2025-10-03,train,1,Customer Support Specialist,Middle,remote,ru,course,online,self,16,386,1,0,2,0.5,0.16666666666666666,0.16666666666666666,0.16666666666666666,1,0.6666666666666666,0,0.5,14,0.625,0,123
R001269,E0188,EV_020,2025-10-03,train,1,Data Analyst,Junior,hybrid,ru,course,self_paced,self,40,135,1,0,0,0.25,0.25,0.25,0.25,0,0.5,0,0.5,4,0.5,0,123
R001270,E0039,EV_039,2025-10-06,train,1,Data Analyst,Middle,hybrid,ru,workshop,online,self,3,1134,1,0,2,0.16666666666666666,0.16666666666666666,0.5,0.16666666666666666,1,0.3333333333333333,1,0.3333333333333333,43,0.7777777777777778,0,39
R001271,E0065,EV_008,2025-10-06,train,0,QA Engineer,Middle,hybrid,en,workshop,online,self,4,1162,1,0,3,0.42857142857142855,0.14285714285714285,0.14285714285714285,0.2857142857142857,1,0.6666666666666666,1,0.6666666666666666,48,0.76,0,126
R001272,E0127,EV_036,2025-10-06,train,0,Backend Engineer,Middle,remote,kk,meetup,offline,manager,2,1195,2,1,5,0.4444444444444444,0.2222222222222222,0.2222222222222222,0.1111111111111111,1,0.6666666666666666,1,0.6666666666666666,70,0.6805555555555556,0,12
R001273,E0192,EV_008,2025-10-06,train,1,Backend Engineer,Junior,hybrid,ru,workshop,online,self,4,299,1,0,5,0.5555555555555556,0.1111111111111111,0.1111111111111111,0.2222222222222222,1,0.6666666666666666,5,0.7142857142857143,48,0.76,0,21
R001274,E0069,EV_009,2025-10-07,train,0,Backend Engineer,Middle,hybrid,en,certification,self_paced,self,40,748,1,0,2,0.3333333333333333,0.16666666666666666,0.3333333333333333,0.16666666666666666,0,0.5,0,0.5,27,0.5862068965517241,0,127
R001276,E0103,EV_039,2025-10-07,train,1,QA Engineer,Senior,remote,ru,workshop,online,self,3,1512,1,0,4,0.375,0.125,0.375,0.125,3,0.6,2,0.5,44,0.782608695652174,0,11
R001277,E0150,EV_036,2025-10-07,train,0,Backend Engineer,Middle,office,ru,meetup,offline,self,2,827,1,0,8,0.6666666666666666,0.08333333333333333,0.08333333333333333,0.16666666666666666,3,0.8,0,0.5,71,0.6712328767123288,0,75
R001278,E0161,EV_033,2025-10-07,train,0,Sales Manager,Senior,remote,ru,course,online,manager,10,510,1,0,0,0.25,0.25,0.25,0.25,0,0.5,0,0.5,10,0.75,0,127
R001279,E0191,EV_008,2025-10-07,train,1,Sales Manager,Middle,office,ru,workshop,online,self,4,1302,2,1,2,0.3333333333333333,0.16666666666666666,0.16666666666666666,0.3333333333333333,1,0.3333333333333333,1,0.3333333333333333,50,0.75,0,89
R001280,E0006,EV_036,2025-10-08,train,0,Frontend Engineer,Lead,office,kk,meetup,offline,manager,2,2822,2,1,6,0.5,0.1,0.2,0.2,3,0.6,1,0.6666666666666666,72,0.6621621621621622,0,63
R001281,E0015,EV_040,2025-10-08,train,1,Frontend Engineer,Middle,office,ru,workshop,offline,manager,4,567,1,0,3,0.42857142857142855,0.14285714285714285,0.2857142857142857,0.14285714285714285,0,0.5,1,0.6666666666666666,69,0.6901408450704225,0,78
R001282,E0031,EV_035,2025-10-09,train,1,Customer Support Specialist,Middle,office,kk,course,online,self,16,141,1,0,2,0.5,0.16666666666666666,0.16666666666666666,0.16666666666666666,2,0.75,0,0.5,15,0.6470588235294118,0,21
R001283,E0051,EV_038,2025-10-09,train,1,Sales Manager,Senior,office,kk,course,online,self,16,983,1,0,6,0.3,0.2,0.3,0.2,2,0.5,0,0.5,39,0.6829268292682927,0,45
R001284,E0068,EV_037,2025-10-09,train,1,Frontend Engineer,Middle,hybrid,kk,mentoring,online,self,12,129,2,1,3,0.2857142857142857,0.14285714285714285,0.42857142857142855,0.14285714285714285,3,0.4,1,0.3333333333333333,55,0.7543859649122807,0,16
R001285,E0075,EV_036,2025-10-09,train,1,Frontend Engineer,Senior,office,kk,meetup,offline,self,2,2544,3,2,8,0.6666666666666666,0.08333333333333333,0.16666666666666666,0.08333333333333333,3,0.6,2,0.5,73,0.6533333333333333,0,20
R001286,E0079,EV_036,2025-10-09,train,1,Sales Manager,Junior,office,ru,meetup,offline,self,2,360,1,0,6,0.7,0.1,0.1,0.1,2,0.75,0,0.5,73,0.6533333333333333,0,29
R001287,E0097,EV_012,2025-10-09,train,0,Backend Engineer,Senior,office,kk,course,self_paced,manager,24,601,1,0,4,0.625,0.125,0.125,0.125,0,0.5,2,0.75,11,0.46153846153846156,0,129
R001288,E0032,EV_012,2025-10-10,train,0,Data Analyst,Junior,hybrid,kk,course,self_paced,self,24,449,1,0,3,0.42857142857142855,0.14285714285714285,0.2857142857142857,0.14285714285714285,0,0.5,0,0.5,12,0.42857142857142855,0,38
R001289,E0034,EV_023,2025-10-10,train,1,Data Analyst,Junior,office,kk,workshop,offline,manager,6,70,1,0,0,0.25,0.25,0.25,0.25,0,0.5,0,0.5,14,0.6875,0,57
R001290,E0041,EV_020,2025-10-10,train,1,Product Manager,Senior,office,kk,course,self_paced,manager,40,749,2,1,5,0.4444444444444444,0.2222222222222222,0.1111111111111111,0.2222222222222222,1,0.3333333333333333,2,0.25,5,0.5714285714285714,0,23
R001291,E0059,EV_032,2025-10-10,train,0,Sales Manager,Middle,remote,ru,workshop,offline,hr,8,835,2,1,9,0.46153846153846156,0.15384615384615385,0.3076923076923077,0.07692307692307693,5,0.42857142857142855,5,0.42857142857142855,14,0.8125,0,71
R001292,E0061,EV_036,2025-10-10,train,0,Data Analyst,Lead,remote,kk,meetup,offline,self,2,816,1,0,2,0.3333333333333333,0.16666666666666666,0.16666666666666666,0.3333333333333333,0,0.5,0,0.5,75,0.6623376623376623,0,130
R001293,E0023,EV_019,2025-10-13,train,1,Backend Engineer,Junior,office,kk,workshop,offline,self,8,329,2,1,7,0.6363636363636364,0.18181818181818182,0.09090909090909091,0.09090909090909091,3,0.6,4,0.6666666666666666,18,0.4,0,68
R001294,E0047,EV_006,2025-10-13,train,1,Backend Engineer,Middle,office,ru,workshop,offline,self,12,1026,2,1,9,0.5384615384615384,0.23076923076923078,0.15384615384615385,0.07692307692307693,3,0.2,4,0.3333333333333333,11,0.5384615384615384,0,47
R001295,E0048,EV_008,2025-10-13,train,1,Data Analyst,Middle,hybrid,kk,workshop,online,self,4,325,1,0,4,0.375,0.25,0.125,0.25,1,0.3333333333333333,3,0.6,51,0.7547169811320755,0,56
R001296,E0080,EV_038,2025-10-13,train,1,Data Analyst,Senior,hybrid,ru,course,online,manager,16,2616,2,1,6,0.4,0.3,0.2,0.1,3,0.6,4,0.3333333333333333,40,0.6904761904761905,0,55
R001297,E0065,EV_040,2025-10-14,train,1,QA Engineer,Middle,hybrid,en,workshop,offline,manager,4,1170,1,0,4,0.375,0.25,0.125,0.25,1,0.6666666666666666,2,0.5,70,0.6944444444444444,0,8
R001298,E0091,EV_035,2025-10-14,train,1,QA Engineer,Senior,hybrid,kk,course,online,self,16,504,1,0,3,0.42857142857142855,0.2857142857142857,0.14285714285714285,0.14285714285714285,2,0.5,1,0.3333333333333333,16,0.6666666666666666,0,134
R001299,E0011,EV_012,2025-10-15,train,0,Data Analyst,Senior,office,kk,course,self_paced,manager,24,1738,1,0,5,0.5555555555555556,0.1111111111111111,0.2222222222222222,0.1111111111111111,1,0.6666666666666666,3,0.6,13,0.4,0,54
R001300,E0052,EV_037,2025-10-15,train,1,HR Business Partner,Middle,office,kk,mentoring,online,self,12,275,3,2,4,0.375,0.25,0.25,0.125,3,0.4,2,0.25,56,0.7586206896551724,0,16
R001301,E0140,EV_011,2025-10-15,train,1,Backend Engineer,Middle,office,ru,workshop,offline,self,6,481,1,0,9,0.38461538461538464,0.38461538461538464,0.07692307692307693,0.15384615384615385,2,0.5,2,0.5,10,0.5833333333333334,0,27
R001302,E0062,EV_040,2025-10-16,train,1,Sales Manager,Middle,office,ru,workshop,offline,self,4,1212,1,0,6,0.7,0.1,0.1,0.1,1,0.6666666666666666,4,0.8333333333333334,71,0.6986301369863014,0,69
R001303,E0095,EV_029,2025-10-16,train,1,HR Business Partner,Middle,office,kk,course,self_paced,self,12,1396,1,0,5,0.3333333333333333,0.2222222222222222,0.2222222222222222,0.2222222222222222,0,0.5,0,0.5,5,0.5714285714285714,0,136
R001304,E0149,EV_036,2025-10-16,train,1,Sales Manager,Middle,office,ru,meetup,offline,self,2,1086,4,3,8,0.6666666666666666,0.08333333333333333,0.16666666666666666,0.08333333333333333,4,0.8333333333333334,3,0.8,76,0.6538461538461539,0,28
R001308,E0175,EV_011,2025-10-16,train,0,Backend Engineer,Lead,hybrid,kk,workshop,offline,self,6,3300,1,0,1,0.4,0.2,0.2,0.2,0,0.5,0,0.5,11,0.6153846153846154,0,136
R001309,E0045,EV_036,2025-10-17,train,1,Sales Manager,Junior,office,kk,meetup,offline,manager,2,203,1,0,1,0.4,0.2,0.2,0.2,0,0.5,0,0.5,77,0.6582278481012658,0,71
R001310,E0081,EV_037,2025-10-17,train,0,Customer Support Specialist,Middle,hybrid,kk,mentoring,online,manager,12,658,1,0,3,0.2857142857142857,0.2857142857142857,0.2857142857142857,0.14285714285714285,3,0.4,0,0.5,57,0.7627118644067796,0,91
R001311,E0086,EV_008,2025-10-17,train,1,Customer Support Specialist,Junior,office,kk,workshop,online,self,4,144,1,0,1,0.2,0.2,0.2,0.4,1,0.3333333333333333,1,0.3333333333333333,52,0.7592592592592593,0,43
R001312,E0093,EV_040,2025-10-17,train,1,Customer Support Specialist,Middle,hybrid,kk,workshop,offline,self,4,1143,1,0,4,0.5,0.25,0.125,0.125,0,0.5,2,0.75,72,0.7027027027027027,0,71
R001313,E0102,EV_036,2025-10-17,train,1,Frontend Engineer,Junior,remote,ru,meetup,offline,self,2,505,1,0,6,0.4,0.1,0.3,0.2,1,0.3333333333333333,0,0.5,77,0.6582278481012658,0,30
R001314,E0127,EV_007,2025-10-17,train,1,Backend Engineer,Middle,remote,kk,mentoring,online,self,8,1206,1,0,6,0.4,0.2,0.3,0.1,3,0.4,1,0.3333333333333333,9,0.6363636363636364,0,11
R001315,E0170,EV_015,2025-10-17,train,1,Frontend Engineer,Middle,hybrid,ru,course,self_paced,manager,6,176,1,0,3,0.14285714285714285,0.2857142857142857,0.2857142857142857,0.2857142857142857,0,0.5,1,0.3333333333333333,6,0.875,0,51
R001316,E0191,EV_039,2025-10-17,train,1,Sales Manager,Middle,office,ru,workshop,online,self,3,1312,1,0,3,0.42857142857142855,0.14285714285714285,0.14285714285714285,0.2857142857142857,2,0.5,2,0.5,45,0.7872340425531915,0,10
R001317,E0043,EV_016,2025-10-20,train,1,Frontend Engineer,Senior,hybrid,ru,workshop,online,self,4,1529,1,0,5,0.6666666666666666,0.1111111111111111,0.1111111111111111,0.1111111111111111,4,0.8333333333333334,0,0.5,19,0.7619047619047619,0,90
R001318,E0053,EV_018,2025-10-20,train,1,QA Engineer,Junior,remote,kk,course,online,manager,24,510,1,0,5,0.2222222222222222,0.2222222222222222,0.4444444444444444,0.1111111111111111,1,0.6666666666666666,0,0.5,10,0.5833333333333334,0,140
R001319,E0093,EV_035,2025-10-20,train,0,Customer Support Specialist,Middle,hybrid,kk,course,online,hr,16,1146,2,1,5,0.5555555555555556,0.2222222222222222,0.1111111111111111,0.1111111111111111,4,0.6666666666666666,1,0.3333333333333333,17,0.6842105263157895,0,3
R001320,E0081,EV_037,2025-10-21,train,1,Customer Support Specialist,Middle,hybrid,kk,mentoring,online,self,12,662,2,1,4,0.25,0.375,0.25,0.125,4,0.3333333333333333,1,0.3333333333333333,58,0.75,0,4
R001321,E0112,EV_037,2025-10-21,train,1,Customer Support Specialist,Senior,hybrid,ru,mentoring,online,self,12,2122,2,1,5,0.5555555555555556,0.2222222222222222,0.1111111111111111,0.1111111111111111,5,0.7142857142857143,1,0.3333333333333333,58,0.75,0,141
R001322,E0144,EV_036,2025-10-21,train,1,Customer Support Specialist,Junior,office,ru,meetup,offline,manager,2,400,1,0,5,0.6666666666666666,0.1111111111111111,0.1111111111111111,0.1111111111111111,1,0.6666666666666666,0,0.5,79,0.6666666666666666,0,141
R001323,E0191,EV_032,2025-10-21,train,0,Sales Manager,Middle,office,ru,workshop,offline,hr,8,1316,1,0,4,0.5,0.125,0.125,0.25,1,0.6666666666666666,3,0.6,15,0.7647058823529411,0,4
R001324,E0053,EV_019,2025-10-22,train,0,QA Engineer,Junior,remote,kk,workshop,offline,manager,8,512,5,4,6,0.3,0.2,0.4,0.1,4,0.16666666666666666,5,0.2857142857142857,19,0.42857142857142855,0,2
R001325,E0080,EV_024,2025-10-22,train,0,Data Analyst,Senior,hybrid,ru,course,self_paced,self,30,2625,3,2,7,0.45454545454545453,0.2727272727272727,0.18181818181818182,0.09090909090909091,2,0.25,5,0.42857142857142855,4,0.3333333333333333,0,9
R001326,E0180,EV_036,2025-10-23,train,1,Customer Support Specialist,Lead,hybrid,kk,meetup,offline,self,2,1988,1,0,6,0.7,0.1,0.1,0.1,1,0.6666666666666666,0,0.5,80,0.6707317073170732,0,58
R001327,E0198,EV_036,2025-10-23,train,0,Sales Manager,Junior,office,ru,meetup,offline,self,2,484,2,1,7,0.6363636363636364,0.09090909090909091,0.18181818181818182,0.09090909090909091,3,0.8,1,0.6666666666666666,80,0.6707317073170732,0,24
R001328,E0056,EV_037,2025-10-24,train,1,Sales Manager,Middle,office,ru,mentoring,online,manager,12,1194,1,0,3,0.42857142857142855,0.14285714285714285,0.2857142857142857,0.14285714285714285,2,0.5,0,0.5,60,0.7580645161290323,0,144
R001332,E0035,EV_037,2025-10-27,train,0,Customer Support Specialist,Lead,hybrid,ru,mentoring,online,manager,12,1523,1,0,7,0.5454545454545454,0.09090909090909091,0.18181818181818182,0.18181818181818182,6,0.625,0,0.5,61,0.7619047619047619,0,48
R001333,E0173,EV_034,2025-10-27,train,0,HR Business Partner,Senior,remote,kk,workshop,online,self,4,2377,1,0,4,0.5,0.125,0.25,0.125,3,0.6,1,0.3333333333333333,34,0.7222222222222222,0,116
R001334,E0007,EV_038,2025-10-28,train,1,Backend Engineer,Senior,office,kk,course,online,self,16,2559,2,1,6,0.5,0.1,0.2,0.2,3,0.6,3,0.6,41,0.6976744186046512,0,62
R001335,E0093,EV_035,2025-10-28,train,1,Customer Support Specialist,Middle,hybrid,kk,course,online,hr,16,1154,3,2,6,0.5,0.2,0.1,0.2,5,0.5714285714285714,2,0.25,18,0.65,0,8
R001336,E0116,EV_026,2025-10-28,train,1,Product Manager,Middle,office,kk,workshop,offline,self,8,250,1,0,0,0.25,0.25,0.25,0.25,0,0.5,0,0.5,12,0.7857142857142857,0,244
R001337,E0020,EV_039,2025-10-29,train,0,Product Manager,Junior,remote,ru,workshop,online,self,3,525,1,0,2,0.5,0.16666666666666666,0.16666666666666666,0.16666666666666666,2,0.75,2,0.75,46,0.7916666666666666,0,149
R001338,E0027,EV_028,2025-10-29,train,0,HR Business Partner,Middle,remote,ru,workshop,online,self,4,225,1,0,2,0.5,0.16666666666666666,0.16666666666666666,0.16666666666666666,1,0.6666666666666666,0,0.5,6,0.625,0,62
R001339,E0122,EV_037,2025-10-29,train,1,Frontend Engineer,Senior,hybrid,kk,mentoring,online,hr,12,555,1,0,3,0.42857142857142855,0.2857142857142857,0.14285714285714285,0.14285714285714285,2,0.5,0,0.5,62,0.75,0,27
R001340,E0197,EV_040,2025-10-29,train,1,QA Engineer,Middle,hybrid,ru,workshop,offline,manager,4,1171,3,2,7,0.36363636363636365,0.18181818181818182,0.2727272727272727,0.18181818181818182,3,0.4,5,0.42857142857142855,73,0.7066666666666667,0,71
R001341,E0011,EV_038,2025-10-30,train,1,Data Analyst,Senior,office,kk,course,online,self,16,1753,1,0,6,0.5,0.2,0.2,0.1,4,0.6666666666666666,4,0.5,42,0.7045454545454546,0,15
R001343,E0162,EV_008,2025-10-30,train,1,Data Analyst,Middle,hybrid,kk,workshop,online,self,4,654,1,0,5,0.5555555555555556,0.1111111111111111,0.2222222222222222,0.1111111111111111,2,0.75,2,0.75,53,0.7636363636363637,0,69
R001344,E0163,EV_034,2025-10-31,train,1,Sales Manager,Middle,office,ru,workshop,online,self,4,1255,1,0,5,0.4444444444444444,0.1111111111111111,0.1111111111111111,0.3333333333333333,1,0.6666666666666666,1,0.6666666666666666,35,0.7027027027027027,0,36
R001345,E0198,EV_039,2025-10-31,train,0,Sales Manager,Junior,office,ru,workshop,online,self,3,492,1,0,8,0.5833333333333334,0.08333333333333333,0.25,0.08333333333333333,4,0.6666666666666666,5,0.7142857142857143,47,0.7755102040816326,0,8
R001417,E0082,EV_009,2025-11-03,train,1,Frontend Engineer,Middle,office,ru,certification,self_paced,manager,40,221,1,0,0,0.25,0.25,0.25,0.25,0,0.5,0,0.5,28,0.5666666666666667,0,202
R001511,E0029,EV_035,2025-11-04,train,1,Customer Support Specialist,Senior,hybrid,kk,course,online,self,16,236,1,0,4,0.625,0.125,0.125,0.125,3,0.8,1,0.6666666666666666,19,0.6666666666666666,0,1
R001512,E0081,EV_039,2025-11-04,train,1,Customer Support Specialist,Middle,hybrid,kk,workshop,online,manager,3,676,1,0,5,0.3333333333333333,0.3333333333333333,0.2222222222222222,0.1111111111111111,5,0.42857142857142855,2,0.5,48,0.76,0,1
R001513,E0091,EV_009,2025-11-04,train,1,QA Engineer,Senior,hybrid,kk,certification,self_paced,self,40,525,1,0,4,0.5,0.25,0.125,0.125,0,0.5,0,0.5,29,0.5806451612903226,0,1
R001514,E0197,EV_037,2025-11-04,train,0,QA Engineer,Middle,hybrid,ru,mentoring,online,self,12,1177,1,0,8,0.4166666666666667,0.16666666666666666,0.25,0.16666666666666666,4,0.5,0,0.5,63,0.7538461538461538,0,1
R001515,E0008,EV_017,2025-11-05,train,0,Frontend Engineer,Senior,remote,en,course,online,manager,16,359,1,0,9,0.38461538461538464,0.15384615384615385,0.3076923076923077,0.15384615384615385,5,0.5714285714285714,4,0.5,7,0.4444444444444444,0,2
R001516,E0032,EV_020,2025-11-05,train,1,Data Analyst,Junior,hybrid,kk,course,self_paced,self,40,475,1,0,4,0.375,0.25,0.25,0.125,1,0.3333333333333333,1,0.3333333333333333,6,0.625,0,2
R001517,E0182,EV_036,2025-11-05,train,0,Frontend Engineer,Middle,office,ru,meetup,offline,hr,2,509,2,1,3,0.42857142857142855,0.14285714285714285,0.2857142857142857,0.14285714285714285,1,0.3333333333333333,1,0.3333333333333333,82,0.6666666666666666,0,2
R001518,E0028,EV_010,2025-11-06,train,0,Backend Engineer,Middle,hybrid,kk,course,online,manager,20,1263,1,0,3,0.42857142857142855,0.14285714285714285,0.2857142857142857,0.14285714285714285,2,0.5,0,0.5,12,0.7142857142857143,0,3
R001522,E0077,EV_034,2025-11-06,train,1,HR Business Partner,Junior,office,ru,workshop,online,self,4,52,1,0,0,0.25,0.25,0.25,0.25,0,0.5,0,0.5,36,0.7105263157894737,0,30
R001523,E0005,EV_012,2025-11-07,train,1,Backend Engineer,Middle,hybrid,kk,course,self_paced,manager,24,513,2,1,10,0.5,0.14285714285714285,0.14285714285714285,0.21428571428571427,2,0.5,1,0.3333333333333333,14,0.375,0,4
R001524,E0018,EV_040,2025-11-07,train,1,Customer Support Specialist,Junior,remote,en,workshop,offline,manager,4,591,1,0,3,0.42857142857142855,0.14285714285714285,0.14285714285714285,0.2857142857142857,0,0.5,2,0.5,74,0.7105263157894737,0,4
R001525,E0044,EV_040,2025-11-07,train,0,Frontend Engineer,Lead,office,kk,workshop,offline,self,4,1117,1,0,4,0.5,0.125,0.25,0.125,1,0.6666666666666666,2,0.75,74,0.7105263157894737,0,4
R001526,E0187,EV_023,2025-11-07,train,1,Data Analyst,Junior,office,ru,workshop,offline,manager,6,592,1,0,3,0.2857142857142857,0.2857142857142857,0.14285714285714285,0.2857142857142857,0,0.5,2,0.5,15,0.7058823529411765,0,4
R001527,E0127,EV_036,2025-11-10,train,1,Backend Engineer,Middle,remote,kk,meetup,offline,manager,2,1230,3,2,7,0.45454545454545453,0.18181818181818182,0.2727272727272727,0.09090909090909091,2,0.5,2,0.5,83,0.6588235294117647,0,7
R001528,E0155,EV_006,2025-11-10,train,1,Backend Engineer,Middle,hybrid,kk,workshop,offline,self,12,875,1,0,3,0.14285714285714285,0.42857142857142855,0.2857142857142857,0.14285714285714285,0,0.5,0,0.5,12,0.5714285714285714,0,7
R001529,E0070,EV_038,2025-11-11,train,1,Customer Support Specialist,Senior,hybrid,kk,course,online,self,16,1077,1,0,4,0.5,0.125,0.125,0.25,4,0.6666666666666666,0,0.5,43,0.7111111111111111,0,8
R001530,E0139,EV_034,2025-11-11,train,0,Customer Support Specialist,Senior,office,kk,workshop,online,self,4,231,1,0,1,0.4,0.2,0.2,0.2,1,0.6666666666666666,1,0.6666666666666666,37,0.717948717948718,0,8
R001531,E0043,EV_015,2025-11-12,train,1,Frontend Engineer,Senior,hybrid,ru,course,self_paced,manager,6,1552,1,0,6,0.7,0.1,0.1,0.1,1,0.6666666666666666,3,0.8,7,0.8888888888888888,0,9
R001532,E0046,EV_034,2025-11-12,train,1,Sales Manager,Middle,hybrid,ru,workshop,online,self,4,625,2,1,7,0.5454545454545454,0.2727272727272727,0.09090909090909091,0.09090909090909091,4,0.6666666666666666,4,0.5,38,0.7,0,9
R001533,E0098,EV_019,2025-11-12,train,1,QA Engineer,Middle,hybrid,kk,workshop,offline,manager,8,939,2,1,7,0.36363636363636365,0.45454545454545453,0.09090909090909091,0.09090909090909091,1,0.3333333333333333,2,0.5,20,0.4090909090909091,0,9
R001534,E0112,EV_034,2025-11-12,train,0,Customer Support Specialist,Senior,hybrid,ru,workshop,online,manager,4,2144,1,0,6,0.6,0.2,0.1,0.1,6,0.75,2,0.75,38,0.7,0,9
R001535,E0188,EV_008,2025-11-12,train,1,Data Analyst,Junior,hybrid,ru,workshop,online,self,4,175,1,0,1,0.4,0.2,0.2,0.2,0,0.5,0,0.5,54,0.7678571428571429,0,9
R001536,E0044,EV_038,2025-11-13,train,1,Frontend Engineer,Lead,office,kk,course,online,self,16,1123,2,1,5,0.4444444444444444,0.1111111111111111,0.3333333333333333,0.1111111111111111,3,0.6,1,0.3333333333333333,44,0.717391304347826,0,6
R001538,E0059,EV_034,2025-11-13,train,1,Sales Manager,Middle,remote,ru,workshop,online,self,4,869,1,0,10,0.42857142857142855,0.14285714285714285,0.35714285714285715,0.07142857142857142,4,0.6666666666666666,6,0.375,40,0.6904761904761905,0,10
R001539,E0067,EV_014,2025-11-13,train,1,Frontend Engineer,Middle,hybrid,ru,workshop,offline,self,8,393,1,0,5,0.6666666666666666,0.1111111111111111,0.1111111111111111,0.1111111111111111,2,0.75,2,0.75,6,0.625,0,10
R001540,E0026,EV_007,2025-11-14,train,0,Backend Engineer,Senior,hybrid,kk,mentoring,online,manager,8,1299,1,0,3,0.42857142857142855,0.2857142857142857,0.14285714285714285,0.14285714285714285,1,0.6666666666666666,0,0.5,10,0.6666666666666666,0,11
R001541,E0165,EV_036,2025-11-14,train,1,Product Manager,Junior,office,ru,meetup,offline,self,2,441,2,1,5,0.4444444444444444,0.3333333333333333,0.1111111111111111,0.1111111111111111,4,0.5,1,0.6666666666666666,84,0.6627906976744186,0,11
R001542,E0199,EV_022,2025-11-17,train,1,Data Analyst,Senior,hybrid,ru,course,online,self,12,2155,2,1,7,0.6363636363636364,0.09090909090909091,0.18181818181818182,0.09090909090909091,4,0.6666666666666666,4,0.6666666666666666,10,0.6666666666666666,0,14
R001543,E0035,EV_008,2025-11-18,train,1,Customer Support Specialist,Lead,hybrid,ru,workshop,online,self,4,1545,1,0,8,0.5,0.08333333333333333,0.25,0.16666666666666666,7,0.5555555555555556,4,0.6666666666666666,55,0.7719298245614035,0,15
R001544,E0040,EV_012,2025-11-18,train,1,Backend Engineer,Junior,office,ru,course,self_paced,self,24,158,1,0,2,0.3333333333333333,0.16666666666666666,0.3333333333333333,0.16666666666666666,0,0.5,1,0.6666666666666666,15,0.4117647058823529,0,15
R001545,E0055,EV_008,2025-11-18,train,1,Product Manager,Lead,hybrid,en,workshop,online,self,4,1000,1,0,8,0.6666666666666666,0.08333333333333333,0.16666666666666666,0.08333333333333333,3,0.8,5,0.8571428571428571,55,0.7719298245614035,0,15
R001546,E0075,EV_017,2025-11-18,train,0,Frontend Engineer,Senior,office,kk,course,online,manager,16,2584,1,0,9,0.6923076923076923,0.07692307692307693,0.15384615384615385,0.07692307692307693,4,0.8333333333333334,3,0.8,8,0.4,0,15
R001547,E0095,EV_008,2025-11-18,train,1,HR Business Partner,Middle,office,kk,workshop,online,self,4,1429,1,0,6,0.4,0.2,0.2,0.2,5,0.42857142857142855,4,0.3333333333333333,55,0.7719298245614035,0,15
R001548,E0142,EV_037,2025-11-18,train,1,Sales Manager,Middle,hybrid,kk,mentoring,online,self,12,92,1,0,1,0.4,0.2,0.2,0.2,1,0.6666666666666666,0,0.5,64,0.7424242424242424,0,57
R001549,E0014,EV_039,2025-11-19,train,1,HR Business Partner,Lead,office,en,workshop,online,self,3,2240,1,0,3,0.42857142857142855,0.2857142857142857,0.14285714285714285,0.14285714285714285,2,0.75,2,0.75,49,0.7647058823529411,0,16
R001550,E0092,EV_037,2025-11-19,train,0,Backend Engineer,Middle,office,en,mentoring,online,manager,12,404,1,0,1,0.4,0.2,0.2,0.2,1,0.6666666666666666,0,0.5,65,0.746268656716418,0,16
R001551,E0118,EV_005,2025-11-19,train,0,Frontend Engineer,Middle,hybrid,ru,course,online,hr,16,1479,1,0,7,0.5454545454545454,0.18181818181818182,0.18181818181818182,0.09090909090909091,5,0.5714285714285714,4,0.5,22,0.5,0,16
R001552,E0158,EV_032,2025-11-19,train,1,Sales Manager,Senior,office,kk,workshop,offline,manager,8,2641,1,0,5,0.3333333333333333,0.1111111111111111,0.2222222222222222,0.3333333333333333,1,0.3333333333333333,3,0.4,16,0.7222222222222222,0,16
R001553,E0197,EV_009,2025-11-19,train,1,QA Engineer,Middle,hybrid,ru,certification,self_paced,self,40,1192,1,0,9,0.38461538461538464,0.23076923076923078,0.23076923076923078,0.15384615384615385,0,0.5,0,0.5,30,0.59375,0,15
R001554,E0085,EV_036,2025-11-20,train,1,Data Analyst,Lead,hybrid,ru,meetup,offline,self,2,2738,1,0,5,0.5555555555555556,0.2222222222222222,0.1111111111111111,0.1111111111111111,1,0.6666666666666666,0,0.5,85,0.6666666666666666,0,17
R001555,E0161,EV_008,2025-11-20,train,0,Sales Manager,Senior,remote,ru,workshop,online,self,4,554,1,0,1,0.2,0.2,0.4,0.2,1,0.3333333333333333,0,0.5,58,0.7833333333333333,0,17
R001556,E0107,EV_023,2025-11-21,train,1,Product Manager,Middle,office,ru,workshop,offline,self,6,1306,1,0,6,0.6,0.2,0.1,0.1,3,0.6,5,0.7142857142857143,16,0.7222222222222222,0,18
R001560,E0017,EV_040,2025-11-24,train,1,Product Manager,Senior,office,ru,workshop,offline,self,4,2463,1,0,7,0.7272727272727273,0.09090909090909091,0.09090909090909091,0.09090909090909091,3,0.8,4,0.8333333333333334,76,0.7051282051282052,0,21
R001561,E0026,EV_011,2025-11-24,train,1,Backend Engineer,Senior,hybrid,kk,workshop,offline,self,6,1309,1,0,4,0.375,0.25,0.125,0.25,1,0.6666666666666666,0,0.5,12,0.5714285714285714,0,10
R001562,E0054,EV_024,2025-11-24,train,1,Data Analyst,Senior,hybrid,kk,course,self_paced,manager,30,1090,1,0,4,0.5,0.125,0.125,0.25,0,0.5,1,0.6666666666666666,5,0.2857142857142857,0,21
R001563,E0068,EV_015,2025-11-24,train,1,Frontend Engineer,Middle,hybrid,kk,course,self_paced,manager,6,175,1,0,4,0.375,0.125,0.375,0.125,0,0.5,2,0.5,8,0.9,0,21
R001564,E0173,EV_031,2025-11-24,train,1,HR Business Partner,Senior,remote,kk,workshop,online,manager,6,2405,2,1,5,0.4444444444444444,0.1111111111111111,0.3333333333333333,0.1111111111111111,4,0.5,2,0.25,6,0.5,0,21
R001565,E0021,EV_040,2025-11-25,train,0,Customer Support Specialist,Middle,remote,ru,workshop,offline,manager,4,439,1,0,3,0.5714285714285714,0.14285714285714285,0.14285714285714285,0.14285714285714285,1,0.6666666666666666,1,0.6666666666666666,77,0.7088607594936709,0,22
R001566,E0145,EV_019,2025-11-25,train,0,QA Engineer,Senior,office,kk,workshop,offline,manager,8,775,1,0,2,0.3333333333333333,0.16666666666666666,0.16666666666666666,0.3333333333333333,2,0.5,2,0.5,21,0.43478260869565216,0,22
R001567,E0026,EV_038,2025-11-26,train,1,Backend Engineer,Senior,hybrid,kk,course,online,hr,16,1311,1,0,5,0.4444444444444444,0.2222222222222222,0.1111111111111111,0.2222222222222222,2,0.5,1,0.6666666666666666,45,0.723404255319149,0,2
R001568,E0061,EV_024,2025-11-26,train,1,Data Analyst,Lead,remote,kk,course,self_paced,manager,30,863,1,0,3,0.2857142857142857,0.14285714285714285,0.2857142857142857,0.2857142857142857,1,0.3333333333333333,1,0.6666666666666666,6,0.375,0,23
R001569,E0046,EV_008,2025-11-27,train,1,Sales Manager,Middle,hybrid,ru,workshop,online,self,4,640,1,0,8,0.5833333333333334,0.25,0.08333333333333333,0.08333333333333333,5,0.7142857142857143,5,0.5714285714285714,59,0.7704918032786885,0,15
R001570,E0188,EV_021,2025-11-27,train,1,Data Analyst,Junior,hybrid,ru,workshop,online,hr,6,190,1,0,2,0.5,0.16666666666666666,0.16666666666666666,0.16666666666666666,1,0.6666666666666666,1,0.6666666666666666,10,0.5833333333333334,0,15
R001571,E0199,EV_021,2025-11-28,train,0,Data Analyst,Senior,hybrid,ru,workshop,online,self,6,2166,1,0,8,0.6666666666666666,0.08333333333333333,0.16666666666666666,0.08333333333333333,5,0.7142857142857143,1,0.6666666666666666,11,0.6153846153846154,0,11
R001575,E0011,EV_039,2025-12-01,train,1,Data Analyst,Senior,office,kk,workshop,online,self,3,1785,1,0,7,0.5454545454545454,0.18181818181818182,0.18181818181818182,0.09090909090909091,5,0.7142857142857143,1,0.6666666666666666,50,0.7692307692307693,0,28
R001582,E0173,EV_030,2025-12-01,train,1,HR Business Partner,Senior,remote,kk,workshop,online,self,4,2412,1,0,6,0.5,0.1,0.3,0.1,5,0.5714285714285714,3,0.4,6,0.625,0,7
R001583,E0091,EV_008,2025-12-02,train,1,QA Engineer,Senior,hybrid,kk,workshop,online,self,4,553,1,0,5,0.5555555555555556,0.2222222222222222,0.1111111111111111,0.1111111111111111,3,0.6,1,0.6666666666666666,60,0.7741935483870968,0,28
R001584,E0151,EV_036,2025-12-02,train,0,HR Business Partner,Junior,remote,ru,meetup,offline,manager,2,82,1,0,0,0.25,0.25,0.25,0.25,0,0.5,0,0.5,86,0.6704545454545454,0,76
R001585,E0019,EV_036,2025-12-03,train,1,Frontend Engineer,Junior,office,kk,meetup,offline,self,2,247,2,1,1,0.4,0.2,0.2,0.2,1,0.6666666666666666,1,0.6666666666666666,87,0.6629213483146067,0,30
R001586,E0026,EV_007,2025-12-03,train,0,Backend Engineer,Senior,hybrid,kk,mentoring,online,manager,8,1318,2,1,6,0.5,0.2,0.1,0.2,3,0.6,1,0.3333333333333333,11,0.6153846153846154,0,7
R001587,E0065,EV_009,2025-12-03,train,1,QA Engineer,Middle,hybrid,en,certification,self_paced,manager,40,1220,2,1,5,0.4444444444444444,0.2222222222222222,0.1111111111111111,0.2222222222222222,1,0.3333333333333333,1,0.3333333333333333,31,0.6060606060606061,0,30
R001588,E0086,EV_040,2025-12-03,train,1,Customer Support Specialist,Junior,office,kk,workshop,offline,manager,4,191,1,0,2,0.3333333333333333,0.16666666666666666,0.16666666666666666,0.3333333333333333,0,0.5,2,0.5,78,0.7,0,30
R001589,E0109,EV_016,2025-12-03,train,1,Frontend Engineer,Middle,office,ru,workshop,online,self,4,713,1,0,5,0.4444444444444444,0.2222222222222222,0.2222222222222222,0.1111111111111111,3,0.6,3,0.6,20,0.7727272727272727,0,30
R001590,E0189,EV_037,2025-12-03,train,0,QA Engineer,Senior,office,ru,mentoring,online,manager,12,2207,2,1,7,0.6363636363636364,0.09090909090909091,0.18181818181818182,0.09090909090909091,4,0.6666666666666666,1,0.3333333333333333,66,0.7352941176470589,0,30
R001591,E0010,EV_008,2025-12-04,train,1,Customer Support Specialist,Middle,remote,ru,workshop,online,self,4,741,1,0,1,0.2,0.4,0.2,0.2,1,0.3333333333333333,0,0.5,61,0.7777777777777778,0,31
R001592,E0038,EV_036,2025-12-04,train,1,Product Manager,Senior,hybrid,kk,meetup,offline,self,2,1259,1,0,3,0.42857142857142855,0.14285714285714285,0.14285714285714285,0.2857142857142857,1,0.6666666666666666,0,0.5,88,0.6666666666666666,0,31
R001596,E0158,EV_039,2025-12-04,train,1,Sales Manager,Senior,office,kk,workshop,online,hr,3,2656,2,1,6,0.4,0.1,0.2,0.3,4,0.5,4,0.5,51,0.7735849056603774,0,15
R001597,E0160,EV_036,2025-12-04,train,0,Customer Support Specialist,Junior,hybrid,ru,meetup,offline,manager,2,386,3,2,7,0.6363636363636364,0.09090909090909091,0.18181818181818182,0.09090909090909091,3,0.6,2,0.5,88,0.6666666666666666,0,31
R001599,E0046,EV_032,2025-12-05,train,1,Sales Manager,Middle,hybrid,ru,workshop,offline,self,8,648,2,1,9,0.6153846153846154,0.23076923076923078,0.07692307692307693,0.07692307692307693,3,0.6,6,0.625,17,0.7368421052631579,0,8
R001600,E0139,EV_035,2025-12-05,train,1,Customer Support Specialist,Senior,office,kk,course,online,self,16,255,1,0,2,0.3333333333333333,0.16666666666666666,0.3333333333333333,0.16666666666666666,2,0.5,0,0.5,20,0.6818181818181818,0,24
R001601,E0193,EV_021,2025-12-05,train,1,Data Analyst,Middle,office,ru,workshop,online,manager,6,1222,1,0,3,0.5714285714285714,0.14285714285714285,0.14285714285714285,0.14285714285714285,1,0.6666666666666666,1,0.6666666666666666,12,0.5714285714285714,0,32
R001602,E0196,EV_008,2025-12-05,train,1,Backend Engineer,Junior,hybrid,ru,workshop,online,manager,4,282,1,0,2,0.3333333333333333,0.16666666666666666,0.16666666666666666,0.3333333333333333,0,0.5,1,0.6666666666666666,62,0.78125,0,32
R001603,E0010,EV_040,2025-12-08,train,1,Customer Support Specialist,Middle,remote,ru,workshop,offline,self,4,745,1,0,2,0.3333333333333333,0.3333333333333333,0.16666666666666666,0.16666666666666666,0,0.5,1,0.6666666666666666,79,0.7037037037037037,0,4
R001604,E0017,EV_020,2025-12-08,train,1,Product Manager,Senior,office,ru,course,self_paced,self,40,2477,1,0,8,0.75,0.08333333333333333,0.08333333333333333,0.08333333333333333,0,0.5,1,0.6666666666666666,7,0.6666666666666666,0,14
R001605,E0019,EV_036,2025-12-09,train,1,Frontend Engineer,Junior,office,kk,meetup,offline,self,2,253,3,2,2,0.5,0.16666666666666666,0.16666666666666666,0.16666666666666666,2,0.75,2,0.75,90,0.6630434782608695,0,6
R001606,E0023,EV_011,2025-12-09,train,1,Backend Engineer,Junior,office,kk,workshop,offline,self,6,386,1,0,8,0.6666666666666666,0.16666666666666666,0.08333333333333333,0.08333333333333333,4,0.6666666666666666,5,0.7142857142857143,13,0.6,0,36
R001607,E0051,EV_039,2025-12-09,train,1,Sales Manager,Senior,office,kk,workshop,online,self,3,1044,1,0,7,0.36363636363636365,0.18181818181818182,0.2727272727272727,0.18181818181818182,3,0.6,4,0.5,52,0.7777777777777778,0,36
R001608,E0097,EV_006,2025-12-09,train,0,Backend Engineer,Senior,office,kk,workshop,offline,manager,12,662,1,0,5,0.5555555555555556,0.2222222222222222,0.1111111111111111,0.1111111111111111,0,0.5,0,0.5,13,0.6,0,36
R001609,E0018,EV_034,2025-12-10,train,1,Customer Support Specialist,Junior,remote,en,workshop,online,self,4,624,1,0,4,0.5,0.125,0.125,0.25,3,0.6,3,0.6,41,0.6976744186046512,0,33
R001610,E0069,EV_019,2025-12-10,train,0,Backend Engineer,Middle,hybrid,en,workshop,offline,self,8,812,1,0,3,0.2857142857142857,0.2857142857142857,0.2857142857142857,0.14285714285714285,1,0.6666666666666666,2,0.5,22,0.4166666666666667,0,37
R001611,E0074,EV_026,2025-12-10,train,1,Product Manager,Middle,office,kk,workshop,offline,self,8,1330,1,0,2,0.3333333333333333,0.16666666666666666,0.16666666666666666,0.3333333333333333,0,0.5,2,0.5,13,0.8,0,37
R001612,E0115,EV_008,2025-12-10,train,0,Frontend Engineer,Junior,hybrid,ru,workshop,online,manager,4,301,1,0,3,0.2857142857142857,0.42857142857142855,0.14285714285714285,0.14285714285714285,3,0.4,1,0.3333333333333333,63,0.7846153846153846,0,37
R001614,E0026,EV_009,2025-12-11,train,0,Backend Engineer,Senior,hybrid,kk,certification,self_paced,manager,40,1326,2,1,7,0.45454545454545453,0.18181818181818182,0.09090909090909091,0.2727272727272727,1,0.3333333333333333,1,0.3333333333333333,32,0.6176470588235294,0,8
R001615,E0054,EV_025,2025-12-11,train,0,Data Analyst,Senior,hybrid,kk,course,online,manager,10,1107,1,0,5,0.5555555555555556,0.1111111111111111,0.1111111111111111,0.2222222222222222,3,0.8,2,0.75,8,0.7,0,17
R001616,E0079,EV_036,2025-12-11,train,1,Sales Manager,Junior,office,ru,meetup,offline,manager,2,423,2,1,7,0.7272727272727273,0.09090909090909091,0.09090909090909091,0.09090909090909091,3,0.8,1,0.6666666666666666,91,0.6666666666666666,0,38
R001617,E0112,EV_034,2025-12-11,train,1,Customer Support Specialist,Senior,hybrid,ru,workshop,online,hr,4,2173,2,1,7,0.5454545454545454,0.18181818181818182,0.09090909090909091,0.18181818181818182,7,0.6666666666666666,3,0.6,42,0.7045454545454546,0,29
R001618,E0140,EV_006,2025-12-11,train,1,Backend Engineer,Middle,office,ru,workshop,offline,manager,12,538,1,0,10,0.42857142857142855,0.35714285714285715,0.07142857142857142,0.14285714285714285,3,0.6,3,0.6,14,0.5625,0,38
R001619,E0172,EV_031,2025-12-11,train,1,HR Business Partner,Senior,remote,ru,workshop,online,self,6,2663,1,0,3,0.5714285714285714,0.14285714285714285,0.14285714285714285,0.14285714285714285,3,0.8,2,0.75,7,0.5555555555555556,0,38
R001620,E0198,EV_039,2025-12-11,train,1,Sales Manager,Junior,office,ru,workshop,online,self,3,533,2,1,9,0.5384615384615384,0.07692307692307693,0.3076923076923077,0.07692307692307693,5,0.5714285714285714,6,0.625,53,0.7818181818181819,0,38
R001621,E0054,EV_036,2025-12-12,train,1,Data Analyst,Senior,hybrid,kk,meetup,offline,self,2,1108,2,1,6,0.5,0.1,0.2,0.2,1,0.3333333333333333,1,0.3333333333333333,92,0.6702127659574468,0,1
R001622,E0065,EV_037,2025-12-15,train,1,QA Engineer,Middle,hybrid,en,mentoring,online,self,12,1232,1,0,6,0.5,0.2,0.1,0.2,2,0.5,0,0.5,67,0.7246376811594203,0,12
R001623,E0067,EV_005,2025-12-15,train,1,Frontend Engineer,Middle,hybrid,ru,course,online,manager,16,425,1,0,6,0.7,0.1,0.1,0.1,2,0.75,1,0.6666666666666666,23,0.48,0,32
R001624,E0092,EV_012,2025-12-15,train,0,Backend Engineer,Middle,office,en,course,self_paced,manager,24,430,1,0,2,0.3333333333333333,0.16666666666666666,0.3333333333333333,0.16666666666666666,0,0.5,1,0.6666666666666666,16,0.4444444444444444,0,26
R001625,E0112,EV_040,2025-12-15,train,1,Customer Support Specialist,Senior,hybrid,ru,workshop,offline,self,4,2177,1,0,8,0.5833333333333334,0.16666666666666666,0.08333333333333333,0.16666666666666666,0,0.5,4,0.6666666666666666,80,0.7073170731707317,0,4
R001626,E0045,EV_032,2025-12-16,train,1,Sales Manager,Junior,office,kk,workshop,offline,hr,8,263,1,0,2,0.5,0.16666666666666666,0.16666666666666666,0.16666666666666666,1,0.6666666666666666,1,0.6666666666666666,18,0.75,0,43
R001627,E0047,EV_007,2025-12-16,train,0,Backend Engineer,Middle,office,ru,mentoring,online,self,8,1090,1,0,10,0.5714285714285714,0.21428571428571427,0.14285714285714285,0.07142857142857142,4,0.8333333333333334,1,0.6666666666666666,12,0.5714285714285714,0,43
R001628,E0092,EV_006,2025-12-16,train,1,Backend Engineer,Middle,office,en,workshop,offline,self,12,431,1,0,3,0.2857142857142857,0.2857142857142857,0.2857142857142857,0.14285714285714285,0,0.5,0,0.5,15,0.5882352941176471,0,1
R001629,E0147,EV_037,2025-12-16,train,1,Frontend Engineer,Middle,office,ru,mentoring,online,self,12,568,1,0,5,0.5555555555555556,0.1111111111111111,0.2222222222222222,0.1111111111111111,1,0.6666666666666666,0,0.5,68,0.7285714285714285,0,43
R001630,E0192,EV_005,2025-12-16,train,1,Backend Engineer,Junior,hybrid,ru,course,online,self,16,370,1,0,6,0.6,0.1,0.1,0.2,2,0.75,0,0.5,24,0.5,0,43
R001631,E0077,EV_030,2025-12-17,train,1,HR Business Partner,Junior,office,ru,workshop,online,self,4,93,1,0,1,0.4,0.2,0.2,0.2,1,0.6666666666666666,1,0.6666666666666666,7,0.6666666666666666,0,41
R001632,E0053,EV_040,2025-12-18,train,0,QA Engineer,Junior,remote,kk,workshop,offline,self,4,569,1,0,7,0.2727272727272727,0.18181818181818182,0.45454545454545453,0.09090909090909091,5,0.14285714285714285,6,0.25,81,0.7108433734939759,0,45
R001633,E0080,EV_020,2025-12-18,train,0,Data Analyst,Senior,hybrid,ru,course,self_paced,self,40,2682,1,0,8,0.4166666666666667,0.3333333333333333,0.16666666666666666,0.08333333333333333,3,0.2,6,0.375,8,0.7,0,45
R001634,E0099,EV_039,2025-12-18,train,0,HR Business Partner,Middle,hybrid,ru,workshop,online,manager,3,1311,1,0,6,0.4,0.3,0.2,0.1,5,0.42857142857142855,5,0.42857142857142855,54,0.7857142857142857,0,45
R001636,E0111,EV_018,2025-12-18,train,1,QA Engineer,Middle,office,ru,course,online,self,24,547,1,0,5,0.6666666666666666,0.1111111111111111,0.1111111111111111,0.1111111111111111,2,0.75,1,0.6666666666666666,11,0.6153846153846154,0,45
R001637,E0149,EV_036,2025-12-18,train,1,Sales Manager,Middle,office,ru,meetup,offline,self,2,1149,5,4,9,0.6923076923076923,0.07692307692307693,0.15384615384615385,0.07692307692307693,5,0.8571428571428571,4,0.8333333333333334,93,0.6736842105263158,0,45
R001638,E0167,EV_030,2025-12-18,train,1,HR Business Partner,Junior,hybrid,kk,workshop,online,manager,4,30,1,0,0,0.25,0.25,0.25,0.25,0,0.5,0,0.5,8,0.7,0,8
R001639,E0171,EV_037,2025-12-18,train,1,QA Engineer,Middle,hybrid,ru,mentoring,online,self,12,395,1,0,2,0.3333333333333333,0.3333333333333333,0.16666666666666666,0.16666666666666666,1,0.3333333333333333,0,0.5,69,0.7323943661971831,0,45
R001643,E0017,EV_036,2025-12-22,train,1,Product Manager,Senior,office,ru,meetup,offline,self,2,2491,2,1,9,0.7692307692307693,0.07692307692307693,0.07692307692307693,0.07692307692307693,4,0.8333333333333334,1,0.6666666666666666,94,0.6770833333333334,0,14
R001644,E0046,EV_036,2025-12-22,train,1,Sales Manager,Middle,hybrid,ru,meetup,offline,hr,2,665,2,1,10,0.6428571428571429,0.21428571428571427,0.07142857142857142,0.07142857142857142,4,0.6666666666666666,1,0.6666666666666666,94,0.6770833333333334,0,17
R001645,E0053,EV_005,2025-12-22,train,0,QA Engineer,Junior,remote,kk,course,online,self,16,573,1,0,8,0.25,0.16666666666666666,0.5,0.08333333333333333,2,0.75,1,0.6666666666666666,25,0.5185185185185185,0,4
R001648,E0158,EV_036,2025-12-22,train,1,Sales Manager,Senior,office,kk,meetup,offline,hr,2,2674,1,0,7,0.45454545454545453,0.09090909090909091,0.18181818181818182,0.2727272727272727,2,0.5,0,0.5,94,0.6770833333333334,0,18
R001649,E0182,EV_040,2025-12-22,train,1,Frontend Engineer,Middle,office,ru,workshop,offline,self,4,556,1,0,4,0.375,0.125,0.25,0.25,2,0.25,1,0.6666666666666666,82,0.7023809523809523,0,47
R001650,E0047,EV_007,2025-12-23,train,0,Backend Engineer,Middle,office,ru,mentoring,online,self,8,1097,2,1,11,0.5333333333333333,0.2,0.2,0.06666666666666667,5,0.7142857142857143,2,0.5,13,0.5333333333333333,0,7
R001651,E0067,EV_015,2025-12-23,train,1,Frontend Engineer,Middle,hybrid,ru,course,self_paced,manager,6,433,1,0,7,0.7272727272727273,0.09090909090909091,0.09090909090909091,0.09090909090909091,1,0.6666666666666666,2,0.75,9,0.9090909090909091,0,8
R001652,E0097,EV_036,2025-12-24,train,0,Backend Engineer,Senior,office,kk,meetup,offline,manager,2,677,1,0,6,0.5,0.2,0.1,0.2,1,0.3333333333333333,0,0.5,97,0.6868686868686869,0,15
R001653,E0160,EV_036,2025-12-24,train,1,Customer Support Specialist,Junior,hybrid,ru,meetup,offline,self,2,406,4,3,8,0.5833333333333334,0.08333333333333333,0.16666666666666666,0.16666666666666666,4,0.5,3,0.4,97,0.6868686868686869,0,20
R001654,E0021,EV_037,2025-12-25,train,0,Customer Support Specialist,Middle,remote,ru,mentoring,online,hr,12,469,1,0,4,0.5,0.125,0.25,0.125,2,0.75,0,0.5,70,0.7361111111111112,0,30
R001655,E0028,EV_012,2025-12-25,train,1,Backend Engineer,Middle,hybrid,kk,course,self_paced,manager,24,1312,1,0,4,0.375,0.25,0.25,0.125,0,0.5,1,0.3333333333333333,17,0.42105263157894735,0,49
R001656,E0057,EV_040,2025-12-25,train,1,Sales Manager,Senior,hybrid,kk,workshop,offline,self,4,798,1,0,6,0.6,0.1,0.2,0.1,1,0.6666666666666666,2,0.75,83,0.7058823529411765,0,52
R001657,E0113,EV_036,2025-12-25,train,1,Product Manager,Junior,office,ru,meetup,offline,self,2,314,1,0,1,0.4,0.2,0.2,0.2,0,0.5,0,0.5,99,0.6831683168316832,0,52
R001667,E0063,EV_019,2025-12-26,train,1,QA Engineer,Lead,office,kk,workshop,offline,manager,8,850,1,0,2,0.3333333333333333,0.3333333333333333,0.16666666666666666,0.16666666666666666,1,0.6666666666666666,1,0.6666666666666666,23,0.4,0,53
R001668,E0095,EV_028,2025-12-26,train,1,HR Business Partner,Middle,office,kk,workshop,online,manager,4,1467,3,2,7,0.45454545454545453,0.18181818181818182,0.18181818181818182,0.18181818181818182,6,0.5,5,0.42857142857142855,7,0.5555555555555556,0,38
R001669,E0148,EV_037,2025-12-26,train,1,Sales Manager,Lead,office,kk,mentoring,online,hr,12,1956,1,0,7,0.6363636363636364,0.09090909090909091,0.18181818181818182,0.09090909090909091,4,0.6666666666666666,0,0.5,71,0.726027397260274,0,53
R001670,E0170,EV_016,2025-12-26,train,1,Frontend Engineer,Middle,hybrid,ru,workshop,online,self,4,246,1,0,4,0.25,0.25,0.25,0.25,2,0.25,1,0.3333333333333333,21,0.782608695652174,0,53
R001671,E0183,EV_014,2025-12-26,train,1,Frontend Engineer,Middle,office,ru,workshop,offline,self,8,95,1,0,0,0.25,0.25,0.25,0.25,0,0.5,0,0.5,7,0.6666666666666666,0,88
R001672,E0192,EV_036,2025-12-26,train,0,Backend Engineer,Junior,hybrid,ru,meetup,offline,self,2,380,1,0,7,0.6363636363636364,0.09090909090909091,0.09090909090909091,0.18181818181818182,4,0.6666666666666666,0,0.5,100,0.6862745098039216,0,10
R001673,E0083,EV_039,2025-12-29,train,1,Customer Support Specialist,Senior,hybrid,ru,workshop,online,self,3,333,1,0,2,0.3333333333333333,0.3333333333333333,0.16666666666666666,0.16666666666666666,2,0.5,2,0.5,55,0.7719298245614035,0,56
R001675,E0175,EV_038,2025-12-29,train,0,Backend Engineer,Lead,hybrid,kk,course,online,manager,16,3374,1,0,2,0.3333333333333333,0.16666666666666666,0.3333333333333333,0.16666666666666666,1,0.6666666666666666,1,0.6666666666666666,46,0.7291666666666666,0,56
R001676,E0157,EV_018,2025-12-30,train,1,QA Engineer,Junior,remote,kk,course,online,self,24,78,1,0,0,0.25,0.25,0.25,0.25,0,0.5,0,0.5,12,0.6428571428571429,0,57
R001677,E0160,EV_036,2025-12-30,train,0,Customer Support Specialist,Junior,hybrid,ru,meetup,offline,hr,2,412,5,4,9,0.6153846153846154,0.07692307692307693,0.15384615384615385,0.15384615384615385,5,0.5714285714285714,4,0.5,101,0.6796116504854369,0,6
R001678,E0041,EV_037,2025-12-31,train,1,Product Manager,Senior,office,kk,mentoring,online,self,12,831,1,0,6,0.5,0.2,0.1,0.2,1,0.3333333333333333,0,0.5,72,0.7297297297297297,0,58
R001679,E0053,EV_040,2025-12-31,train,0,QA Engineer,Junior,remote,kk,workshop,offline,self,4,582,2,1,9,0.23076923076923078,0.15384615384615385,0.5384615384615384,0.07692307692307693,6,0.125,7,0.2222222222222222,84,0.7093023255813954,0,9
R001680,E0099,EV_039,2025-12-31,train,1,HR Business Partner,Middle,hybrid,ru,workshop,online,self,3,1324,2,1,7,0.36363636363636365,0.2727272727272727,0.18181818181818182,0.18181818181818182,6,0.375,6,0.375,56,0.7758620689655172,0,13
R001681,E0051,EV_033,2026-01-01,train,1,Sales Manager,Senior,office,kk,course,online,self,10,1067,1,0,8,0.4166666666666667,0.16666666666666666,0.25,0.16666666666666666,4,0.6666666666666666,1,0.6666666666666666,11,0.6923076923076923,0,23
R001682,E0093,EV_008,2026-01-01,train,1,Customer Support Specialist,Middle,hybrid,kk,workshop,online,manager,4,1219,1,0,7,0.5454545454545454,0.18181818181818182,0.09090909090909091,0.18181818181818182,6,0.625,3,0.8,64,0.7727272727272727,0,59
R001683,E0124,EV_040,2026-01-01,train,1,Data Analyst,Middle,office,kk,workshop,offline,self,4,318,1,0,1,0.2,0.2,0.2,0.4,0,0.5,0,0.5,85,0.7011494252873564,0,59
R001684,E0165,EV_036,2026-01-01,train,1,Product Manager,Junior,office,ru,meetup,offline,self,2,489,3,2,6,0.5,0.3,0.1,0.1,5,0.5714285714285714,2,0.75,102,0.6730769230769231,0,48
R001685,E0183,EV_008,2026-01-01,train,1,Frontend Engineer,Middle,office,ru,workshop,online,self,4,101,1,0,1,0.4,0.2,0.2,0.2,0,0.5,1,0.6666666666666666,64,0.7727272727272727,0,6
R001686,E0193,EV_040,2026-01-01,train,1,Data Analyst,Middle,office,ru,workshop,offline,self,4,1249,1,0,4,0.625,0.125,0.125,0.125,2,0.75,2,0.75,85,0.7011494252873564,0,27
R001687,E0006,EV_011,2026-01-02,train,0,Frontend Engineer,Lead,office,kk,workshop,offline,hr,6,2908,1,0,7,0.45454545454545453,0.09090909090909091,0.18181818181818182,0.2727272727272727,4,0.5,2,0.5,14,0.625,0,60
R001689,E0026,EV_006,2026-01-05,train,1,Backend Engineer,Senior,hybrid,kk,workshop,offline,manager,12,1351,1,0,8,0.4166666666666667,0.25,0.08333333333333333,0.25,2,0.75,1,0.6666666666666666,16,0.6111111111111112,0,25
R001690,E0034,EV_040,2026-01-05,train,1,Data Analyst,Junior,office,kk,workshop,offline,manager,4,157,1,0,1,0.4,0.2,0.2,0.2,1,0.6666666666666666,1,0.6666666666666666,87,0.7078651685393258,0,87
R001691,E0036,EV_040,2026-01-05,train,0,Frontend Engineer,Junior,remote,ru,workshop,offline,hr,4,189,1,0,1,0.4,0.2,0.2,0.2,0,0.5,1,0.6666666666666666,87,0.7078651685393258,0,63
R001692,E0097,EV_019,2026-01-05,train,1,Backend Engineer,Senior,office,kk,workshop,offline,hr,8,689,1,0,7,0.45454545454545453,0.18181818181818182,0.09090909090909091,0.2727272727272727,2,0.25,1,0.3333333333333333,24,0.4230769230769231,0,12
R001693,E0154,EV_009,2026-01-05,train,1,Frontend Engineer,Middle,office,ru,certification,self_paced,hr,40,873,1,0,6,0.5,0.1,0.2,0.2,0,0.5,0,0.5,33,0.6,0,63
R001694,E0164,EV_025,2026-01-05,train,1,Backend Engineer,Middle,hybrid,ru,course,online,self,10,1228,1,0,6,0.5,0.2,0.2,0.1,1,0.6666666666666666,0,0.5,9,0.6363636363636364,0,63
R001695,E0097,EV_039,2026-01-06,train,0,Backend Engineer,Senior,office,kk,workshop,online,self,3,690,1,0,8,0.5,0.16666666666666666,0.08333333333333333,0.25,4,0.8333333333333334,2,0.5,57,0.7796610169491526,0,1
R001696,E0111,EV_039,2026-01-06,train,1,QA Engineer,Middle,office,ru,workshop,online,manager,3,566,1,0,6,0.7,0.1,0.1,0.1,3,0.8,2,0.75,57,0.7796610169491526,0,19
R001697,E0065,EV_008,2026-01-07,train,1,QA Engineer,Middle,hybrid,en,workshop,online,self,4,1255,2,1,7,0.5454545454545454,0.18181818181818182,0.09090909090909091,0.18181818181818182,3,0.6,3,0.6,66,0.7794117647058824,0,23
R001698,E0082,EV_036,2026-01-07,train,0,Frontend Engineer,Middle,office,ru,meetup,offline,self,2,286,1,0,1,0.4,0.2,0.2,0.2,0,0.5,0,0.5,103,0.6761904761904762,0,65
R001699,E0083,EV_038,2026-01-07,train,1,Customer Support Specialist,Senior,hybrid,ru,course,online,self,16,342,1,0,3,0.42857142857142855,0.2857142857142857,0.14285714285714285,0.14285714285714285,3,0.6,0,0.5,47,0.7142857142857143,0,9
R001700,E0170,EV_014,2026-01-07,train,1,Frontend Engineer,Middle,hybrid,ru,workshop,offline,self,8,258,1,0,5,0.3333333333333333,0.2222222222222222,0.2222222222222222,0.2222222222222222,1,0.3333333333333333,2,0.5,8,0.7,0,12
R001701,E0091,EV_040,2026-01-08,train,1,QA Engineer,Senior,hybrid,kk,workshop,offline,self,4,590,1,0,6,0.6,0.2,0.1,0.1,1,0.6666666666666666,2,0.75,89,0.7032967032967034,0,37
R001702,E0200,EV_008,2026-01-08,train,1,Backend Engineer,Junior,hybrid,ru,workshop,online,self,4,178,1,0,1,0.2,0.4,0.2,0.2,0,0.5,0,0.5,67,0.782608695652174,0,128
R001703,E0072,EV_037,2026-01-09,train,0,QA Engineer,Middle,office,ru,mentoring,online,self,12,634,1,0,1,0.2,0.4,0.2,0.2,1,0.3333333333333333,0,0.5,73,0.7333333333333333,0,67
R001704,E0105,EV_039,2026-01-09,train,1,HR Business Partner,Senior,office,kk,workshop,online,self,3,627,1,0,7,0.5454545454545454,0.2727272727272727,0.09090909090909091,0.09090909090909091,7,0.6666666666666666,5,0.5714285714285714,59,0.7704918032786885,0,67
R001705,E0112,EV_036,2026-01-09,train,0,Customer Support Specialist,Senior,hybrid,ru,meetup,offline,manager,2,2202,1,0,9,0.6153846153846154,0.15384615384615385,0.07692307692307693,0.15384615384615385,1,0.6666666666666666,0,0.5,104,0.6698113207547169,0,25
R001707,E0002,EV_010,2026-01-13,train,0,Backend Engineer,Middle,remote,ru,course,online,manager,20,994,1,0,4,0.375,0.375,0.125,0.125,2,0.5,2,0.5,13,0.6666666666666666,0,71
R001708,E0027,EV_031,2026-01-13,train,1,HR Business Partner,Middle,remote,ru,workshop,online,manager,6,301,1,0,3,0.42857142857142855,0.2857142857142857,0.14285714285714285,0.14285714285714285,2,0.5,1,0.3333333333333333,8,0.6,0,71
R001709,E0041,EV_036,2026-01-13,train,1,Product Manager,Senior,office,kk,meetup,offline,self,2,844,2,1,7,0.5454545454545454,0.18181818181818182,0.09090909090909091,0.18181818181818182,3,0.8,1,0.6666666666666666,105,0.6635514018691588,0,13
R001710,E0047,EV_007,2026-01-13,train,0,Backend Engineer,Middle,office,ru,mentoring,online,self,8,1118,3,2,12,0.5,0.25,0.1875,0.0625,6,0.625,3,0.4,14,0.5,0,21
R001711,E0080,EV_020,2026-01-13,train,0,Data Analyst,Senior,hybrid,ru,course,self_paced,hr,40,2708,2,1,9,0.38461538461538464,0.38461538461538464,0.15384615384615385,0.07692307692307693,4,0.16666666666666666,7,0.3333333333333333,9,0.6363636363636364,0,26
R001712,E0149,EV_008,2026-01-13,train,1,Sales Manager,Middle,office,ru,workshop,online,self,4,1175,1,0,10,0.7142857142857143,0.07142857142857142,0.14285714285714285,0.07142857142857142,4,0.6666666666666666,3,0.6,68,0.7857142857142857,0,26
R001713,E0164,EV_012,2026-01-13,train,1,Backend Engineer,Middle,hybrid,ru,course,self_paced,self,24,1236,1,0,7,0.5454545454545454,0.18181818181818182,0.18181818181818182,0.09090909090909091,0,0.5,1,0.6666666666666666,18,0.45,0,8
R001714,E0189,EV_011,2026-01-13,train,1,QA Engineer,Senior,office,ru,workshop,offline,self,6,2248,1,0,8,0.5833333333333334,0.16666666666666666,0.16666666666666666,0.08333333333333333,2,0.75,3,0.8,15,0.5882352941176471,0,41
R001715,E0194,EV_039,2026-01-13,train,1,Frontend Engineer,Senior,remote,ru,workshop,online,self,3,1644,1,0,3,0.42857142857142855,0.14285714285714285,0.2857142857142857,0.14285714285714285,2,0.5,0,0.5,60,0.7741935483870968,0,71
R001716,E0114,EV_039,2026-01-14,train,1,Customer Support Specialist,Junior,hybrid,en,workshop,online,hr,3,426,1,0,2,0.3333333333333333,0.16666666666666666,0.16666666666666666,0.3333333333333333,2,0.5,2,0.5,61,0.7777777777777778,0,72
R001718,E0021,EV_037,2026-01-15,train,1,Customer Support Specialist,Middle,remote,ru,mentoring,online,self,12,490,2,1,5,0.4444444444444444,0.1111111111111111,0.3333333333333333,0.1111111111111111,3,0.6,1,0.3333333333333333,74,0.7236842105263158,0,21
R001719,E0025,EV_040,2026-01-15,train,0,Data Analyst,Junior,office,kk,workshop,offline,manager,4,633,1,0,2,0.5,0.16666666666666666,0.16666666666666666,0.16666666666666666,0,0.5,2,0.75,90,0.7065217391304348,0,73
R001720,E0090,EV_036,2026-01-15,train,1,Data Analyst,Middle,office,ru,meetup,offline,self,2,205,1,0,0,0.25,0.25,0.25,0.25,0,0.5,0,0.5,106,0.6666666666666666,0,73
R001721,E0195,EV_020,2026-01-15,train,0,Product Manager,Middle,office,kk,course,self_paced,hr,40,269,1,0,7,0.36363636363636365,0.2727272727272727,0.2727272727272727,0.09090909090909091,0,0.5,0,0.5,10,0.5833333333333334,0,73
R001722,E0171,EV_039,2026-01-16,train,1,QA Engineer,Middle,hybrid,ru,workshop,online,manager,3,424,1,0,3,0.42857142857142855,0.2857142857142857,0.14285714285714285,0.14285714285714285,2,0.5,2,0.5,62,0.78125,0,29
R001723,E0177,EV_034,2026-01-16,train,0,Customer Support Specialist,Middle,office,ru,workshop,online,manager,4,522,1,0,4,0.25,0.125,0.375,0.25,3,0.4,2,0.25,43,0.7111111111111111,0,74
R001724,E0184,EV_009,2026-01-16,train,0,Backend Engineer,Middle,office,ru,certification,self_paced,self,40,443,2,1,4,0.25,0.375,0.125,0.25,1,0.3333333333333333,1,0.3333333333333333,34,0.6111111111111112,0,74
R001725,E0187,EV_022,2026-01-16,train,1,Data Analyst,Junior,office,ru,course,online,self,12,662,1,0,4,0.375,0.25,0.125,0.25,2,0.5,1,0.3333333333333333,11,0.6923076923076923,0,70
R001726,E0030,EV_035,2026-01-19,train,1,Customer Support Specialist,Middle,office,ru,course,online,self,16,403,1,0,1,0.4,0.2,0.2,0.2,0,0.5,0,0.5,21,0.6956521739130435,0,77
R001727,E0049,EV_039,2026-01-19,train,1,Sales Manager,Junior,hybrid,kk,workshop,online,self,3,77,1,0,0,0.25,0.25,0.25,0.25,0,0.5,0,0.5,63,0.7846153846153846,0,67
R001731,E0140,EV_012,2026-01-19,train,0,Backend Engineer,Middle,office,ru,course,self_paced,manager,24,577,2,1,11,0.4666666666666667,0.3333333333333333,0.06666666666666667,0.13333333333333333,1,0.3333333333333333,4,0.3333333333333333,19,0.47619047619047616,0,39
R001732,E0151,EV_034,2026-01-19,train,1,HR Business Partner,Junior,remote,ru,workshop,online,self,4,130,1,0,1,0.2,0.2,0.4,0.2,0,0.5,0,0.5,44,0.6956521739130435,0,48
R001733,E0181,EV_038,2026-01-19,train,0,Product Manager,Senior,office,ru,course,online,manager,16,357,2,1,6,0.5,0.1,0.2,0.2,4,0.5,1,0.3333333333333333,48,0.72,0,77
R001734,E0121,EV_023,2026-01-20,train,1,Data Analyst,Middle,hybrid,ru,workshop,offline,self,6,127,1,0,0,0.25,0.25,0.25,0.25,0,0.5,0,0.5,17,0.7368421052631579,0,113
R001735,E0164,EV_005,2026-01-20,train,1,Backend Engineer,Middle,hybrid,ru,course,online,self,16,1243,1,0,8,0.5833333333333334,0.16666666666666666,0.16666666666666666,0.08333333333333333,2,0.75,2,0.75,26,0.5,0,7
R001736,E0197,EV_037,2026-01-20,train,1,QA Engineer,Middle,hybrid,ru,mentoring,online,manager,12,1254,2,1,10,0.42857142857142855,0.21428571428571427,0.21428571428571427,0.14285714285714285,5,0.42857142857142855,1,0.3333333333333333,75,0.7272727272727273,0,62
R001737,E0046,EV_036,2026-01-21,train,0,Sales Manager,Middle,hybrid,ru,meetup,offline,manager,2,695,3,2,11,0.6666666666666666,0.2,0.06666666666666667,0.06666666666666667,5,0.7142857142857143,2,0.75,107,0.6697247706422018,0,30
R001738,E0093,EV_036,2026-01-21,train,1,Customer Support Specialist,Middle,hybrid,kk,meetup,offline,self,2,1239,1,0,8,0.5833333333333334,0.16666666666666666,0.08333333333333333,0.16666666666666666,1,0.6666666666666666,0,0.5,107,0.6697247706422018,0,20
R001739,E0150,EV_037,2026-01-21,train,1,Backend Engineer,Middle,office,ru,mentoring,online,self,12,933,1,0,9,0.6153846153846154,0.07692307692307693,0.15384615384615385,0.15384615384615385,2,0.75,0,0.5,76,0.7307692307692307,0,79
R001740,E0151,EV_008,2026-01-21,train,1,HR Business Partner,Junior,remote,ru,workshop,online,self,4,132,1,0,2,0.3333333333333333,0.16666666666666666,0.3333333333333333,0.16666666666666666,1,0.6666666666666666,1,0.6666666666666666,69,0.7887323943661971,0,2
R001741,E0044,EV_040,2026-01-22,train,1,Frontend Engineer,Lead,office,kk,workshop,offline,self,4,1193,2,1,6,0.5,0.1,0.3,0.1,2,0.5,3,0.6,91,0.6989247311827957,0,70
R001742,E0060,EV_038,2026-01-22,train,1,Product Manager,Lead,office,kk,course,online,self,16,1557,1,0,4,0.5,0.125,0.125,0.25,1,0.3333333333333333,0,0.5,49,0.7058823529411765,0,80
R001743,E0173,EV_040,2026-01-22,train,1,HR Business Partner,Senior,remote,kk,workshop,offline,self,4,2464,1,0,7,0.5454545454545454,0.09090909090909091,0.2727272727272727,0.09090909090909091,0,0.5,4,0.5,91,0.6989247311827957,0,52
R001744,E0048,EV_012,2026-01-23,train,1,Data Analyst,Middle,hybrid,kk,course,self_paced,hr,24,427,1,0,5,0.4444444444444444,0.2222222222222222,0.1111111111111111,0.2222222222222222,1,0.3333333333333333,0,0.5,20,0.45454545454545453,0,81
R001745,E0054,EV_009,2026-01-23,train,0,Data Analyst,Senior,hybrid,kk,certification,self_paced,self,40,1150,1,0,7,0.5454545454545454,0.09090909090909091,0.18181818181818182,0.18181818181818182,1,0.6666666666666666,0,0.5,35,0.5945945945945946,0,42
R001749,E0059,EV_036,2026-01-26,train,0,Sales Manager,Middle,remote,ru,meetup,offline,self,2,943,3,2,11,0.4666666666666667,0.13333333333333333,0.3333333333333333,0.06666666666666667,6,0.375,2,0.75,109,0.6666666666666666,0,74
R001750,E0133,EV_034,2026-01-26,train,1,HR Business Partner,Lead,office,ru,workshop,online,manager,4,2348,2,1,7,0.5454545454545454,0.2727272727272727,0.09090909090909091,0.09090909090909091,5,0.7142857142857143,6,0.75,45,0.7021276595744681,0,84
R001751,E0143,EV_040,2026-01-26,train,0,Customer Support Specialist,Middle,office,kk,workshop,offline,self,4,895,1,0,3,0.2857142857142857,0.2857142857142857,0.2857142857142857,0.14285714285714285,1,0.3333333333333333,1,0.6666666666666666,93,0.7052631578947368,0,84
R001752,E0161,EV_036,2026-01-27,train,1,Sales Manager,Senior,remote,ru,meetup,offline,hr,2,622,1,0,2,0.16666666666666666,0.3333333333333333,0.3333333333333333,0.16666666666666666,0,0.5,0,0.5,110,0.6607142857142857,0,68
R001753,E0011,EV_025,2026-01-28,train,1,Data Analyst,Senior,office,kk,course,online,self,10,1843,2,1,8,0.5833333333333334,0.16666666666666666,0.16666666666666666,0.08333333333333333,6,0.75,5,0.5714285714285714,10,0.6666666666666666,0,58
R001754,E0085,EV_037,2026-01-28,train,1,Data Analyst,Lead,hybrid,ru,mentoring,online,hr,12,2807,1,0,6,0.6,0.2,0.1,0.1,3,0.8,0,0.5,77,0.7341772151898734,0,69
R001755,E0128,EV_038,2026-01-28,train,1,Backend Engineer,Senior,hybrid,kk,course,online,hr,16,548,1,0,2,0.5,0.16666666666666666,0.16666666666666666,0.16666666666666666,2,0.75,0,0.5,50,0.7115384615384616,0,86
R001756,E0145,EV_008,2026-01-28,train,1,QA Engineer,Senior,office,kk,workshop,online,manager,4,839,1,0,3,0.2857142857142857,0.2857142857142857,0.14285714285714285,0.2857142857142857,0,0.5,3,0.4,70,0.7916666666666666,0,64
R001757,E0154,EV_013,2026-01-28,train,1,Frontend Engineer,Middle,office,ru,course,online,self,12,896,1,0,7,0.5454545454545454,0.09090909090909091,0.18181818181818182,0.18181818181818182,2,0.75,0,0.5,14,0.5,0,23
R001758,E0162,EV_036,2026-01-28,train,1,Data Analyst,Middle,hybrid,kk,meetup,offline,manager,2,744,2,1,6,0.6,0.1,0.2,0.1,2,0.5,1,0.3333333333333333,111,0.6637168141592921,0,86
R001759,E0029,EV_008,2026-01-29,train,1,Customer Support Specialist,Senior,hybrid,kk,workshop,online,manager,4,322,1,0,5,0.6666666666666666,0.1111111111111111,0.1111111111111111,0.1111111111111111,4,0.8333333333333334,3,0.8,71,0.7945205479452054,0,86
R001760,E0106,EV_039,2026-01-29,train,0,Backend Engineer,Senior,remote,kk,workshop,online,hr,3,2177,1,0,1,0.2,0.2,0.4,0.2,0,0.5,1,0.3333333333333333,64,0.7878787878787878,0,87
R001761,E0139,EV_038,2026-01-29,train,0,Customer Support Specialist,Senior,office,kk,course,online,manager,16,310,1,0,3,0.42857142857142855,0.14285714285714285,0.2857142857142857,0.14285714285714285,3,0.6,1,0.6666666666666666,51,0.7169811320754716,0,55
R001762,E0166,EV_036,2026-01-29,train,1,Sales Manager,Senior,office,kk,meetup,offline,self,2,342,2,1,4,0.625,0.125,0.125,0.125,1,0.6666666666666666,1,0.6666666666666666,112,0.6666666666666666,0,87
R001763,E0181,EV_037,2026-01-29,train,0,Product Manager,Senior,office,ru,mentoring,online,manager,12,367,1,0,7,0.45454545454545453,0.09090909090909091,0.2727272727272727,0.18181818181818182,5,0.42857142857142855,0,0.5,78,0.7375,0,10
R001764,E0005,EV_005,2026-01-30,train,0,Backend Engineer,Middle,hybrid,kk,course,online,hr,16,597,1,0,11,0.5333333333333333,0.13333333333333333,0.13333333333333333,0.2,3,0.4,2,0.5,27,0.5172413793103449,0,84
R001765,E0074,EV_020,2026-01-30,train,1,Product Manager,Middle,office,kk,course,self_paced,hr,40,1381,1,0,3,0.42857142857142855,0.14285714285714285,0.14285714285714285,0.2857142857142857,0,0.5,0,0.5,11,0.5384615384615384,0,51
R001766,E0112,EV_036,2026-01-30,train,1,Customer Support Specialist,Senior,hybrid,ru,meetup,offline,self,2,2223,2,1,10,0.5714285714285714,0.14285714285714285,0.07142857142857142,0.21428571428571427,2,0.5,1,0.3333333333333333,113,0.6695652173913044,0,21
R001767,E0170,EV_037,2026-01-30,train,0,Frontend Engineer,Middle,hybrid,ru,mentoring,online,hr,12,281,1,0,6,0.4,0.2,0.2,0.2,3,0.4,0,0.5,79,0.7283950617283951,0,23
R001768,E0007,EV_009,2026-02-02,train,1,Backend Engineer,Senior,office,kk,certification,self_paced,hr,40,2656,1,0,7,0.5454545454545454,0.09090909090909091,0.18181818181818182,0.18181818181818182,1,0.6666666666666666,0,0.5,36,0.5789473684210527,0,91
R001769,E0011,EV_023,2026-02-02,train,0,Data Analyst,Senior,office,kk,workshop,offline,manager,6,1848,1,0,9,0.6153846153846154,0.15384615384615385,0.15384615384615385,0.07692307692307693,0,0.5,2,0.75,18,0.75,0,5
R001770,E0086,EV_034,2026-02-02,train,1,Customer Support Specialist,Junior,office,kk,workshop,online,self,4,252,1,0,3,0.42857142857142855,0.14285714285714285,0.14285714285714285,0.2857142857142857,2,0.5,3,0.6,46,0.7083333333333334,0,61
R001771,E0158,EV_037,2026-02-02,train,1,Sales Manager,Senior,office,kk,mentoring,online,self,12,2716,1,0,8,0.5,0.08333333333333333,0.16666666666666666,0.25,5,0.5714285714285714,0,0.5,80,0.7195121951219512,0,42
R001772,E0173,EV_034,2026-02-02,train,0,HR Business Partner,Senior,remote,kk,workshop,online,manager,4,2475,2,1,8,0.5833333333333334,0.08333333333333333,0.25,0.08333333333333333,6,0.625,5,0.5714285714285714,46,0.7083333333333334,0,11
R001773,E0185,EV_034,2026-02-02,train,1,Customer Support Specialist,Middle,remote,kk,workshop,online,self,4,469,1,0,4,0.625,0.125,0.125,0.125,4,0.8333333333333334,2,0.75,46,0.7083333333333334,0,91
R001774,E0197,EV_039,2026-02-02,train,1,QA Engineer,Middle,hybrid,ru,workshop,online,self,3,1267,2,1,11,0.4666666666666667,0.2,0.2,0.13333333333333333,6,0.5,6,0.5,65,0.7761194029850746,0,13
R001775,E0052,EV_028,2026-02-03,train,1,HR Business Partner,Middle,office,kk,workshop,online,manager,4,386,1,0,5,0.4444444444444444,0.2222222222222222,0.2222222222222222,0.1111111111111111,4,0.5,1,0.6666666666666666,8,0.6,0,92
R001776,E0079,EV_036,2026-02-03,train,1,Sales Manager,Junior,office,ru,meetup,offline,manager,2,477,3,2,8,0.75,0.08333333333333333,0.08333333333333333,0.08333333333333333,4,0.8333333333333334,2,0.75,114,0.6724137931034483,0,54
R001778,E0049,EV_036,2026-02-04,train,1,Sales Manager,Junior,hybrid,kk,meetup,offline,manager,2,93,1,0,1,0.4,0.2,0.2,0.2,0,0.5,0,0.5,115,0.6752136752136753,0,16
R001779,E0052,EV_034,2026-02-04,train,1,HR Business Partner,Middle,office,kk,workshop,online,self,4,387,1,0,6,0.5,0.2,0.2,0.1,5,0.5714285714285714,2,0.75,49,0.7058823529411765,0,1
R001780,E0165,EV_036,2026-02-04,train,1,Product Manager,Junior,office,ru,meetup,offline,self,2,523,4,3,7,0.5454545454545454,0.2727272727272727,0.09090909090909091,0.09090909090909091,6,0.625,3,0.8,115,0.6752136752136753,0,34
R001781,E0107,EV_040,2026-02-05,train,0,Product Manager,Middle,office,ru,workshop,offline,manager,4,1382,1,0,7,0.6363636363636364,0.18181818181818182,0.09090909090909091,0.09090909090909091,4,0.6666666666666666,6,0.75,94,0.6979166666666666,0,76
R001782,E0124,EV_020,2026-02-05,train,1,Data Analyst,Middle,office,kk,course,self_paced,manager,40,353,1,0,2,0.3333333333333333,0.16666666666666666,0.16666666666666666,0.3333333333333333,0,0.5,1,0.3333333333333333,12,0.5714285714285714,0,35
R001783,E0065,EV_039,2026-02-06,train,1,QA Engineer,Middle,hybrid,en,workshop,online,manager,3,1285,1,0,8,0.5833333333333334,0.16666666666666666,0.08333333333333333,0.16666666666666666,4,0.6666666666666666,4,0.6666666666666666,66,0.7794117647058824,0,30
R001784,E0065,EV_036,2026-02-09,train,0,QA Engineer,Middle,hybrid,en,meetup,offline,manager,2,1288,1,0,9,0.6153846153846154,0.15384615384615385,0.07692307692307693,0.15384615384615385,2,0.75,0,0.5,117,0.680672268907563,0,3
R001785,E0073,EV_023,2026-02-09,train,1,Data Analyst,Senior,office,ru,workshop,offline,manager,6,1260,1,0,6,0.3,0.4,0.2,0.1,1,0.3333333333333333,4,0.3333333333333333,19,0.7142857142857143,0,98
R001786,E0086,EV_035,2026-02-09,train,1,Customer Support Specialist,Junior,office,kk,course,online,self,16,259,1,0,4,0.5,0.125,0.125,0.25,3,0.6,0,0.5,22,0.7083333333333334,0,7
R001788,E0136,EV_006,2026-02-09,train,1,Backend Engineer,Senior,hybrid,kk,workshop,offline,self,12,679,1,0,2,0.3333333333333333,0.16666666666666666,0.3333333333333333,0.16666666666666666,1,0.3333333333333333,1,0.3333333333333333,17,0.631578947368421,0,98
R001789,E0144,EV_036,2026-02-09,train,1,Customer Support Specialist,Junior,office,ru,meetup,offline,self,2,511,2,1,6,0.7,0.1,0.1,0.1,2,0.75,1,0.6666666666666666,117,0.680672268907563,0,98
R001790,E0022,EV_008,2026-02-10,train,0,Data Analyst,Junior,hybrid,kk,workshop,online,self,4,49,1,0,0,0.25,0.25,0.25,0.25,0,0.5,0,0.5,72,0.7972972972972973,0,36
R001791,E0073,EV_020,2026-02-10,train,0,Data Analyst,Senior,office,ru,course,self_paced,hr,40,1261,2,1,7,0.36363636363636365,0.36363636363636365,0.18181818181818182,0.09090909090909091,1,0.3333333333333333,2,0.5,13,0.6,0,1
R001792,E0107,EV_022,2026-02-10,train,1,Product Manager,Middle,office,ru,course,online,self,12,1387,1,0,8,0.5833333333333334,0.16666666666666666,0.08333333333333333,0.16666666666666666,3,0.8,0,0.5,12,0.7142857142857143,0,5
R001793,E0143,EV_008,2026-02-10,train,1,Customer Support Specialist,Middle,office,kk,workshop,online,manager,4,910,1,0,4,0.25,0.25,0.375,0.125,2,0.5,2,0.5,72,0.7972972972972973,0,15
R001794,E0179,EV_009,2026-02-10,train,1,QA Engineer,Lead,hybrid,ru,certification,self_paced,self,40,2203,1,0,4,0.5,0.125,0.125,0.25,0,0.5,0,0.5,37,0.5897435897435898,0,99
R001795,E0189,EV_039,2026-02-10,train,1,QA Engineer,Senior,office,ru,workshop,online,self,3,2276,1,0,9,0.6153846153846154,0.15384615384615385,0.15384615384615385,0.07692307692307693,5,0.5714285714285714,4,0.8333333333333334,67,0.782608695652174,0,28
R001796,E0050,EV_006,2026-02-11,train,1,Backend Engineer,Lead,hybrid,ru,workshop,offline,self,12,3305,1,0,8,0.5833333333333334,0.08333333333333333,0.16666666666666666,0.16666666666666666,2,0.5,2,0.5,18,0.65,0,100
R001797,E0095,EV_031,2026-02-11,train,0,HR Business Partner,Middle,office,kk,workshop,online,manager,6,1514,2,1,8,0.5,0.16666666666666666,0.16666666666666666,0.16666666666666666,7,0.5555555555555556,6,0.5,9,0.6363636363636364,0,47
R001798,E0141,EV_016,2026-02-11,train,1,Frontend Engineer,Junior,remote,kk,workshop,online,hr,4,76,1,0,0,0.25,0.25,0.25,0.25,0,0.5,0,0.5,22,0.7916666666666666,0,51
R001799,E0193,EV_036,2026-02-11,train,0,Data Analyst,Middle,office,ru,meetup,offline,hr,2,1290,2,1,5,0.6666666666666666,0.1111111111111111,0.1111111111111111,0.1111111111111111,3,0.8,1,0.6666666666666666,119,0.6776859504132231,0,41
R001800,E0115,EV_015,2026-02-12,train,1,Frontend Engineer,Junior,hybrid,ru,course,self_paced,manager,6,365,1,0,4,0.25,0.375,0.25,0.125,0,0.5,2,0.5,10,0.9166666666666666,0,64
R001801,E0004,EV_024,2026-02-13,train,1,Data Analyst,Middle,office,ru,course,self_paced,self,30,1576,1,0,1,0.4,0.2,0.2,0.2,0,0.5,0,0.5,7,0.4444444444444444,0,102
R001802,E0047,EV_008,2026-02-13,train,0,Backend Engineer,Middle,office,ru,workshop,online,manager,4,1149,1,0,13,0.47058823529411764,0.29411764705882354,0.17647058823529413,0.058823529411764705,7,0.5555555555555556,5,0.42857142857142855,74,0.7894736842105263,0,31
R001803,E0172,EV_029,2026-02-13,train,1,HR Business Partner,Senior,remote,ru,course,self_paced,manager,12,2727,1,0,4,0.625,0.125,0.125,0.125,0,0.5,1,0.6666666666666666,6,0.625,0,64
R001804,E0002,EV_010,2026-02-16,train,1,Backend Engineer,Middle,remote,ru,course,online,self,20,1028,2,1,5,0.3333333333333333,0.4444444444444444,0.1111111111111111,0.1111111111111111,3,0.4,3,0.4,14,0.625,0,34
R001805,E0020,EV_026,2026-02-16,train,1,Product Manager,Junior,remote,ru,workshop,offline,self,8,635,1,0,3,0.42857142857142855,0.14285714285714285,0.2857142857142857,0.14285714285714285,0,0.5,3,0.6,14,0.8125,0,105
R001806,E0043,EV_040,2026-02-16,train,1,Frontend Engineer,Senior,hybrid,ru,workshop,offline,self,4,1648,1,0,7,0.7272727272727273,0.09090909090909091,0.09090909090909091,0.09090909090909091,0,0.5,1,0.6666666666666666,95,0.6907216494845361,0,96
R001807,E0100,EV_027,2026-02-16,train,0,Product Manager,Junior,office,ru,workshop,online,hr,6,455,1,0,2,0.16666666666666666,0.5,0.16666666666666666,0.16666666666666666,0,0.5,2,0.25,18,0.65,0,105
R001808,E0129,EV_036,2026-02-16,train,1,Sales Manager,Middle,hybrid,kk,meetup,offline,manager,2,33,1,0,0,0.25,0.25,0.25,0.25,0,0.5,0,0.5,120,0.6721311475409836,0,7
R001809,E0144,EV_036,2026-02-16,train,1,Customer Support Specialist,Junior,office,ru,meetup,offline,manager,2,518,3,2,7,0.7272727272727273,0.09090909090909091,0.09090909090909091,0.09090909090909091,3,0.8,2,0.75,120,0.6721311475409836,0,7
R001810,E0160,EV_036,2026-02-16,train,0,Customer Support Specialist,Junior,hybrid,ru,meetup,offline,self,2,460,6,5,10,0.5714285714285714,0.07142857142857142,0.21428571428571427,0.14285714285714285,6,0.5,5,0.42857142857142855,120,0.6721311475409836,0,48
R001811,E0167,EV_008,2026-02-17,train,1,HR Business Partner,Junior,hybrid,kk,workshop,online,self,4,91,1,0,1,0.4,0.2,0.2,0.2,1,0.6666666666666666,1,0.6666666666666666,75,0.7792207792207793,0,61
R001812,E0194,EV_017,2026-02-17,train,1,Frontend Engineer,Senior,remote,ru,course,online,self,16,1679,1,0,4,0.5,0.125,0.25,0.125,3,0.6,1,0.3333333333333333,9,0.36363636363636365,0,35
R001813,E0011,EV_023,2026-02-18,train,1,Data Analyst,Senior,office,kk,workshop,offline,self,6,1864,2,1,10,0.5714285714285714,0.14285714285714285,0.21428571428571427,0.07142857142857142,1,0.3333333333333333,3,0.6,20,0.7272727272727273,0,16
R001814,E0012,EV_036,2026-02-18,train,1,Sales Manager,Middle,hybrid,ru,meetup,offline,self,2,1491,2,1,3,0.5714285714285714,0.14285714285714285,0.14285714285714285,0.14285714285714285,2,0.75,1,0.6666666666666666,123,0.672,0,107
R001815,E0021,EV_034,2026-02-18,train,1,Customer Support Specialist,Middle,remote,ru,workshop,online,self,4,524,1,0,6,0.5,0.1,0.3,0.1,4,0.6666666666666666,2,0.5,50,0.7115384615384616,0,34
R001816,E0185,EV_040,2026-02-18,train,1,Customer Support Specialist,Middle,remote,kk,workshop,offline,self,4,485,1,0,5,0.6666666666666666,0.1111111111111111,0.1111111111111111,0.1111111111111111,0,0.5,3,0.8,96,0.6938775510204082,0,16
R001817,E0193,EV_020,2026-02-18,train,0,Data Analyst,Middle,office,ru,course,self_paced,self,40,1297,1,0,6,0.6,0.1,0.1,0.2,0,0.5,1,0.6666666666666666,14,0.5625,0,7
R001818,E0015,EV_013,2026-02-19,train,1,Frontend Engineer,Middle,office,ru,course,online,self,12,701,2,1,4,0.5,0.125,0.25,0.125,2,0.5,1,0.3333333333333333,15,0.5294117647058824,0,108
R001819,E0025,EV_040,2026-02-19,train,1,Data Analyst,Junior,office,kk,workshop,offline,self,4,668,2,1,3,0.42857142857142855,0.14285714285714285,0.14285714285714285,0.2857142857142857,1,0.3333333333333333,3,0.6,97,0.696969696969697,0,35
R001820,E0042,EV_016,2026-02-19,train,1,Frontend Engineer,Junior,hybrid,ru,workshop,online,self,4,547,1,0,5,0.4444444444444444,0.2222222222222222,0.2222222222222222,0.1111111111111111,1,0.3333333333333333,2,0.5,23,0.8,0,108
R001821,E0141,EV_017,2026-02-19,train,1,Frontend Engineer,Junior,remote,kk,course,online,self,16,84,1,0,1,0.4,0.2,0.2,0.2,1,0.6666666666666666,0,0.5,10,0.4166666666666667,0,8
R001822,E0187,EV_021,2026-02-19,train,1,Data Analyst,Junior,office,ru,workshop,online,self,6,696,2,1,5,0.4444444444444444,0.2222222222222222,0.1111111111111111,0.2222222222222222,3,0.6,3,0.6,13,0.6,0,34
R001823,E0018,EV_008,2026-02-20,train,1,Customer Support Specialist,Junior,remote,en,workshop,online,self,4,696,1,0,5,0.5555555555555556,0.1111111111111111,0.1111111111111111,0.2222222222222222,4,0.6666666666666666,4,0.6666666666666666,76,0.782051282051282,0,72
R001824,E0026,EV_009,2026-02-20,train,1,Backend Engineer,Senior,hybrid,kk,certification,self_paced,self,40,1397,3,2,9,0.46153846153846156,0.23076923076923078,0.07692307692307693,0.23076923076923078,2,0.25,2,0.25,38,0.6,0,46
R001825,E0163,EV_033,2026-02-23,train,1,Sales Manager,Middle,office,ru,course,online,self,10,1370,1,0,6,0.5,0.1,0.1,0.3,2,0.75,0,0.5,12,0.7142857142857143,0,112
R001826,E0017,EV_032,2026-02-24,train,0,Product Manager,Senior,office,ru,workshop,offline,self,8,2555,1,0,10,0.7857142857142857,0.07142857142857142,0.07142857142857142,0.07142857142857142,5,0.8571428571428571,5,0.8571428571428571,19,0.7619047619047619,0,64
R001827,E0124,EV_025,2026-02-24,train,0,Data Analyst,Middle,office,kk,course,online,self,10,372,1,0,3,0.42857142857142855,0.14285714285714285,0.14285714285714285,0.2857142857142857,1,0.3333333333333333,2,0.5,11,0.6923076923076923,0,19
R001828,E0157,EV_036,2026-02-24,train,0,QA Engineer,Junior,remote,kk,meetup,offline,manager,2,134,1,0,1,0.4,0.2,0.2,0.2,0,0.5,0,0.5,124,0.6746031746031746,0,56
R001829,E0051,EV_036,2026-02-25,train,0,Sales Manager,Senior,office,kk,meetup,offline,manager,2,1122,3,2,9,0.46153846153846156,0.15384615384615385,0.23076923076923078,0.15384615384615385,4,0.3333333333333333,2,0.25,125,0.6692913385826772,0,55
R001830,E0107,EV_037,2026-02-25,train,1,Product Manager,Middle,office,ru,mentoring,online,self,12,1402,1,0,9,0.6153846153846154,0.15384615384615385,0.07692307692307693,0.15384615384615385,4,0.8333333333333334,0,0.5,81,0.7228915662650602,0,15
R001831,E0162,EV_012,2026-02-25,train,1,Data Analyst,Middle,hybrid,kk,course,self_paced,self,24,772,1,0,7,0.6363636363636364,0.09090909090909091,0.18181818181818182,0.09090909090909091,1,0.6666666666666666,1,0.6666666666666666,21,0.4782608695652174,0,28
R001832,E0198,EV_036,2026-02-25,train,1,Sales Manager,Junior,office,ru,meetup,offline,self,2,609,3,2,10,0.5714285714285714,0.07142857142857142,0.2857142857142857,0.07142857142857142,4,0.6666666666666666,2,0.5,125,0.6692913385826772,0,76
R001833,E0003,EV_035,2026-02-26,train,1,Customer Support Specialist,Senior,hybrid,kk,course,online,self,16,2355,1,0,3,0.5714285714285714,0.14285714285714285,0.14285714285714285,0.14285714285714285,2,0.75,0,0.5,23,0.72,0,115
R001834,E0041,EV_038,2026-02-26,train,1,Product Manager,Senior,office,kk,course,online,hr,16,888,2,1,8,0.5833333333333334,0.16666666666666666,0.08333333333333333,0.16666666666666666,2,0.5,3,0.4,52,0.7037037037037037,0,44
R001835,E0165,EV_023,2026-02-26,train,0,Product Manager,Junior,office,ru,workshop,offline,self,6,545,2,1,8,0.5833333333333334,0.25,0.08333333333333333,0.08333333333333333,7,0.6666666666666666,4,0.5,21,0.7391304347826086,0,22
R001836,E0029,EV_037,2026-02-27,train,0,Customer Support Specialist,Senior,hybrid,kk,mentoring,online,manager,12,351,1,0,6,0.7,0.1,0.1,0.1,5,0.8571428571428571,0,0.5,82,0.7261904761904762,0,29
R001837,E0062,EV_036,2026-02-27,train,0,Sales Manager,Middle,office,ru,meetup,offline,self,2,1346,1,0,7,0.7272727272727273,0.09090909090909091,0.09090909090909091,0.09090909090909091,2,0.75,0,0.5,127,0.6666666666666666,0,116
R001861,E0028,EV_011,2026-03-02,train,1,Backend Engineer,Middle,hybrid,kk,workshop,offline,self,6,1379,1,0,5,0.4444444444444444,0.2222222222222222,0.2222222222222222,0.1111111111111111,1,0.6666666666666666,1,0.6666666666666666,16,0.6111111111111112,0,67
R001877,E0043,EV_005,2026-03-02,train,1,Frontend Engineer,Senior,hybrid,ru,course,online,manager,16,1662,1,0,8,0.75,0.08333333333333333,0.08333333333333333,0.08333333333333333,5,0.8571428571428571,4,0.8333333333333334,28,0.5,0,14
R001940,E0114,EV_008,2026-03-02,train,1,Customer Support Specialist,Junior,hybrid,en,workshop,online,self,4,473,2,1,3,0.42857142857142855,0.14285714285714285,0.14285714285714285,0.2857142857142857,3,0.6,3,0.6,77,0.7848101265822784,0,47
R001982,E0165,EV_040,2026-03-02,train,0,Product Manager,Junior,office,ru,workshop,offline,manager,4,549,2,1,9,0.5384615384615384,0.3076923076923077,0.07692307692307693,0.07692307692307693,8,0.6,5,0.42857142857142855,98,0.7,0,4
R002014,E0199,EV_038,2026-03-02,train,1,Data Analyst,Senior,hybrid,ru,course,online,hr,16,2260,1,0,9,0.6153846153846154,0.07692307692307693,0.23076923076923078,0.07692307692307693,6,0.625,5,0.7142857142857143,53,0.7090909090909091,0,94
R002016,E0019,EV_005,2026-03-03,train,1,Frontend Engineer,Junior,office,kk,course,online,manager,16,337,1,0,3,0.5714285714285714,0.14285714285714285,0.14285714285714285,0.14285714285714285,0,0.5,0,0.5,29,0.5161290322580645,0,1
R002017,E0027,EV_036,2026-03-03,train,1,HR Business Partner,Middle,remote,ru,meetup,offline,manager,2,350,1,0,4,0.5,0.25,0.125,0.125,0,0.5,0,0.5,128,0.6615384615384615,0,1
R002018,E0051,EV_034,2026-03-03,train,1,Sales Manager,Senior,office,kk,workshop,online,self,4,1128,2,1,10,0.42857142857142855,0.14285714285714285,0.21428571428571427,0.21428571428571427,5,0.7142857142857143,5,0.5714285714285714,51,0.7169811320754716,0,1
R002019,E0102,EV_017,2026-03-03,train,1,Frontend Engineer,Junior,remote,ru,course,online,self,16,642,1,0,7,0.45454545454545453,0.09090909090909091,0.2727272727272727,0.18181818181818182,4,0.5,3,0.4,11,0.46153846153846156,0,1
R002020,E0013,EV_012,2026-03-05,train,1,Backend Engineer,Senior,office,ru,course,self_paced,hr,24,1893,2,1,7,0.5454545454545454,0.09090909090909091,0.18181818181818182,0.18181818181818182,1,0.3333333333333333,2,0.25,22,0.5,0,3
R002021,E0017,EV_036,2026-03-05,train,1,Product Manager,Senior,office,ru,meetup,offline,self,2,2564,3,2,11,0.7333333333333333,0.13333333333333333,0.06666666666666667,0.06666666666666667,6,0.75,2,0.75,129,0.6641221374045801,0,3
R002022,E0145,EV_018,2026-03-05,train,0,QA Engineer,Senior,office,kk,course,online,self,24,875,1,0,4,0.375,0.25,0.125,0.25,1,0.6666666666666666,0,0.5,13,0.6666666666666666,0,3
R002023,E0165,EV_023,2026-03-05,train,1,Product Manager,Junior,office,ru,workshop,offline,self,6,552,3,2,10,0.5,0.2857142857142857,0.14285714285714285,0.07142857142857142,9,0.5454545454545454,6,0.375,22,0.7083333333333334,0,3
R002024,E0170,EV_039,2026-03-05,train,0,Frontend Engineer,Middle,hybrid,ru,workshop,online,self,3,315,2,1,7,0.36363636363636365,0.18181818181818182,0.18181818181818182,0.2727272727272727,4,0.3333333333333333,3,0.6,68,0.7857142857142857,0,3
R002025,E0026,EV_037,2026-03-06,train,1,Backend Engineer,Senior,hybrid,kk,mentoring,online,self,12,1411,1,0,10,0.5,0.21428571428571427,0.07142857142857142,0.21428571428571427,4,0.5,2,0.25,83,0.7176470588235294,0,4
R002026,E0121,EV_008,2026-03-06,train,1,Data Analyst,Middle,hybrid,ru,workshop,online,self,4,172,1,0,1,0.4,0.2,0.2,0.2,0,0.5,1,0.6666666666666666,78,0.7875,0,4
R002027,E0156,EV_040,2026-03-06,train,1,QA Engineer,Junior,hybrid,kk,workshop,offline,self,4,45,1,0,0,0.25,0.25,0.25,0.25,0,0.5,0,0.5,99,0.693069306930693,0,31
R002028,E0055,EV_038,2026-03-09,train,1,Product Manager,Lead,hybrid,en,course,online,manager,16,1111,1,0,9,0.6923076923076923,0.07692307692307693,0.15384615384615385,0.07692307692307693,4,0.8333333333333334,0,0.5,54,0.7142857142857143,0,7
R002029,E0057,EV_036,2026-03-10,train,0,Sales Manager,Senior,hybrid,kk,meetup,offline,manager,2,873,1,0,7,0.6363636363636364,0.09090909090909091,0.18181818181818182,0.09090909090909091,2,0.75,0,0.5,130,0.6666666666666666,0,8
R002030,E0061,EV_040,2026-03-10,train,0,Data Analyst,Lead,remote,kk,workshop,offline,hr,4,967,1,0,4,0.375,0.125,0.25,0.25,1,0.3333333333333333,0,0.5,100,0.696078431372549,0,8
R002031,E0180,EV_036,2026-03-10,train,1,Customer Support Specialist,Lead,hybrid,kk,meetup,offline,self,2,2126,2,1,7,0.7272727272727273,0.09090909090909091,0.09090909090909091,0.09090909090909091,2,0.75,1,0.6666666666666666,130,0.6666666666666666,0,8
R002032,E0040,EV_036,2026-03-11,train,1,Backend Engineer,Junior,office,ru,meetup,offline,self,2,271,1,0,3,0.42857142857142855,0.14285714285714285,0.2857142857142857,0.14285714285714285,1,0.3333333333333333,0,0.5,132,0.664179104477612,0,9
R002033,E0071,EV_036,2026-03-11,train,1,Product Manager,Middle,office,kk,meetup,offline,self,2,1213,1,0,7,0.6363636363636364,0.18181818181818182,0.09090909090909091,0.09090909090909091,3,0.8,0,0.5,132,0.664179104477612,0,9
R002034,E0103,EV_018,2026-03-11,train,1,QA Engineer,Senior,remote,ru,course,online,manager,24,1667,1,0,5,0.4444444444444444,0.1111111111111111,0.3333333333333333,0.1111111111111111,4,0.6666666666666666,2,0.5,14,0.625,0,9
R002035,E0115,EV_040,2026-03-11,train,1,Frontend Engineer,Junior,hybrid,ru,workshop,offline,self,4,392,1,0,5,0.3333333333333333,0.3333333333333333,0.2222222222222222,0.1111111111111111,0,0.5,2,0.25,101,0.6893203883495146,0,9
R002036,E0142,EV_036,2026-03-11,train,1,Sales Manager,Middle,hybrid,kk,meetup,offline,self,2,205,1,0,2,0.5,0.16666666666666666,0.16666666666666666,0.16666666666666666,0,0.5,0,0.5,132,0.664179104477612,0,9
R002037,E0038,EV_038,2026-03-13,train,1,Product Manager,Senior,hybrid,kk,course,online,self,16,1358,1,0,4,0.5,0.125,0.125,0.25,2,0.5,0,0.5,55,0.7192982456140351,0,11
R002038,E0106,EV_036,2026-03-13,train,0,Backend Engineer,Senior,remote,kk,meetup,offline,manager,2,2220,1,0,2,0.16666666666666666,0.16666666666666666,0.3333333333333333,0.3333333333333333,1,0.3333333333333333,0,0.5,135,0.6715328467153284,0,11
R002039,E0027,EV_034,2026-03-16,train,1,HR Business Partner,Middle,remote,ru,workshop,online,self,4,363,1,0,5,0.5555555555555556,0.2222222222222222,0.1111111111111111,0.1111111111111111,3,0.6,2,0.5,52,0.7222222222222222,0,13
R002040,E0127,EV_012,2026-03-16,train,0,Backend Engineer,Middle,remote,kk,course,self_paced,self,24,1356,1,0,8,0.5,0.16666666666666666,0.25,0.08333333333333333,1,0.6666666666666666,2,0.5,23,0.52,0,14
R002041,E0009,EV_039,2026-03-17,train,1,Customer Support Specialist,Junior,remote,en,workshop,online,self,3,110,1,0,0,0.25,0.25,0.25,0.25,0,0.5,0,0.5,69,0.7746478873239436,0,102
R002042,E0035,EV_036,2026-03-17,train,1,Customer Support Specialist,Lead,hybrid,ru,meetup,offline,self,2,1664,1,0,9,0.5384615384615384,0.07692307692307693,0.23076923076923078,0.15384615384615385,1,0.6666666666666666,0,0.5,136,0.6666666666666666,0,15
R002043,E0108,EV_037,2026-03-17,train,1,Product Manager,Middle,office,ru,mentoring,online,self,12,1429,1,0,0,0.25,0.25,0.25,0.25,0,0.5,0,0.5,84,0.7209302325581395,0,15
R002044,E0129,EV_032,2026-03-17,train,1,Sales Manager,Middle,hybrid,kk,workshop,offline,self,8,62,1,0,1,0.4,0.2,0.2,0.2,1,0.6666666666666666,0,0.5,20,0.7272727272727273,0,29
R002045,E0136,EV_040,2026-03-17,train,1,Backend Engineer,Senior,hybrid,kk,workshop,offline,hr,4,715,1,0,3,0.42857142857142855,0.14285714285714285,0.2857142857142857,0.14285714285714285,2,0.5,2,0.5,102,0.6923076923076923,0,15
R002046,E0139,EV_040,2026-03-17,train,1,Customer Support Specialist,Senior,office,kk,workshop,offline,self,4,357,1,0,4,0.375,0.125,0.25,0.25,0,0.5,2,0.5,102,0.6923076923076923,0,15
R002047,E0172,EV_008,2026-03-17,train,0,HR Business Partner,Senior,remote,ru,workshop,online,hr,4,2759,1,0,5,0.6666666666666666,0.1111111111111111,0.1111111111111111,0.1111111111111111,4,0.8333333333333334,3,0.8,79,0.7901234567901234,0,15
R002048,E0044,EV_008,2026-03-18,train,1,Frontend Engineer,Lead,office,kk,workshop,online,self,4,1248,1,0,7,0.5454545454545454,0.09090909090909091,0.2727272727272727,0.09090909090909091,4,0.6666666666666666,4,0.6666666666666666,80,0.7804878048780488,0,16
R002049,E0064,EV_037,2026-03-18,train,0,Backend Engineer,Senior,office,ru,mentoring,online,hr,12,1610,1,0,3,0.42857142857142855,0.2857142857142857,0.14285714285714285,0.14285714285714285,1,0.3333333333333333,0,0.5,85,0.7241379310344828,0,16
R002050,E0182,EV_008,2026-03-18,train,1,Frontend Engineer,Middle,office,ru,workshop,online,self,4,642,1,0,5,0.4444444444444444,0.1111111111111111,0.2222222222222222,0.2222222222222222,2,0.75,2,0.75,80,0.7804878048780488,0,16
R002051,E0009,EV_034,2026-03-19,train,0,Customer Support Specialist,Junior,remote,en,workshop,online,hr,4,112,1,0,1,0.4,0.2,0.2,0.2,1,0.6666666666666666,1,0.6666666666666666,53,0.7272727272727273,0,2
R002052,E0187,EV_036,2026-03-19,train,0,Data Analyst,Junior,office,ru,meetup,offline,manager,2,724,1,0,6,0.5,0.2,0.1,0.2,1,0.6666666666666666,0,0.5,137,0.6690647482014388,0,17
R002053,E0148,EV_036,2026-03-20,train,1,Sales Manager,Lead,office,kk,meetup,offline,manager,2,2040,2,1,8,0.6666666666666666,0.08333333333333333,0.16666666666666666,0.08333333333333333,3,0.8,1,0.6666666666666666,138,0.6642857142857143,0,18
R002054,E0166,EV_032,2026-03-20,train,1,Sales Manager,Senior,office,kk,workshop,offline,self,8,392,1,0,5,0.6666666666666666,0.1111111111111111,0.1111111111111111,0.1111111111111111,2,0.75,2,0.75,21,0.7391304347826086,0,18
R002055,E0186,EV_010,2026-03-20,train,1,Backend Engineer,Middle,hybrid,ru,course,online,self,20,1373,1,0,7,0.36363636363636365,0.2727272727272727,0.18181818181818182,0.18181818181818182,3,0.2,3,0.2,15,0.6470588235294118,0,18
R002056,E0197,EV_036,2026-03-20,train,1,QA Engineer,Middle,hybrid,ru,meetup,offline,self,2,1313,1,0,12,0.5,0.1875,0.1875,0.125,4,0.5,0,0.5,138,0.6642857142857143,0,18
R002057,E0028,EV_009,2026-03-23,train,0,Backend Engineer,Middle,hybrid,kk,certification,self_paced,self,40,1400,1,0,6,0.5,0.2,0.2,0.1,1,0.6666666666666666,0,0.5,39,0.6097560975609756,0,21
R002058,E0072,EV_040,2026-03-23,train,0,QA Engineer,Middle,office,ru,workshop,offline,manager,4,707,1,0,2,0.16666666666666666,0.5,0.16666666666666666,0.16666666666666666,0,0.5,0,0.5,104,0.6981132075471698,0,21
R002059,E0133,EV_037,2026-03-23,train,1,HR Business Partner,Lead,office,ru,mentoring,online,self,12,2404,1,0,8,0.5833333333333334,0.25,0.08333333333333333,0.08333333333333333,6,0.75,0,0.5,86,0.7159090909090909,0,21
R002060,E0157,EV_008,2026-03-23,train,1,QA Engineer,Junior,remote,kk,workshop,online,self,4,161,1,0,2,0.3333333333333333,0.16666666666666666,0.3333333333333333,0.16666666666666666,1,0.6666666666666666,0,0.5,82,0.7857142857142857,0,21
R002061,E0006,EV_036,2026-03-24,train,1,Frontend Engineer,Lead,office,kk,meetup,offline,self,2,2989,3,2,8,0.4166666666666667,0.16666666666666666,0.16666666666666666,0.25,5,0.42857142857142855,2,0.5,140,0.6690140845070423,0,22
R002062,E0013,EV_038,2026-03-24,train,1,Backend Engineer,Senior,office,ru,course,online,manager,16,1912,1,0,8,0.5833333333333334,0.08333333333333333,0.16666666666666666,0.16666666666666666,3,0.6,3,0.4,56,0.7241379310344828,0,19
R002063,E0044,EV_039,2026-03-24,train,1,Frontend Engineer,Lead,office,kk,workshop,online,self,3,1254,1,0,8,0.5833333333333334,0.08333333333333333,0.25,0.08333333333333333,5,0.7142857142857143,5,0.7142857142857143,70,0.7777777777777778,0,6
R002064,E0054,EV_023,2026-03-24,train,0,Data Analyst,Senior,hybrid,kk,workshop,offline,self,6,1210,1,0,8,0.5,0.16666666666666666,0.16666666666666666,0.16666666666666666,2,0.5,1,0.6666666666666666,23,0.72,0,22
R002065,E0102,EV_039,2026-03-24,train,1,Frontend Engineer,Junior,remote,ru,workshop,online,self,3,663,1,0,8,0.5,0.08333333333333333,0.25,0.16666666666666666,5,0.5714285714285714,3,0.6,70,0.7777777777777778,0,21
R002066,E0118,EV_036,2026-03-24,train,1,Frontend Engineer,Middle,hybrid,ru,meetup,offline,manager,2,1604,1,0,8,0.5,0.25,0.16666666666666666,0.08333333333333333,1,0.6666666666666666,0,0.5,140,0.6690140845070423,0,22
R002067,E0187,EV_039,2026-03-24,train,1,Data Analyst,Junior,office,ru,workshop,online,self,3,729,1,0,7,0.45454545454545453,0.18181818181818182,0.18181818181818182,0.18181818181818182,4,0.6666666666666666,4,0.6666666666666666,70,0.7777777777777778,0,5
R002068,E0133,EV_038,2026-03-25,train,1,HR Business Partner,Lead,office,ru,course,online,manager,16,2406,1,0,9,0.6153846153846154,0.23076923076923078,0.07692307692307693,0.07692307692307693,7,0.7777777777777778,1,0.3333333333333333,57,0.7288135593220338,0,2
R002069,E0031,EV_008,2026-03-26,train,1,Customer Support Specialist,Middle,office,kk,workshop,online,manager,4,309,1,0,3,0.5714285714285714,0.14285714285714285,0.14285714285714285,0.14285714285714285,3,0.8,1,0.6666666666666666,83,0.788235294117647,0,24
R002070,E0115,EV_017,2026-03-26,train,1,Frontend Engineer,Junior,hybrid,ru,course,online,manager,16,407,2,1,6,0.4,0.3,0.2,0.1,4,0.3333333333333333,3,0.6,12,0.5,0,15
R002074,E0006,EV_036,2026-03-27,train,1,Frontend Engineer,Lead,office,kk,meetup,offline,self,2,2992,4,3,9,0.46153846153846156,0.15384615384615385,0.15384615384615385,0.23076923076923078,6,0.5,3,0.6,142,0.6736111111111112,0,3
R002075,E0153,EV_034,2026-03-27,train,1,Sales Manager,Middle,office,ru,workshop,online,self,4,1257,1,0,7,0.6363636363636364,0.09090909090909091,0.18181818181818182,0.09090909090909091,3,0.8,4,0.8333333333333334,54,0.7142857142857143,0,25
R002076,E0195,EV_039,2026-03-27,train,1,Product Manager,Middle,office,kk,workshop,online,self,3,340,1,0,8,0.3333333333333333,0.3333333333333333,0.25,0.08333333333333333,6,0.375,6,0.5,73,0.7866666666666666,0,25
R002077,E0045,EV_036,2026-03-30,train,0,Sales Manager,Junior,office,kk,meetup,offline,manager,2,367,2,1,3,0.5714285714285714,0.14285714285714285,0.14285714285714285,0.14285714285714285,2,0.75,1,0.6666666666666666,143,0.6758620689655173,0,28
R002078,E0057,EV_008,2026-03-30,train,1,Sales Manager,Senior,hybrid,kk,workshop,online,self,4,893,1,0,8,0.5833333333333334,0.08333333333333333,0.16666666666666666,0.16666666666666666,5,0.7142857142857143,3,0.8,84,0.7906976744186046,0,20
R002079,E0116,EV_036,2026-03-30,train,1,Product Manager,Middle,office,kk,meetup,offline,self,2,403,1,0,1,0.4,0.2,0.2,0.2,1,0.6666666666666666,0,0.5,143,0.6758620689655173,0,28
R002081,E0153,EV_036,2026-03-30,train,1,Sales Manager,Middle,office,ru,meetup,offline,manager,2,1260,3,2,8,0.6666666666666666,0.08333333333333333,0.16666666666666666,0.08333333333333333,4,0.6666666666666666,2,0.5,143,0.6758620689655173,0,3
R002082,E0003,EV_036,2026-03-31,train,1,Customer Support Specialist,Senior,hybrid,kk,meetup,offline,manager,2,2388,1,0,4,0.625,0.125,0.125,0.125,1,0.6666666666666666,0,0.5,146,0.6756756756756757,0,29
R002083,E0006,EV_036,2026-03-31,train,0,Frontend Engineer,Lead,office,kk,meetup,offline,self,2,2996,5,4,10,0.5,0.14285714285714285,0.14285714285714285,0.21428571428571427,7,0.5555555555555556,4,0.6666666666666666,146,0.6756756756756757,0,4
R002084,E0017,EV_036,2026-03-31,train,1,Product Manager,Senior,office,ru,meetup,offline,manager,2,2590,4,3,12,0.75,0.125,0.0625,0.0625,7,0.7777777777777778,3,0.8,146,0.6756756756756757,0,26
R002085,E0087,EV_012,2026-03-31,train,1,Backend Engineer,Middle,office,ru,course,self_paced,manager,24,350,1,0,1,0.2,0.4,0.2,0.2,0,0.5,0,0.5,24,0.5,0,29
R002086,E0115,EV_036,2026-03-31,train,1,Frontend Engineer,Junior,hybrid,ru,meetup,offline,manager,2,412,1,0,7,0.45454545454545453,0.2727272727272727,0.18181818181818182,0.09090909090909091,1,0.6666666666666666,0,0.5,146,0.6756756756756757,0,5
R002087,E0147,EV_011,2026-03-31,train,1,Frontend Engineer,Middle,office,ru,workshop,offline,self,6,673,1,0,6,0.6,0.1,0.2,0.1,3,0.6,3,0.8,17,0.631578947368421,0,29
R002088,E0052,EV_036,2026-04-01,train,1,HR Business Partner,Middle,office,kk,meetup,offline,self,2,443,2,1,7,0.5454545454545454,0.18181818181818182,0.18181818181818182,0.09090909090909091,1,0.6666666666666666,1,0.6666666666666666,150,0.6776315789473685,0,30
R002089,E0053,EV_040,2026-04-01,train,1,QA Engineer,Junior,remote,kk,workshop,offline,manager,4,673,3,2,10,0.21428571428571427,0.14285714285714285,0.5714285714285714,0.07142857142857142,7,0.1111111111111111,8,0.2,105,0.6915887850467289,0,30
R002090,E0068,EV_017,2026-04-01,train,0,Frontend Engineer,Middle,hybrid,kk,course,online,hr,16,303,2,1,5,0.4444444444444444,0.1111111111111111,0.3333333333333333,0.1111111111111111,4,0.5,3,0.6,13,0.5333333333333333,0,30
R002091,E0102,EV_013,2026-04-01,train,0,Frontend Engineer,Junior,remote,ru,course,online,self,12,671,3,2,9,0.5384615384615384,0.07692307692307693,0.23076923076923078,0.15384615384615385,6,0.625,4,0.5,16,0.5555555555555556,0,8
R002092,E0137,EV_036,2026-04-01,train,0,Backend Engineer,Middle,remote,kk,meetup,offline,hr,2,408,1,0,3,0.42857142857142855,0.2857142857142857,0.14285714285714285,0.14285714285714285,1,0.6666666666666666,0,0.5,150,0.6776315789473685,0,30
R002093,E0147,EV_039,2026-04-01,train,1,Frontend Engineer,Middle,office,ru,workshop,online,self,3,674,1,0,7,0.6363636363636364,0.09090909090909091,0.18181818181818182,0.09090909090909091,2,0.75,4,0.8333333333333334,74,0.7894736842105263,0,1
R002094,E0164,EV_007,2026-04-01,train,1,Backend Engineer,Middle,hybrid,ru,mentoring,online,hr,8,1314,1,0,9,0.6153846153846154,0.15384615384615385,0.15384615384615385,0.07692307692307693,3,0.8,0,0.5,15,0.47058823529411764,0,30
R002095,E0002,EV_009,2026-04-02,train,1,Backend Engineer,Middle,remote,ru,certification,self_paced,self,40,1073,1,0,6,0.4,0.4,0.1,0.1,1,0.6666666666666666,0,0.5,40,0.5952380952380952,0,31
R002096,E0021,EV_040,2026-04-02,train,1,Customer Support Specialist,Middle,remote,ru,workshop,offline,self,4,567,2,1,7,0.5454545454545454,0.09090909090909091,0.2727272727272727,0.09090909090909091,2,0.5,3,0.6,106,0.6944444444444444,0,31
R002100,E0060,EV_037,2026-04-02,train,1,Product Manager,Lead,office,kk,mentoring,online,self,12,1627,1,0,5,0.5555555555555556,0.1111111111111111,0.1111111111111111,0.2222222222222222,2,0.5,0,0.5,87,0.7191011235955056,0,31
R002101,E0068,EV_039,2026-04-02,train,1,Frontend Engineer,Middle,hybrid,kk,workshop,online,self,3,304,1,0,6,0.4,0.1,0.4,0.1,5,0.42857142857142855,0,0.5,75,0.7922077922077922,0,1
R002102,E0165,EV_008,2026-04-02,train,1,Product Manager,Junior,office,ru,workshop,online,hr,4,580,1,0,11,0.5333333333333333,0.26666666666666666,0.13333333333333333,0.06666666666666667,1,0.6666666666666666,7,0.4444444444444444,85,0.7931034482758621,0,28
R002103,E0194,EV_016,2026-04-02,train,0,Frontend Engineer,Senior,remote,ru,workshop,online,hr,4,1723,1,0,5,0.5555555555555556,0.1111111111111111,0.2222222222222222,0.1111111111111111,4,0.6666666666666666,1,0.6666666666666666,24,0.8076923076923077,0,31
R002104,E0022,EV_023,2026-04-03,train,1,Data Analyst,Junior,hybrid,kk,workshop,offline,self,6,101,1,0,1,0.2,0.4,0.2,0.2,0,0.5,1,0.3333333333333333,24,0.6923076923076923,0,52
R002105,E0033,EV_008,2026-04-03,train,1,Data Analyst,Middle,office,kk,workshop,online,manager,4,192,1,0,0,0.25,0.25,0.25,0.25,0,0.5,0,0.5,86,0.7954545454545454,0,32
R002106,E0085,EV_024,2026-04-03,train,0,Data Analyst,Lead,hybrid,ru,course,self_paced,manager,30,2872,2,1,7,0.6363636363636364,0.18181818181818182,0.09090909090909091,0.09090909090909091,1,0.3333333333333333,3,0.6,8,0.5,0,32
R002107,E0111,EV_008,2026-04-03,train,1,QA Engineer,Middle,office,ru,workshop,online,self,4,653,1,0,7,0.7272727272727273,0.09090909090909091,0.09090909090909091,0.09090909090909091,4,0.8333333333333334,3,0.8,86,0.7954545454545454,0,32
R002108,E0123,EV_037,2026-04-03,train,1,Frontend Engineer,Senior,hybrid,kk,mentoring,online,manager,12,1814,1,0,10,0.5,0.14285714285714285,0.21428571428571427,0.14285714285714285,4,0.3333333333333333,0,0.5,88,0.7222222222222222,0,32
R002109,E0191,EV_032,2026-04-03,train,1,Sales Manager,Middle,office,ru,workshop,offline,self,8,1480,2,1,5,0.4444444444444444,0.1111111111111111,0.2222222222222222,0.2222222222222222,2,0.5,4,0.5,22,0.75,0,32
R002110,E0092,EV_012,2026-04-06,train,0,Backend Engineer,Middle,office,en,course,self_paced,self,24,542,2,1,4,0.375,0.25,0.25,0.125,1,0.3333333333333333,2,0.5,25,0.5185185185185185,0,35
R002114,E0095,EV_031,2026-04-07,train,0,HR Business Partner,Middle,office,kk,workshop,online,manager,6,1569,3,2,9,0.46153846153846156,0.15384615384615385,0.23076923076923078,0.15384615384615385,8,0.5,7,0.4444444444444444,10,0.5833333333333334,0,36
R002115,E0100,EV_032,2026-04-07,train,1,Product Manager,Junior,office,ru,workshop,offline,self,8,505,1,0,3,0.14285714285714285,0.5714285714285714,0.14285714285714285,0.14285714285714285,2,0.25,3,0.2,23,0.76,0,36
R002116,E0129,EV_039,2026-04-07,train,0,Sales Manager,Middle,hybrid,kk,workshop,online,manager,3,83,1,0,2,0.5,0.16666666666666666,0.16666666666666666,0.16666666666666666,0,0.5,1,0.6666666666666666,76,0.7948717948717948,0,21
R002117,E0162,EV_036,2026-04-07,train,1,Data Analyst,Middle,hybrid,kk,meetup,offline,manager,2,813,3,2,8,0.6666666666666666,0.08333333333333333,0.16666666666666666,0.08333333333333333,3,0.6,2,0.5,152,0.6753246753246753,0,36
R002118,E0028,EV_009,2026-04-08,train,0,Backend Engineer,Middle,hybrid,kk,certification,self_paced,manager,40,1416,2,1,7,0.45454545454545453,0.2727272727272727,0.18181818181818182,0.09090909090909091,2,0.5,1,0.3333333333333333,41,0.6046511627906976,0,16
R002119,E0030,EV_037,2026-04-08,train,1,Customer Support Specialist,Middle,office,ru,mentoring,online,manager,12,482,1,0,2,0.5,0.16666666666666666,0.16666666666666666,0.16666666666666666,1,0.6666666666666666,0,0.5,89,0.7252747252747253,0,37
R002120,E0044,EV_036,2026-04-08,train,1,Frontend Engineer,Lead,office,kk,meetup,offline,hr,2,1269,1,0,9,0.6153846153846154,0.07692307692307693,0.23076923076923078,0.07692307692307693,3,0.6,0,0.5,153,0.6774193548387096,0,15
R002121,E0078,EV_039,2026-04-09,train,1,Customer Support Specialist,Junior,hybrid,kk,workshop,online,self,3,514,1,0,1,0.4,0.2,0.2,0.2,1,0.6666666666666666,1,0.6666666666666666,77,0.7848101265822784,0,38
R002122,E0133,EV_036,2026-04-09,train,1,HR Business Partner,Lead,office,ru,meetup,offline,self,2,2421,1,0,10,0.6428571428571429,0.21428571428571427,0.07142857142857142,0.07142857142857142,1,0.6666666666666666,0,0.5,154,0.6794871794871795,0,15
R002123,E0157,EV_039,2026-04-09,train,1,QA Engineer,Junior,remote,kk,workshop,online,manager,3,178,1,0,3,0.42857142857142855,0.14285714285714285,0.2857142857142857,0.14285714285714285,2,0.75,1,0.6666666666666666,77,0.7848101265822784,0,17
R002124,E0166,EV_038,2026-04-09,train,1,Sales Manager,Senior,office,kk,course,online,self,16,412,1,0,6,0.7,0.1,0.1,0.1,3,0.8,1,0.6666666666666666,58,0.7333333333333333,0,20
R002125,E0169,EV_036,2026-04-09,train,1,Sales Manager,Lead,office,kk,meetup,offline,manager,2,2171,7,6,10,0.5714285714285714,0.14285714285714285,0.14285714285714285,0.14285714285714285,6,0.625,6,0.625,154,0.6794871794871795,0,38
R002126,E0093,EV_036,2026-04-10,train,0,Customer Support Specialist,Middle,hybrid,kk,meetup,offline,manager,2,1318,2,1,9,0.6153846153846154,0.15384615384615385,0.07692307692307693,0.15384615384615385,2,0.75,1,0.6666666666666666,156,0.6835443037974683,0,39
R002127,E0105,EV_030,2026-04-10,train,1,HR Business Partner,Senior,office,kk,workshop,online,manager,4,718,3,2,8,0.5833333333333334,0.25,0.08333333333333333,0.08333333333333333,8,0.7,6,0.625,9,0.7272727272727273,0,39
R002128,E0120,EV_011,2026-04-10,train,0,Frontend Engineer,Senior,hybrid,ru,workshop,offline,hr,6,2328,1,0,5,0.6666666666666666,0.1111111111111111,0.1111111111111111,0.1111111111111111,1,0.6666666666666666,0,0.5,18,0.65,0,39
R002129,E0124,EV_012,2026-04-10,train,1,Data Analyst,Middle,office,kk,course,self_paced,manager,24,417,1,0,4,0.375,0.125,0.25,0.25,1,0.6666666666666666,3,0.4,26,0.5,0,39
R002130,E0178,EV_005,2026-04-10,train,0,Backend Engineer,Middle,remote,kk,course,online,manager,16,109,1,0,0,0.25,0.25,0.25,0.25,0,0.5,0,0.5,30,0.53125,0,86
R002131,E0185,EV_036,2026-04-10,train,1,Customer Support Specialist,Middle,remote,kk,meetup,offline,self,2,536,1,0,6,0.7,0.1,0.1,0.1,1,0.6666666666666666,0,0.5,156,0.6835443037974683,0,39
R002132,E0019,EV_040,2026-04-13,train,1,Frontend Engineer,Junior,office,kk,workshop,offline,self,4,378,1,0,4,0.625,0.125,0.125,0.125,3,0.8,0,0.5,107,0.6972477064220184,0,41
R002133,E0023,EV_036,2026-04-13,train,1,Backend Engineer,Junior,office,kk,meetup,offline,self,2,511,2,1,9,0.6923076923076923,0.15384615384615385,0.07692307692307693,0.07692307692307693,5,0.7142857142857143,1,0.6666666666666666,158,0.68125,0,42
R002135,E0073,EV_025,2026-04-13,train,1,Data Analyst,Senior,office,ru,course,online,manager,10,1323,1,0,8,0.3333333333333333,0.3333333333333333,0.16666666666666666,0.16666666666666666,4,0.5,3,0.4,12,0.6428571428571429,0,42
R002136,E0085,EV_036,2026-04-13,train,1,Data Analyst,Lead,hybrid,ru,meetup,offline,self,2,2882,2,1,8,0.5833333333333334,0.25,0.08333333333333333,0.08333333333333333,2,0.75,1,0.6666666666666666,158,0.68125,0,10
R002138,E0107,EV_020,2026-04-13,train,1,Product Manager,Middle,office,ru,course,self_paced,self,40,1449,1,0,10,0.6428571428571429,0.14285714285714285,0.07142857142857142,0.14285714285714285,0,0.5,1,0.6666666666666666,15,0.5294117647058824,0,42
R002139,E0088,EV_010,2026-04-15,train,1,Backend Engineer,Senior,remote,kk,course,online,hr,20,2550,1,0,5,0.6666666666666666,0.1111111111111111,0.1111111111111111,0.1111111111111111,4,0.8333333333333334,3,0.8,16,0.6666666666666666,0,44
R002140,E0144,EV_036,2026-04-15,train,1,Customer Support Specialist,Junior,office,ru,meetup,offline,self,2,576,4,3,8,0.75,0.08333333333333333,0.08333333333333333,0.08333333333333333,4,0.8333333333333334,3,0.8,160,0.6851851851851852,0,44
R002141,E0005,EV_036,2026-04-17,train,1,Backend Engineer,Middle,hybrid,kk,meetup,offline,manager,2,674,3,2,12,0.5,0.125,0.1875,0.1875,5,0.7142857142857143,2,0.75,161,0.6871165644171779,0,46
R002142,E0047,EV_011,2026-04-17,train,1,Backend Engineer,Middle,office,ru,workshop,offline,self,6,1212,3,2,14,0.4444444444444444,0.2777777777777778,0.16666666666666666,0.1111111111111111,4,0.3333333333333333,6,0.375,19,0.6190476190476191,0,46
R002143,E0153,EV_036,2026-04-17,train,1,Sales Manager,Middle,office,ru,meetup,offline,manager,2,1278,4,3,9,0.6923076923076923,0.07692307692307693,0.15384615384615385,0.07692307692307693,5,0.7142857142857143,3,0.6,161,0.6871165644171779,0,18
R002144,E0186,EV_037,2026-04-17,train,1,Backend Engineer,Middle,hybrid,ru,mentoring,online,self,12,1401,1,0,8,0.4166666666666667,0.25,0.16666666666666666,0.16666666666666666,4,0.3333333333333333,0,0.5,90,0.7282608695652174,0,28
R002145,E0006,EV_040,2026-04-20,train,1,Frontend Engineer,Lead,office,kk,workshop,offline,self,4,3016,1,0,11,0.4666666666666667,0.13333333333333333,0.2,0.2,8,0.5,3,0.4,108,0.7,0,20
R002146,E0041,EV_027,2026-04-20,train,0,Product Manager,Senior,office,kk,workshop,online,self,6,941,1,0,9,0.6153846153846154,0.15384615384615385,0.07692307692307693,0.15384615384615385,3,0.6,2,0.75,19,0.6190476190476191,0,49
R002147,E0121,EV_024,2026-04-20,train,1,Data Analyst,Middle,hybrid,ru,course,self_paced,self,30,217,1,0,2,0.5,0.16666666666666666,0.16666666666666666,0.16666666666666666,0,0.5,0,0.5,9,0.45454545454545453,0,45
R002148,E0151,EV_030,2026-04-20,train,1,HR Business Partner,Junior,remote,ru,workshop,online,self,4,221,1,0,3,0.42857142857142855,0.14285714285714285,0.2857142857142857,0.14285714285714285,2,0.75,2,0.75,10,0.75,0,49
R002149,E0033,EV_009,2026-04-21,train,1,Data Analyst,Middle,office,kk,certification,self_paced,self,40,210,1,0,1,0.4,0.2,0.2,0.2,0,0.5,0,0.5,42,0.5909090909090909,0,18
R002150,E0034,EV_020,2026-04-21,train,1,Data Analyst,Junior,office,kk,course,self_paced,self,40,263,1,0,2,0.5,0.16666666666666666,0.16666666666666666,0.16666666666666666,0,0.5,0,0.5,16,0.5555555555555556,0,50
R002151,E0167,EV_028,2026-04-21,train,1,HR Business Partner,Junior,hybrid,kk,workshop,online,self,4,154,1,0,2,0.5,0.16666666666666666,0.16666666666666666,0.16666666666666666,2,0.75,2,0.75,9,0.6363636363636364,0,63
R002152,E0081,EV_008,2026-04-22,train,1,Customer Support Specialist,Middle,hybrid,kk,workshop,online,manager,4,845,1,0,6,0.4,0.3,0.2,0.1,6,0.5,3,0.6,88,0.8,0,51
R002153,E0093,EV_036,2026-04-23,train,1,Customer Support Specialist,Middle,hybrid,kk,meetup,offline,self,2,1331,3,2,10,0.5714285714285714,0.14285714285714285,0.07142857142857142,0.21428571428571427,3,0.6,2,0.5,163,0.6909090909090909,0,13
R002154,E0042,EV_036,2026-04-24,train,1,Frontend Engineer,Junior,hybrid,ru,meetup,offline,self,2,611,2,1,6,0.5,0.2,0.2,0.1,3,0.6,1,0.6666666666666666,164,0.6927710843373494,0,53
R002155,E0144,EV_036,2026-04-24,train,1,Customer Support Specialist,Junior,office,ru,meetup,offline,self,2,585,5,4,9,0.7692307692307693,0.07692307692307693,0.07692307692307693,0.07692307692307693,5,0.8571428571428571,4,0.8333333333333334,164,0.6927710843373494,0,9
R002159,E0026,EV_007,2026-04-27,train,1,Backend Engineer,Senior,hybrid,kk,mentoring,online,self,8,1463,3,2,11,0.5333333333333333,0.2,0.06666666666666667,0.2,5,0.5714285714285714,3,0.4,16,0.5,0,52
R002160,E0172,EV_036,2026-04-27,train,1,HR Business Partner,Senior,remote,ru,meetup,offline,hr,2,2800,1,0,6,0.6,0.2,0.1,0.1,0,0.5,0,0.5,166,0.6964285714285714,0,41
R002161,E0033,EV_040,2026-04-28,train,0,Data Analyst,Middle,office,kk,workshop,offline,manager,4,217,1,0,2,0.5,0.16666666666666666,0.16666666666666666,0.16666666666666666,0,0.5,1,0.6666666666666666,109,0.7027027027027027,0,7
R002162,E0093,EV_036,2026-04-28,train,1,Customer Support Specialist,Middle,hybrid,kk,meetup,offline,self,2,1336,4,3,11,0.6,0.13333333333333333,0.06666666666666667,0.2,4,0.6666666666666666,3,0.6,167,0.6982248520710059,0,5
R002163,E0183,EV_040,2026-04-28,train,0,Frontend Engineer,Middle,office,ru,workshop,offline,manager,4,218,1,0,2,0.5,0.16666666666666666,0.16666666666666666,0.16666666666666666,1,0.6666666666666666,2,0.75,109,0.7027027027027027,0,57
R002164,E0029,EV_037,2026-04-29,train,0,Customer Support Specialist,Senior,hybrid,kk,mentoring,online,manager,12,412,2,1,7,0.6363636363636364,0.18181818181818182,0.09090909090909091,0.09090909090909091,6,0.75,1,0.3333333333333333,91,0.7311827956989247,0,58
R002165,E0031,EV_036,2026-04-29,train,1,Customer Support Specialist,Middle,office,kk,meetup,offline,self,2,343,1,0,4,0.625,0.125,0.125,0.125,0,0.5,0,0.5,168,0.7,0,34
R002166,E0109,EV_036,2026-04-29,train,0,Frontend Engineer,Middle,office,ru,meetup,offline,manager,2,860,1,0,6,0.5,0.2,0.2,0.1,2,0.5,0,0.5,168,0.7,0,58
R002167,E0152,EV_039,2026-04-29,train,1,Sales Manager,Junior,remote,kk,workshop,online,manager,3,134,1,0,0,0.25,0.25,0.25,0.25,0,0.5,0,0.5,79,0.7901234567901234,0,121
R002168,E0166,EV_008,2026-04-29,train,1,Sales Manager,Senior,office,kk,workshop,online,self,4,432,1,0,7,0.7272727272727273,0.09090909090909091,0.09090909090909091,0.09090909090909091,4,0.8333333333333334,3,0.8,89,0.8021978021978022,0,20
R002169,E0036,EV_005,2026-04-30,train,1,Frontend Engineer,Junior,remote,ru,course,online,self,16,304,1,0,2,0.3333333333333333,0.16666666666666666,0.3333333333333333,0.16666666666666666,1,0.6666666666666666,0,0.5,31,0.5151515151515151,0,59
R002170,E0098,EV_040,2026-04-30,train,1,QA Engineer,Middle,hybrid,kk,workshop,offline,self,4,1108,1,0,8,0.4166666666666667,0.4166666666666667,0.08333333333333333,0.08333333333333333,2,0.5,3,0.6,111,0.6902654867256637,0,59
R002171,E0111,EV_036,2026-04-30,train,1,QA Engineer,Middle,office,ru,meetup,offline,self,2,680,1,0,8,0.75,0.08333333333333333,0.08333333333333333,0.08333333333333333,2,0.75,0,0.5,170,0.6976744186046512,0,27
R002172,E0137,EV_005,2026-04-30,train,1,Backend Engineer,Middle,remote,kk,course,online,self,16,437,1,0,4,0.375,0.25,0.25,0.125,1,0.6666666666666666,0,0.5,31,0.5151515151515151,0,29
R002176,E0052,EV_036,2026-05-01,validation,1,HR Business Partner,Middle,office,kk,meetup,offline,manager,2,473,3,2,8,0.5833333333333334,0.16666666666666666,0.16666666666666666,0.08333333333333333,2,0.75,2,0.75,171,0.6994219653179191,0,30
R002180,E0199,EV_023,2026-05-01,validation,1,Data Analyst,Senior,hybrid,ru,workshop,offline,manager,6,2320,1,0,10,0.6428571428571429,0.07142857142857142,0.21428571428571427,0.07142857142857142,1,0.6666666666666666,2,0.5,25,0.7037037037037037,0,60
R002181,E0022,EV_008,2026-05-05,validation,1,Data Analyst,Junior,hybrid,kk,workshop,online,manager,4,133,2,1,2,0.3333333333333333,0.3333333333333333,0.16666666666666666,0.16666666666666666,1,0.3333333333333333,2,0.5,90,0.8043478260869565,0,32
R002182,E0091,EV_018,2026-05-05,validation,0,QA Engineer,Senior,hybrid,kk,course,online,self,24,707,2,1,7,0.6363636363636364,0.18181818181818182,0.09090909090909091,0.09090909090909091,4,0.6666666666666666,2,0.5,15,0.6470588235294118,0,64
R002183,E0004,EV_023,2026-05-06,validation,1,Data Analyst,Middle,office,ru,workshop,offline,manager,6,1658,1,0,2,0.5,0.16666666666666666,0.16666666666666666,0.16666666666666666,1,0.6666666666666666,1,0.6666666666666666,26,0.7142857142857143,0,65
R002184,E0086,EV_039,2026-05-06,validation,0,Customer Support Specialist,Junior,office,kk,workshop,online,manager,3,345,2,1,5,0.5555555555555556,0.1111111111111111,0.1111111111111111,0.2222222222222222,4,0.6666666666666666,4,0.6666666666666666,80,0.7926829268292683,0,65
R002185,E0022,EV_040,2026-05-07,validation,1,Data Analyst,Junior,hybrid,kk,workshop,offline,self,4,135,1,0,3,0.42857142857142855,0.2857142857142857,0.14285714285714285,0.14285714285714285,1,0.6666666666666666,3,0.6,112,0.6929824561403509,0,2
R002186,E0053,EV_019,2026-05-07,validation,1,QA Engineer,Junior,remote,kk,workshop,offline,manager,8,709,6,5,11,0.26666666666666666,0.13333333333333333,0.5333333333333333,0.06666666666666667,8,0.2,9,0.2727272727272727,25,0.4444444444444444,0,36
R002187,E0065,EV_019,2026-05-07,validation,1,QA Engineer,Middle,hybrid,en,workshop,offline,manager,8,1375,1,0,10,0.5714285714285714,0.14285714285714285,0.14285714285714285,0.14285714285714285,3,0.6,5,0.7142857142857143,25,0.4444444444444444,0,66
R002188,E0189,EV_005,2026-05-08,validation,0,QA Engineer,Senior,office,ru,course,online,hr,16,2363,1,0,10,0.6428571428571429,0.14285714285714285,0.14285714285714285,0.07142857142857142,6,0.625,2,0.75,33,0.5428571428571428,0,67
R002189,E0196,EV_005,2026-05-08,validation,1,Backend Engineer,Junior,hybrid,ru,course,online,manager,16,436,1,0,3,0.42857142857142855,0.14285714285714285,0.14285714285714285,0.2857142857142857,1,0.6666666666666666,1,0.3333333333333333,33,0.5428571428571428,0,67
R002190,E0058,EV_005,2026-05-11,validation,1,Backend Engineer,Junior,office,ru,course,online,manager,16,42,1,0,0,0.25,0.25,0.25,0.25,0,0.5,0,0.5,35,0.5405405405405406,0,28
R002191,E0183,EV_016,2026-05-11,validation,0,Frontend Engineer,Middle,office,ru,workshop,online,manager,4,231,1,0,3,0.42857142857142855,0.14285714285714285,0.14285714285714285,0.2857142857142857,1,0.6666666666666666,3,0.6,25,0.7777777777777778,0,13
R002193,E0010,EV_039,2026-05-12,validation,0,Customer Support Specialist,Middle,remote,ru,workshop,online,manager,3,900,1,0,3,0.42857142857142855,0.2857142857142857,0.14285714285714285,0.14285714285714285,2,0.5,2,0.75,81,0.7831325301204819,0,71
R002194,E0037,EV_040,2026-05-13,validation,0,Frontend Engineer,Junior,remote,ru,workshop,offline,manager,4,548,2,1,5,0.4444444444444444,0.1111111111111111,0.3333333333333333,0.1111111111111111,1,0.3333333333333333,3,0.6,113,0.6956521739130435,0,72
R002195,E0050,EV_011,2026-05-13,validation,1,Backend Engineer,Lead,hybrid,ru,workshop,offline,self,6,3396,1,0,9,0.6153846153846154,0.07692307692307693,0.15384615384615385,0.15384615384615385,3,0.6,3,0.6,20,0.6363636363636364,0,72
R002196,E0102,EV_036,2026-05-13,validation,1,Frontend Engineer,Junior,remote,ru,meetup,offline,hr,2,713,2,1,10,0.5,0.07142857142857142,0.2857142857142857,0.14285714285714285,2,0.5,1,0.6666666666666666,172,0.7011494252873564,0,42
R002197,E0163,EV_036,2026-05-13,validation,1,Sales Manager,Middle,office,ru,meetup,offline,self,2,1449,4,3,7,0.5454545454545454,0.09090909090909091,0.09090909090909091,0.2727272727272727,4,0.5,3,0.4,172,0.7011494252873564,0,72
R002198,E0102,EV_013,2026-05-14,validation,1,Frontend Engineer,Junior,remote,ru,course,online,self,12,714,4,3,11,0.5333333333333333,0.06666666666666667,0.26666666666666666,0.13333333333333333,7,0.5555555555555556,5,0.42857142857142855,17,0.5263157894736842,0,1
R002199,E0103,EV_005,2026-05-14,validation,1,QA Engineer,Senior,remote,ru,course,online,self,16,1731,1,0,6,0.5,0.1,0.3,0.1,5,0.7142857142857143,3,0.6,36,0.5526315789473685,0,64
R002200,E0143,EV_036,2026-05-14,validation,1,Customer Support Specialist,Middle,office,kk,meetup,offline,hr,2,1003,2,1,5,0.3333333333333333,0.2222222222222222,0.3333333333333333,0.1111111111111111,2,0.25,1,0.3333333333333333,174,0.7045454545454546,0,73
R002201,E0144,EV_036,2026-05-14,validation,1,Customer Support Specialist,Junior,office,ru,meetup,offline,self,2,605,6,5,10,0.7857142857142857,0.07142857142857142,0.07142857142857142,0.07142857142857142,6,0.875,5,0.8571428571428571,174,0.7045454545454546,0,20
R002202,E0151,EV_028,2026-05-14,validation,1,HR Business Partner,Junior,remote,ru,workshop,online,self,4,245,1,0,4,0.5,0.125,0.25,0.125,3,0.8,3,0.8,10,0.6666666666666666,0,24
R002203,E0019,EV_008,2026-05-15,validation,1,Frontend Engineer,Junior,office,kk,workshop,online,manager,4,410,1,0,5,0.6666666666666666,0.1111111111111111,0.1111111111111111,0.1111111111111111,1,0.6666666666666666,1,0.6666666666666666,91,0.8064516129032258,0,32
R002205,E0092,EV_037,2026-05-15,validation,0,Backend Engineer,Middle,office,en,mentoring,online,manager,12,581,2,1,5,0.3333333333333333,0.3333333333333333,0.2222222222222222,0.1111111111111111,2,0.5,1,0.3333333333333333,92,0.723404255319149,0,39
R002206,E0094,EV_036,2026-05-15,validation,1,Sales Manager,Senior,hybrid,ru,meetup,offline,self,2,1584,1,0,5,0.5555555555555556,0.2222222222222222,0.1111111111111111,0.1111111111111111,0,0.5,0,0.5,176,0.7078651685393258,0,74
R002207,E0190,EV_012,2026-05-15,validation,1,Backend Engineer,Senior,office,kk,course,self_paced,self,24,897,1,0,2,0.3333333333333333,0.3333333333333333,0.16666666666666666,0.16666666666666666,0,0.5,1,0.6666666666666666,27,0.5172413793103449,0,74
R002208,E0200,EV_012,2026-05-15,validation,0,Backend Engineer,Junior,hybrid,ru,course,self_paced,manager,24,305,2,1,2,0.3333333333333333,0.3333333333333333,0.16666666666666666,0.16666666666666666,1,0.3333333333333333,1,0.3333333333333333,27,0.5172413793103449,0,74
R002209,E0073,EV_020,2026-05-18,validation,0,Data Analyst,Senior,office,ru,course,self_paced,hr,40,1358,3,2,9,0.38461538461538464,0.3076923076923077,0.15384615384615385,0.15384615384615385,2,0.25,4,0.5,17,0.5789473684210527,0,35
R002211,E0130,EV_009,2026-05-18,validation,1,QA Engineer,Middle,hybrid,kk,certification,self_paced,hr,40,546,1,0,2,0.5,0.16666666666666666,0.16666666666666666,0.16666666666666666,0,0.5,0,0.5,43,0.6,0,77
R002215,E0144,EV_036,2026-05-18,validation,1,Customer Support Specialist,Junior,office,ru,meetup,offline,manager,2,609,7,6,11,0.8,0.06666666666666667,0.06666666666666667,0.06666666666666667,7,0.8888888888888888,6,0.875,177,0.7094972067039106,0,4
R002219,E0164,EV_009,2026-05-18,validation,1,Backend Engineer,Middle,hybrid,ru,certification,self_paced,self,40,1361,1,0,10,0.6428571428571429,0.14285714285714285,0.14285714285714285,0.07142857142857142,1,0.6666666666666666,0,0.5,43,0.6,0,47
R002221,E0063,EV_038,2026-05-21,validation,0,QA Engineer,Lead,office,kk,course,online,self,16,996,1,0,3,0.42857142857142855,0.2857142857142857,0.14285714285714285,0.14285714285714285,1,0.3333333333333333,0,0.5,59,0.7377049180327869,0,80
R002222,E0123,EV_013,2026-05-21,validation,0,Frontend Engineer,Senior,hybrid,kk,course,online,self,12,1862,1,0,11,0.5333333333333333,0.13333333333333333,0.2,0.13333333333333333,5,0.42857142857142855,2,0.5,18,0.55,0,48
R002223,E0148,EV_036,2026-05-21,validation,1,Sales Manager,Lead,office,kk,meetup,offline,self,2,2102,3,2,9,0.6923076923076923,0.07692307692307693,0.15384615384615385,0.07692307692307693,4,0.8333333333333334,2,0.75,178,0.7111111111111111,0,62
R002224,E0170,EV_036,2026-05-21,validation,1,Frontend Engineer,Middle,hybrid,ru,meetup,offline,self,2,392,2,1,8,0.3333333333333333,0.16666666666666666,0.25,0.25,2,0.5,1,0.3333333333333333,178,0.7111111111111111,0,77
R002225,E0023,EV_036,2026-05-22,validation,1,Backend Engineer,Junior,office,kk,meetup,offline,manager,2,550,3,2,10,0.7142857142857143,0.14285714285714285,0.07142857142857142,0.07142857142857142,6,0.75,2,0.75,180,0.7142857142857143,0,39
R002226,E0105,EV_008,2026-05-22,validation,1,HR Business Partner,Senior,office,kk,workshop,online,hr,4,760,1,0,9,0.6153846153846154,0.23076923076923078,0.07692307692307693,0.07692307692307693,9,0.7272727272727273,7,0.6666666666666666,92,0.8085106382978723,0,42
R002230,E0134,EV_036,2026-05-22,validation,0,Product Manager,Middle,hybrid,ru,meetup,offline,hr,2,1117,2,1,4,0.25,0.25,0.375,0.125,2,0.25,1,0.3333333333333333,180,0.7142857142857143,0,81
R002231,E0155,EV_007,2026-05-22,validation,1,Backend Engineer,Middle,hybrid,kk,mentoring,online,self,8,1068,3,2,4,0.25,0.375,0.25,0.125,3,0.2,2,0.25,17,0.5263157894736842,0,81
R002232,E0192,EV_036,2026-05-22,validation,0,Backend Engineer,Junior,hybrid,ru,meetup,offline,manager,2,527,2,1,8,0.5833333333333334,0.08333333333333333,0.16666666666666666,0.16666666666666666,5,0.5714285714285714,1,0.3333333333333333,180,0.7142857142857143,0,81
R002233,E0199,EV_021,2026-05-22,validation,0,Data Analyst,Senior,hybrid,ru,workshop,online,manager,6,2341,2,1,11,0.6666666666666666,0.06666666666666667,0.2,0.06666666666666667,7,0.6666666666666666,3,0.6,14,0.625,0,21
R002234,E0134,EV_026,2026-05-25,validation,1,Product Manager,Middle,hybrid,ru,workshop,offline,self,8,1120,1,0,5,0.2222222222222222,0.2222222222222222,0.4444444444444444,0.1111111111111111,3,0.2,3,0.4,15,0.8235294117647058,0,3
R002235,E0095,EV_039,2026-05-26,validation,1,HR Business Partner,Middle,office,kk,workshop,online,self,3,1618,1,0,10,0.42857142857142855,0.14285714285714285,0.2857142857142857,0.14285714285714285,9,0.45454545454545453,8,0.4,82,0.7738095238095238,0,49
R002236,E0021,EV_008,2026-05-27,validation,1,Customer Support Specialist,Middle,remote,ru,workshop,online,self,4,622,1,0,8,0.5833333333333334,0.08333333333333333,0.25,0.08333333333333333,5,0.7142857142857143,4,0.6666666666666666,93,0.8105263157894737,0,55
R002237,E0025,EV_039,2026-05-27,validation,0,Data Analyst,Junior,office,kk,workshop,online,manager,3,765,1,0,4,0.5,0.125,0.125,0.25,2,0.75,4,0.6666666666666666,83,0.7764705882352941,0,86
R002238,E0031,EV_040,2026-05-27,validation,0,Customer Support Specialist,Middle,office,kk,workshop,offline,self,4,371,1,0,5,0.6666666666666666,0.1111111111111111,0.1111111111111111,0.1111111111111111,1,0.6666666666666666,2,0.75,114,0.6896551724137931,0,28
R002239,E0044,EV_009,2026-05-27,validation,1,Frontend Engineer,Lead,office,kk,certification,self_paced,manager,40,1318,1,0,10,0.6428571428571429,0.07142857142857142,0.21428571428571427,0.07142857142857142,0,0.5,0,0.5,45,0.6170212765957447,0,49
R002240,E0118,EV_037,2026-05-27,validation,1,Frontend Engineer,Middle,hybrid,ru,mentoring,online,manager,12,1668,1,0,9,0.5384615384615384,0.23076923076923078,0.15384615384615385,0.07692307692307693,6,0.5,0,0.5,93,0.7157894736842105,0,64
R002241,E0180,EV_036,2026-05-27,validation,1,Customer Support Specialist,Lead,hybrid,kk,meetup,offline,self,2,2204,3,2,8,0.75,0.08333333333333333,0.08333333333333333,0.08333333333333333,3,0.8,2,0.75,183,0.7081081081081081,0,78
R002242,E0056,EV_033,2026-05-28,validation,0,Sales Manager,Middle,office,ru,course,online,manager,10,1410,2,1,4,0.5,0.125,0.25,0.125,3,0.6,1,0.3333333333333333,13,0.7333333333333333,0,87
R002243,E0088,EV_008,2026-05-28,validation,1,Backend Engineer,Senior,remote,kk,workshop,online,self,4,2593,1,0,6,0.7,0.1,0.1,0.1,5,0.8571428571428571,1,0.6666666666666666,94,0.8125,0,43
R002244,E0109,EV_011,2026-05-28,validation,1,Frontend Engineer,Middle,office,ru,workshop,offline,self,6,889,1,0,7,0.45454545454545453,0.18181818181818182,0.18181818181818182,0.18181818181818182,3,0.4,4,0.6666666666666666,21,0.6521739130434783,0,29
R002246,E0153,EV_036,2026-05-28,validation,1,Sales Manager,Middle,office,ru,meetup,offline,self,2,1319,5,4,10,0.7142857142857143,0.07142857142857142,0.14285714285714285,0.07142857142857142,6,0.75,4,0.6666666666666666,184,0.7096774193548387,0,41
R002247,E0161,EV_032,2026-05-28,validation,0,Sales Manager,Senior,remote,ru,workshop,offline,manager,8,743,1,0,3,0.2857142857142857,0.2857142857142857,0.2857142857142857,0.14285714285714285,1,0.6666666666666666,1,0.3333333333333333,24,0.7692307692307693,0,87
R002248,E0166,EV_037,2026-05-28,validation,1,Sales Manager,Senior,office,kk,mentoring,online,self,12,461,1,0,8,0.75,0.08333333333333333,0.08333333333333333,0.08333333333333333,5,0.8571428571428571,0,0.5,94,0.71875,0,29
R002249,E0078,EV_035,2026-05-29,validation,1,Customer Support Specialist,Junior,hybrid,kk,course,online,self,16,564,1,0,2,0.5,0.16666666666666666,0.16666666666666666,0.16666666666666666,2,0.75,0,0.5,24,0.7307692307692307,0,50
R002250,E0188,EV_022,2026-05-29,validation,0,Data Analyst,Junior,hybrid,ru,course,online,manager,12,373,1,0,3,0.5714285714285714,0.14285714285714285,0.14285714285714285,0.14285714285714285,2,0.75,1,0.6666666666666666,13,0.7333333333333333,0,88
R002264,E0014,EV_036,2026-06-01,validation,1,HR Business Partner,Lead,office,en,meetup,offline,self,2,2434,1,0,4,0.5,0.25,0.125,0.125,0,0.5,0,0.5,185,0.7112299465240641,0,91
R002358,E0114,EV_035,2026-06-01,validation,1,Customer Support Specialist,Junior,hybrid,en,course,online,hr,16,564,1,0,4,0.5,0.125,0.125,0.25,4,0.6666666666666666,0,0.5,25,0.7407407407407407,0,91
R002426,E0188,EV_036,2026-06-01,validation,1,Data Analyst,Junior,hybrid,ru,meetup,offline,self,2,376,1,0,4,0.5,0.125,0.125,0.25,0,0.5,0,0.5,185,0.7112299465240641,0,3
R002432,E0193,EV_020,2026-06-01,validation,1,Data Analyst,Middle,office,ru,course,self_paced,self,40,1400,2,1,7,0.5454545454545454,0.18181818181818182,0.09090909090909091,0.18181818181818182,1,0.3333333333333333,2,0.5,18,0.55,0,91
R002440,E0022,EV_020,2026-06-02,validation,1,Data Analyst,Junior,hybrid,kk,course,self_paced,self,40,161,1,0,4,0.5,0.25,0.125,0.125,0,0.5,0,0.5,19,0.5714285714285714,0,1
R002441,E0055,EV_036,2026-06-02,validation,1,Product Manager,Lead,hybrid,en,meetup,offline,manager,2,1196,3,2,10,0.7142857142857143,0.07142857142857142,0.14285714285714285,0.07142857142857142,5,0.7142857142857143,2,0.5,187,0.7142857142857143,0,1
R002442,E0088,EV_036,2026-06-02,validation,0,Backend Engineer,Senior,remote,kk,meetup,offline,manager,2,2598,1,0,7,0.7272727272727273,0.09090909090909091,0.09090909090909091,0.09090909090909091,1,0.6666666666666666,0,0.5,187,0.7142857142857143,0,1
R002443,E0105,EV_029,2026-06-02,validation,0,HR Business Partner,Senior,office,kk,course,self_paced,hr,12,771,1,0,10,0.6428571428571429,0.21428571428571427,0.07142857142857142,0.07142857142857142,0,0.5,1,0.6666666666666666,7,0.6666666666666666,0,1
R002444,E0130,EV_008,2026-06-02,validation,1,QA Engineer,Middle,hybrid,kk,workshop,online,manager,4,561,1,0,3,0.5714285714285714,0.14285714285714285,0.14285714285714285,0.14285714285714285,2,0.75,0,0.5,95,0.8144329896907216,0,1
R002446,E0195,EV_022,2026-06-03,validation,0,Product Manager,Middle,office,kk,course,online,self,12,408,1,0,9,0.38461538461538464,0.3076923076923077,0.23076923076923078,0.07692307692307693,7,0.4444444444444444,1,0.3333333333333333,14,0.6875,0,2
R002447,E0034,EV_022,2026-06-04,validation,0,Data Analyst,Junior,office,kk,course,online,self,12,307,1,0,3,0.5714285714285714,0.14285714285714285,0.14285714285714285,0.14285714285714285,0,0.5,1,0.6666666666666666,15,0.6470588235294118,0,3
R002448,E0038,EV_036,2026-06-04,validation,1,Product Manager,Senior,hybrid,kk,meetup,offline,self,2,1441,2,1,5,0.5555555555555556,0.1111111111111111,0.1111111111111111,0.2222222222222222,2,0.75,1,0.6666666666666666,189,0.7120418848167539,0,3
R002449,E0191,EV_033,2026-06-04,validation,1,Sales Manager,Middle,office,ru,course,online,self,10,1542,1,0,6,0.5,0.1,0.2,0.2,3,0.6,0,0.5,14,0.6875,0,3
R002450,E0058,EV_036,2026-06-05,validation,1,Backend Engineer,Junior,office,ru,meetup,offline,manager,2,67,1,0,1,0.4,0.2,0.2,0.2,0,0.5,0,0.5,190,0.7135416666666666,0,25
R002451,E0064,EV_037,2026-06-05,validation,0,Backend Engineer,Senior,office,ru,mentoring,online,manager,12,1689,2,1,4,0.375,0.25,0.25,0.125,2,0.25,1,0.3333333333333333,95,0.7216494845360825,0,4
R002452,E0079,EV_036,2026-06-05,validation,1,Sales Manager,Junior,office,ru,meetup,offline,manager,2,599,4,3,9,0.7692307692307693,0.07692307692307693,0.07692307692307693,0.07692307692307693,5,0.8571428571428571,3,0.8,190,0.7135416666666666,0,4
R002453,E0089,EV_036,2026-06-05,validation,1,Sales Manager,Junior,hybrid,kk,meetup,offline,self,2,186,1,0,0,0.25,0.25,0.25,0.25,0,0.5,0,0.5,190,0.7135416666666666,0,4
R002454,E0029,EV_037,2026-06-08,validation,1,Customer Support Specialist,Senior,hybrid,kk,mentoring,online,self,12,452,3,2,8,0.5833333333333334,0.16666666666666666,0.16666666666666666,0.08333333333333333,7,0.6666666666666666,2,0.25,96,0.7142857142857143,0,7
R002455,E0079,EV_036,2026-06-08,validation,1,Sales Manager,Junior,office,ru,meetup,offline,manager,2,602,5,4,10,0.7857142857142857,0.07142857142857142,0.07142857142857142,0.07142857142857142,6,0.875,4,0.8333333333333334,193,0.717948717948718,0,3
R002456,E0120,EV_037,2026-06-08,validation,1,Frontend Engineer,Senior,hybrid,ru,mentoring,online,self,12,2387,1,0,6,0.6,0.2,0.1,0.1,3,0.8,0,0.5,96,0.7142857142857143,0,7
R002457,E0009,EV_036,2026-06-09,validation,0,Customer Support Specialist,Junior,remote,en,meetup,offline,hr,2,194,1,0,2,0.3333333333333333,0.16666666666666666,0.16666666666666666,0.3333333333333333,0,0.5,0,0.5,194,0.7193877551020408,0,8
R002458,E0105,EV_029,2026-06-09,validation,1,HR Business Partner,Senior,office,kk,course,self_paced,self,12,778,2,1,11,0.6,0.26666666666666666,0.06666666666666667,0.06666666666666667,1,0.3333333333333333,2,0.5,8,0.6,0,7
R002459,E0107,EV_036,2026-06-09,validation,1,Product Manager,Middle,office,ru,meetup,offline,manager,2,1506,2,1,11,0.6666666666666666,0.13333333333333333,0.06666666666666667,0.13333333333333333,5,0.5714285714285714,1,0.6666666666666666,194,0.7193877551020408,0,8
R002460,E0132,EV_025,2026-06-09,validation,1,Data Analyst,Senior,remote,en,course,online,self,10,2503,1,0,5,0.5555555555555556,0.1111111111111111,0.2222222222222222,0.1111111111111111,5,0.7142857142857143,3,0.6,13,0.6666666666666666,0,8
R002461,E0146,EV_023,2026-06-09,validation,1,Data Analyst,Junior,hybrid,ru,workshop,offline,manager,6,78,1,0,0,0.25,0.25,0.25,0.25,0,0.5,0,0.5,27,0.7241379310344828,0,71
R002462,E0168,EV_035,2026-06-09,validation,0,Customer Support Specialist,Middle,remote,kk,course,online,manager,16,1056,1,0,2,0.3333333333333333,0.16666666666666666,0.3333333333333333,0.16666666666666666,1,0.6666666666666666,0,0.5,26,0.75,0,8
R002463,E0029,EV_036,2026-06-10,validation,0,Customer Support Specialist,Senior,hybrid,kk,meetup,offline,self,2,454,1,0,9,0.6153846153846154,0.15384615384615385,0.15384615384615385,0.07692307692307693,1,0.6666666666666666,0,0.5,196,0.7171717171717171,0,2
R002464,E0051,EV_037,2026-06-10,validation,1,Sales Manager,Senior,office,kk,mentoring,online,self,12,1227,1,0,11,0.4666666666666667,0.13333333333333333,0.2,0.2,6,0.75,0,0.5,98,0.72,0,9
R002465,E0065,EV_005,2026-06-10,validation,1,QA Engineer,Middle,hybrid,en,course,online,self,16,1409,1,0,11,0.6,0.13333333333333333,0.13333333333333333,0.13333333333333333,5,0.7142857142857143,1,0.6666666666666666,37,0.5641025641025641,0,9
R002466,E0147,EV_009,2026-06-10,validation,1,Frontend Engineer,Middle,office,ru,certification,self_paced,self,40,744,1,0,8,0.6666666666666666,0.08333333333333333,0.16666666666666666,0.08333333333333333,1,0.6666666666666666,0,0.5,46,0.625,0,9
R002467,E0158,EV_036,2026-06-10,validation,1,Sales Manager,Senior,office,kk,meetup,offline,manager,2,2844,2,1,9,0.5384615384615384,0.07692307692307693,0.15384615384615385,0.23076923076923078,3,0.6,1,0.6666666666666666,196,0.7171717171717171,0,9
R002468,E0034,EV_008,2026-06-11,validation,0,Data Analyst,Junior,office,kk,workshop,online,hr,4,314,1,0,4,0.5,0.25,0.125,0.125,1,0.3333333333333333,2,0.75,96,0.8163265306122449,0,7
R002469,E0102,EV_040,2026-06-11,validation,1,Frontend Engineer,Junior,remote,ru,workshop,offline,manager,4,742,2,1,12,0.5625,0.0625,0.25,0.125,3,0.6,4,0.6666666666666666,115,0.6837606837606838,0,10
R002470,E0041,EV_036,2026-06-12,validation,1,Product Manager,Senior,office,kk,meetup,offline,self,2,994,3,2,10,0.5714285714285714,0.14285714285714285,0.14285714285714285,0.14285714285714285,4,0.8333333333333334,2,0.75,198,0.715,0,11
R002471,E0152,EV_040,2026-06-12,validation,0,Sales Manager,Junior,remote,kk,workshop,offline,self,4,178,1,0,1,0.4,0.2,0.2,0.2,0,0.5,1,0.6666666666666666,116,0.6864406779661016,0,11
R002472,E0169,EV_040,2026-06-12,validation,1,Sales Manager,Lead,office,kk,workshop,offline,hr,4,2235,1,0,11,0.6,0.13333333333333333,0.13333333333333333,0.13333333333333333,7,0.6666666666666666,2,0.75,116,0.6864406779661016,0,11
R002473,E0029,EV_036,2026-06-15,validation,0,Customer Support Specialist,Senior,hybrid,kk,meetup,offline,manager,2,459,2,1,10,0.5714285714285714,0.14285714285714285,0.21428571428571427,0.07142857142857142,2,0.5,1,0.3333333333333333,199,0.7164179104477612,0,5
R002474,E0110,EV_005,2026-06-15,validation,1,QA Engineer,Junior,office,kk,course,online,self,16,48,1,0,0,0.25,0.25,0.25,0.25,0,0.5,0,0.5,38,0.575,0,28
R002475,E0116,EV_020,2026-06-15,validation,1,Product Manager,Middle,office,kk,course,self_paced,self,40,480,1,0,2,0.5,0.16666666666666666,0.16666666666666666,0.16666666666666666,0,0.5,0,0.5,20,0.5909090909090909,0,14
R002476,E0198,EV_036,2026-06-15,validation,1,Sales Manager,Junior,office,ru,meetup,offline,self,2,719,4,3,11,0.6,0.06666666666666667,0.26666666666666666,0.06666666666666667,5,0.7142857142857143,3,0.6,199,0.7164179104477612,0,14
R002477,E0034,EV_008,2026-06-16,validation,1,Data Analyst,Junior,office,kk,workshop,online,manager,4,319,2,1,5,0.4444444444444444,0.3333333333333333,0.1111111111111111,0.1111111111111111,2,0.25,3,0.6,97,0.8080808080808081,0,5
R002478,E0112,EV_036,2026-06-16,validation,0,Customer Support Specialist,Senior,hybrid,ru,meetup,offline,self,2,2360,3,2,11,0.6,0.13333333333333333,0.06666666666666667,0.2,3,0.6,2,0.5,201,0.7142857142857143,0,15
R002479,E0079,EV_036,2026-06-17,validation,0,Sales Manager,Junior,office,ru,meetup,offline,manager,2,611,6,5,11,0.8,0.06666666666666667,0.06666666666666667,0.06666666666666667,7,0.8888888888888888,5,0.8571428571428571,202,0.7107843137254902,0,9
R002480,E0089,EV_032,2026-06-18,validation,1,Sales Manager,Junior,hybrid,kk,workshop,offline,hr,8,199,1,0,1,0.4,0.2,0.2,0.2,1,0.6666666666666666,0,0.5,25,0.7407407407407407,0,13
R002481,E0033,EV_039,2026-06-19,validation,1,Data Analyst,Middle,office,kk,workshop,online,self,3,269,1,0,3,0.42857142857142855,0.14285714285714285,0.14285714285714285,0.2857142857142857,1,0.6666666666666666,2,0.5,84,0.7674418604651163,0,18
R002482,E0124,EV_037,2026-06-19,validation,0,Data Analyst,Middle,office,kk,mentoring,online,manager,12,487,1,0,5,0.4444444444444444,0.1111111111111111,0.2222222222222222,0.2222222222222222,2,0.25,0,0.5,99,0.7227722772277227,0,18
R002483,E0013,EV_037,2026-06-22,validation,1,Backend Engineer,Senior,office,ru,mentoring,online,self,12,2002,1,0,9,0.6153846153846154,0.07692307692307693,0.15384615384615385,0.15384615384615385,4,0.6666666666666666,1,0.6666666666666666,100,0.7156862745098039,0,21
R002484,E0065,EV_036,2026-06-22,validation,1,QA Engineer,Middle,hybrid,en,meetup,offline,hr,2,1421,2,1,12,0.625,0.125,0.125,0.125,4,0.6666666666666666,1,0.3333333333333333,203,0.7073170731707317,0,12
R002488,E0105,EV_036,2026-06-22,validation,1,HR Business Partner,Senior,office,kk,meetup,offline,manager,2,791,1,0,12,0.625,0.25,0.0625,0.0625,0,0.5,0,0.5,203,0.7073170731707317,0,13
R002489,E0137,EV_006,2026-06-22,validation,0,Backend Engineer,Middle,remote,kk,workshop,offline,hr,12,490,1,0,5,0.4444444444444444,0.2222222222222222,0.2222222222222222,0.1111111111111111,2,0.5,1,0.6666666666666666,19,0.6666666666666666,0,21
R002490,E0151,EV_036,2026-06-22,validation,0,HR Business Partner,Junior,remote,ru,meetup,offline,manager,2,284,2,1,5,0.5555555555555556,0.1111111111111111,0.2222222222222222,0.1111111111111111,1,0.3333333333333333,1,0.3333333333333333,203,0.7073170731707317,0,21
R002491,E0175,EV_006,2026-06-22,validation,1,Backend Engineer,Lead,hybrid,kk,workshop,offline,hr,12,3549,1,0,3,0.2857142857142857,0.2857142857142857,0.2857142857142857,0.14285714285714285,1,0.3333333333333333,1,0.3333333333333333,19,0.6666666666666666,0,21
R002492,E0193,EV_025,2026-06-22,validation,0,Data Analyst,Middle,office,ru,course,online,self,10,1421,1,0,8,0.5833333333333334,0.16666666666666666,0.08333333333333333,0.16666666666666666,2,0.75,3,0.6,14,0.6875,0,21
R002493,E0043,EV_011,2026-06-23,validation,1,Frontend Engineer,Senior,hybrid,ru,workshop,offline,self,6,1775,1,0,9,0.7692307692307693,0.07692307692307693,0.07692307692307693,0.07692307692307693,1,0.6666666666666666,2,0.75,22,0.6666666666666666,0,22
R002494,E0150,EV_039,2026-06-23,validation,1,Backend Engineer,Middle,office,ru,workshop,online,manager,3,1086,1,0,10,0.6428571428571429,0.07142857142857142,0.14285714285714285,0.14285714285714285,3,0.8,4,0.8333333333333334,85,0.7701149425287356,0,22
R002495,E0064,EV_038,2026-06-24,validation,0,Backend Engineer,Senior,office,ru,course,online,self,16,1708,2,1,5,0.3333333333333333,0.2222222222222222,0.2222222222222222,0.2222222222222222,3,0.2,1,0.3333333333333333,60,0.7258064516129032,0,19
R002496,E0104,EV_033,2026-06-24,validation,1,Sales Manager,Junior,remote,ru,course,online,self,10,208,1,0,0,0.25,0.25,0.25,0.25,0,0.5,0,0.5,15,0.7058823529411765,0,23
R002497,E0120,EV_039,2026-06-24,validation,1,Frontend Engineer,Senior,hybrid,ru,workshop,online,manager,3,2403,1,0,7,0.6363636363636364,0.18181818181818182,0.09090909090909091,0.09090909090909091,4,0.8333333333333334,1,0.3333333333333333,86,0.7727272727272727,0,16
R002498,E0115,EV_005,2026-06-25,validation,1,Frontend Engineer,Junior,hybrid,ru,course,online,manager,16,498,1,0,8,0.5,0.25,0.16666666666666666,0.08333333333333333,5,0.42857142857142855,4,0.6666666666666666,39,0.5853658536585366,0,24
R002499,E0061,EV_025,2026-06-26,validation,1,Data Analyst,Lead,remote,kk,course,online,self,10,1075,1,0,5,0.3333333333333333,0.1111111111111111,0.3333333333333333,0.2222222222222222,1,0.6666666666666666,2,0.75,15,0.6470588235294118,0,25
R002503,E0148,EV_036,2026-06-29,validation,1,Sales Manager,Lead,office,kk,meetup,offline,manager,2,2141,4,3,10,0.7142857142857143,0.07142857142857142,0.14285714285714285,0.07142857142857142,5,0.8571428571428571,3,0.8,206,0.7067307692307693,0,28
R002504,E0187,EV_020,2026-06-29,validation,0,Data Analyst,Junior,office,ru,course,self_paced,manager,40,826,1,0,8,0.5,0.16666666666666666,0.16666666666666666,0.16666666666666666,1,0.3333333333333333,2,0.5,21,0.6086956521739131,0,28
R002505,E0053,EV_036,2026-06-30,validation,0,QA Engineer,Junior,remote,kk,meetup,offline,self,2,763,1,0,12,0.3125,0.125,0.5,0.0625,9,0.2727272727272727,0,0.5,207,0.7081339712918661,0,29
R002506,E0061,EV_009,2026-06-30,validation,1,Data Analyst,Lead,remote,kk,certification,self_paced,self,40,1079,2,1,6,0.4,0.1,0.3,0.2,2,0.5,1,0.3333333333333333,47,0.6326530612244898,0,4
R002507,E0118,EV_036,2026-06-30,validation,1,Frontend Engineer,Middle,hybrid,ru,meetup,offline,hr,2,1702,2,1,10,0.5714285714285714,0.21428571428571427,0.14285714285714285,0.07142857142857142,2,0.75,1,0.6666666666666666,207,0.7081339712918661,0,29
R002508,E0154,EV_036,2026-06-30,validation,0,Frontend Engineer,Middle,office,ru,meetup,offline,manager,2,1049,3,2,8,0.5833333333333334,0.08333333333333333,0.16666666666666666,0.16666666666666666,4,0.5,2,0.5,207,0.7081339712918661,0,29
R002509,E0163,EV_039,2026-06-30,validation,1,Sales Manager,Middle,office,ru,workshop,online,manager,3,1497,1,0,8,0.5833333333333334,0.08333333333333333,0.08333333333333333,0.25,3,0.8,2,0.75,87,0.7752808988764045,0,29
R002510,E0200,EV_011,2026-06-30,validation,0,Backend Engineer,Junior,hybrid,ru,workshop,offline,self,6,351,1,0,3,0.2857142857142857,0.2857142857142857,0.14285714285714285,0.2857142857142857,0,0.5,1,0.6666666666666666,23,0.68,0,29
R002512,E0092,EV_011,2026-07-01,validation,1,Backend Engineer,Middle,office,en,workshop,offline,self,6,628,1,0,6,0.3,0.3,0.2,0.2,1,0.6666666666666666,1,0.6666666666666666,24,0.6538461538461539,0,30
R002513,E0153,EV_036,2026-07-01,validation,0,Sales Manager,Middle,office,ru,meetup,offline,manager,2,1353,6,5,11,0.7333333333333333,0.06666666666666667,0.13333333333333333,0.06666666666666667,7,0.7777777777777778,5,0.7142857142857143,210,0.7028301886792453,0,30
R002514,E0091,EV_038,2026-07-02,validation,1,QA Engineer,Senior,hybrid,kk,course,online,self,16,765,1,0,8,0.5833333333333334,0.25,0.08333333333333333,0.08333333333333333,5,0.5714285714285714,3,0.4,61,0.7142857142857143,0,31
R002515,E0177,EV_034,2026-07-02,validation,0,Customer Support Specialist,Middle,office,ru,workshop,online,self,4,689,2,1,5,0.2222222222222222,0.2222222222222222,0.3333333333333333,0.2222222222222222,4,0.3333333333333333,3,0.2,55,0.7192982456140351,0,31
R002516,E0026,EV_040,2026-07-03,validation,1,Backend Engineer,Senior,hybrid,kk,workshop,offline,self,4,1530,1,0,12,0.5625,0.1875,0.0625,0.1875,3,0.8,2,0.75,118,0.6833333333333333,0,32
R002517,E0088,EV_012,2026-07-03,validation,1,Backend Engineer,Senior,remote,kk,course,self_paced,self,24,2629,1,0,8,0.6666666666666666,0.08333333333333333,0.16666666666666666,0.08333333333333333,0,0.5,4,0.8333333333333334,29,0.5161290322580645,0,31
R002518,E0137,EV_025,2026-07-03,validation,0,Backend Engineer,Middle,remote,kk,course,online,manager,10,501,1,0,6,0.4,0.2,0.3,0.1,2,0.75,1,0.6666666666666666,16,0.6666666666666666,0,11
R002519,E0147,EV_017,2026-07-03,validation,0,Frontend Engineer,Middle,office,ru,course,online,manager,16,767,1,0,9,0.6923076923076923,0.07692307692307693,0.15384615384615385,0.07692307692307693,3,0.8,1,0.6666666666666666,14,0.5,0,23
R002520,E0162,EV_025,2026-07-03,validation,0,Data Analyst,Middle,hybrid,kk,course,online,manager,10,900,1,0,9,0.6923076923076923,0.07692307692307693,0.15384615384615385,0.07692307692307693,3,0.8,2,0.75,16,0.6666666666666666,0,32
R002521,E0035,EV_037,2026-07-06,validation,0,Customer Support Specialist,Lead,hybrid,ru,mentoring,online,manager,12,1775,2,1,10,0.5714285714285714,0.07142857142857142,0.21428571428571427,0.14285714285714285,8,0.6,1,0.3333333333333333,101,0.7184466019417476,0,35
R002522,E0090,EV_040,2026-07-06,validation,1,Data Analyst,Middle,office,ru,workshop,offline,self,4,377,1,0,1,0.4,0.2,0.2,0.2,1,0.6666666666666666,0,0.5,119,0.6859504132231405,0,35
R002523,E0130,EV_019,2026-07-06,validation,1,QA Engineer,Middle,hybrid,kk,workshop,offline,self,8,595,1,0,4,0.625,0.125,0.125,0.125,0,0.5,1,0.6666666666666666,27,0.4827586206896552,0,34
R002524,E0140,EV_009,2026-07-06,validation,1,Backend Engineer,Middle,office,ru,certification,self_paced,hr,40,745,1,0,12,0.4375,0.375,0.0625,0.125,2,0.25,0,0.5,48,0.64,0,35
R002525,E0043,EV_039,2026-07-07,validation,1,Frontend Engineer,Senior,hybrid,ru,workshop,online,self,3,1789,1,0,10,0.7857142857142857,0.07142857142857142,0.07142857142857142,0.07142857142857142,6,0.875,3,0.8,88,0.7777777777777778,0,14
R002526,E0134,EV_036,2026-07-07,validation,0,Product Manager,Middle,hybrid,ru,meetup,offline,manager,2,1163,3,2,6,0.3,0.2,0.4,0.1,4,0.3333333333333333,2,0.25,211,0.6995305164319249,0,36
R002527,E0147,EV_036,2026-07-07,validation,1,Frontend Engineer,Middle,office,ru,meetup,offline,self,2,771,2,1,10,0.6428571428571429,0.14285714285714285,0.14285714285714285,0.07142857142857142,4,0.6666666666666666,1,0.3333333333333333,211,0.6995305164319249,0,4
R002528,E0065,EV_036,2026-07-08,validation,0,QA Engineer,Middle,hybrid,en,meetup,offline,manager,2,1437,3,2,13,0.6470588235294118,0.11764705882352941,0.11764705882352941,0.11764705882352941,5,0.7142857142857143,2,0.5,213,0.6976744186046512,0,16
R002529,E0135,EV_005,2026-07-08,validation,1,Backend Engineer,Junior,remote,kk,course,online,self,16,55,1,0,0,0.25,0.25,0.25,0.25,0,0.5,0,0.5,40,0.5952380952380952,0,35
R002530,E0178,EV_010,2026-07-08,validation,1,Backend Engineer,Middle,remote,kk,course,online,hr,20,198,1,0,1,0.2,0.2,0.4,0.2,1,0.3333333333333333,1,0.3333333333333333,17,0.6842105263157895,0,37
R002531,E0184,EV_008,2026-07-08,validation,1,Backend Engineer,Middle,office,ru,workshop,online,manager,4,616,1,0,5,0.2222222222222222,0.4444444444444444,0.1111111111111111,0.2222222222222222,3,0.4,0,0.5,98,0.81,0,37
R002532,E0089,EV_039,2026-07-09,validation,1,Sales Manager,Junior,hybrid,kk,workshop,online,manager,3,220,1,0,2,0.5,0.16666666666666666,0.16666666666666666,0.16666666666666666,0,0.5,1,0.6666666666666666,89,0.7802197802197802,0,21
R002533,E0190,EV_038,2026-07-09,validation,1,Backend Engineer,Senior,office,kk,course,online,manager,16,952,1,0,3,0.42857142857142855,0.2857142857142857,0.14285714285714285,0.14285714285714285,1,0.6666666666666666,2,0.75,62,0.71875,0,38
R002534,E0080,EV_037,2026-07-10,validation,0,Data Analyst,Senior,hybrid,ru,mentoring,online,hr,12,2886,1,0,10,0.35714285714285715,0.35714285714285715,0.14285714285714285,0.14285714285714285,4,0.6666666666666666,0,0.5,102,0.7115384615384616,0,39
R002535,E0093,EV_036,2026-07-10,validation,1,Customer Support Specialist,Middle,hybrid,kk,meetup,offline,self,2,1409,5,4,12,0.625,0.125,0.0625,0.1875,5,0.7142857142857143,4,0.6666666666666666,214,0.6944444444444444,0,39
R002536,E0181,EV_022,2026-07-10,validation,0,Product Manager,Senior,office,ru,course,online,self,12,529,1,0,8,0.4166666666666667,0.16666666666666666,0.25,0.16666666666666666,6,0.375,2,0.25,16,0.6111111111111112,0,39
R002537,E0184,EV_040,2026-07-13,validation,0,Backend Engineer,Middle,office,ru,workshop,offline,manager,4,621,1,0,6,0.3,0.4,0.1,0.2,0,0.5,1,0.6666666666666666,120,0.6885245901639344,0,5
R002538,E0041,EV_008,2026-07-14,validation,1,Product Manager,Senior,office,kk,workshop,online,self,4,1026,1,0,11,0.6,0.13333333333333333,0.13333333333333333,0.13333333333333333,4,0.5,3,0.6,99,0.8118811881188119,0,32
R002539,E0072,EV_018,2026-07-14,validation,0,QA Engineer,Middle,office,ru,course,online,manager,24,820,2,1,3,0.14285714285714285,0.42857142857142855,0.14285714285714285,0.2857142857142857,2,0.25,1,0.3333333333333333,16,0.6111111111111112,0,43
R002540,E0118,EV_017,2026-07-14,validation,1,Frontend Engineer,Middle,hybrid,ru,course,online,self,16,1716,2,1,11,0.6,0.2,0.13333333333333333,0.06666666666666667,7,0.5555555555555556,5,0.42857142857142855,15,0.47058823529411764,0,14
R002541,E0129,EV_033,2026-07-14,validation,1,Sales Manager,Middle,hybrid,kk,course,online,self,10,181,1,0,3,0.42857142857142855,0.14285714285714285,0.14285714285714285,0.2857142857142857,1,0.3333333333333333,0,0.5,16,0.7222222222222222,0,43
R002542,E0165,EV_022,2026-07-14,validation,1,Product Manager,Junior,office,ru,course,online,manager,12,683,1,0,12,0.5625,0.25,0.125,0.0625,2,0.75,0,0.5,17,0.5789473684210527,0,43
R002543,E0186,EV_007,2026-07-14,validation,1,Backend Engineer,Middle,hybrid,ru,mentoring,online,self,8,1489,1,0,9,0.46153846153846156,0.23076923076923078,0.15384615384615385,0.15384615384615385,5,0.42857142857142855,1,0.6666666666666666,18,0.55,0,43
R002544,E0111,EV_011,2026-07-15,validation,1,QA Engineer,Middle,office,ru,workshop,offline,manager,6,756,1,0,9,0.7692307692307693,0.07692307692307693,0.07692307692307693,0.07692307692307693,3,0.8,4,0.8333333333333334,25,0.6666666666666666,0,44
R002545,E0139,EV_037,2026-07-15,validation,0,Customer Support Specialist,Senior,office,kk,mentoring,online,self,12,477,1,0,5,0.4444444444444444,0.1111111111111111,0.2222222222222222,0.2222222222222222,4,0.5,0,0.5,103,0.7047619047619048,0,44
R002546,E0154,EV_014,2026-07-15,validation,1,Frontend Engineer,Middle,office,ru,workshop,offline,manager,8,1064,1,0,9,0.5384615384615384,0.07692307692307693,0.15384615384615385,0.23076923076923078,5,0.42857142857142855,3,0.6,9,0.7272727272727273,0,15
R002547,E0024,EV_034,2026-07-17,validation,1,Customer Support Specialist,Junior,office,kk,workshop,online,manager,4,84,1,0,0,0.25,0.25,0.25,0.25,0,0.5,0,0.5,56,0.7068965517241379,0,63
R002548,E0035,EV_036,2026-07-17,validation,0,Customer Support Specialist,Lead,hybrid,ru,meetup,offline,self,2,1786,2,1,11,0.5333333333333333,0.06666666666666667,0.26666666666666666,0.13333333333333333,2,0.75,1,0.6666666666666666,215,0.695852534562212,0,11
R002549,E0065,EV_036,2026-07-17,validation,1,QA Engineer,Middle,hybrid,en,meetup,offline,manager,2,1446,4,3,14,0.6111111111111112,0.1111111111111111,0.1111111111111111,0.16666666666666666,6,0.625,3,0.4,215,0.695852534562212,0,9
R002551,E0028,EV_039,2026-07-20,validation,1,Backend Engineer,Middle,hybrid,kk,workshop,online,self,3,1519,1,0,8,0.4166666666666667,0.3333333333333333,0.16666666666666666,0.08333333333333333,3,0.4,2,0.75,90,0.782608695652174,0,49
R002552,E0040,EV_011,2026-07-20,validation,0,Backend Engineer,Junior,office,ru,workshop,offline,manager,6,402,1,0,4,0.5,0.125,0.25,0.125,2,0.5,1,0.3333333333333333,26,0.6785714285714286,0,49
R002553,E0098,EV_037,2026-07-20,validation,1,QA Engineer,Middle,hybrid,kk,mentoring,online,manager,12,1189,1,0,9,0.46153846153846156,0.38461538461538464,0.07692307692307693,0.07692307692307693,4,0.6666666666666666,0,0.5,104,0.6981132075471698,0,49
R002554,E0055,EV_036,2026-07-21,validation,1,Product Manager,Lead,hybrid,en,meetup,offline,self,2,1245,4,3,11,0.7333333333333333,0.06666666666666667,0.13333333333333333,0.06666666666666667,6,0.75,3,0.6,217,0.6940639269406392,0,49
R002555,E0109,EV_017,2026-07-21,validation,0,Frontend Engineer,Middle,office,ru,course,online,self,16,943,1,0,8,0.5,0.16666666666666666,0.16666666666666666,0.16666666666666666,4,0.6666666666666666,1,0.3333333333333333,16,0.5,0,50
R002556,E0007,EV_019,2026-07-23,validation,1,Backend Engineer,Senior,office,kk,workshop,offline,self,8,2827,1,0,8,0.5833333333333334,0.08333333333333333,0.16666666666666666,0.16666666666666666,2,0.5,2,0.5,28,0.5,0,52
R002557,E0014,EV_008,2026-07-23,validation,0,HR Business Partner,Lead,office,en,workshop,online,manager,4,2486,1,0,5,0.5555555555555556,0.2222222222222222,0.1111111111111111,0.1111111111111111,3,0.8,3,0.8,100,0.8137254901960784,0,52
R002558,E0056,EV_032,2026-07-23,validation,1,Sales Manager,Middle,office,ru,workshop,offline,self,8,1466,1,0,5,0.4444444444444444,0.1111111111111111,0.2222222222222222,0.2222222222222222,1,0.6666666666666666,1,0.6666666666666666,26,0.75,0,52
R002559,E0062,EV_036,2026-07-23,validation,0,Sales Manager,Middle,office,ru,meetup,offline,hr,2,1492,2,1,8,0.6666666666666666,0.08333333333333333,0.16666666666666666,0.08333333333333333,3,0.6,1,0.3333333333333333,218,0.6954545454545454,0,52
R002560,E0087,EV_037,2026-07-23,validation,1,Backend Engineer,Middle,office,ru,mentoring,online,manager,12,464,1,0,2,0.3333333333333333,0.3333333333333333,0.16666666666666666,0.16666666666666666,0,0.5,0,0.5,105,0.7009345794392523,0,52
R002561,E0103,EV_011,2026-07-23,validation,0,QA Engineer,Senior,remote,ru,workshop,offline,self,6,1801,1,0,7,0.5454545454545454,0.09090909090909091,0.2727272727272727,0.09090909090909091,1,0.3333333333333333,3,0.6,27,0.6551724137931034,0,52
R002562,E0107,EV_040,2026-07-23,validation,1,Product Manager,Middle,office,ru,workshop,offline,self,4,1550,2,1,12,0.6875,0.125,0.0625,0.125,6,0.625,7,0.6666666666666666,121,0.6829268292682927,0,44
R002566,E0154,EV_040,2026-07-23,validation,0,Frontend Engineer,Middle,office,ru,workshop,offline,self,4,1072,2,1,10,0.5714285714285714,0.07142857142857142,0.14285714285714285,0.21428571428571427,6,0.5,4,0.6666666666666666,121,0.6829268292682927,0,8
R002567,E0067,EV_036,2026-07-24,validation,1,Frontend Engineer,Middle,hybrid,ru,meetup,offline,manager,2,646,2,1,8,0.75,0.08333333333333333,0.08333333333333333,0.08333333333333333,3,0.8,1,0.6666666666666666,219,0.6923076923076923,0,53
R002568,E0035,EV_037,2026-07-27,validation,1,Customer Support Specialist,Lead,hybrid,ru,mentoring,online,manager,12,1796,3,2,12,0.5,0.0625,0.3125,0.125,9,0.5454545454545454,2,0.25,106,0.7037037037037037,0,10
R002569,E0053,EV_011,2026-07-27,validation,0,QA Engineer,Junior,remote,kk,workshop,offline,manager,6,790,1,0,13,0.29411764705882354,0.11764705882352941,0.5294117647058824,0.058823529411764705,10,0.25,10,0.3333333333333333,28,0.6333333333333333,0,27
R002570,E0062,EV_036,2026-07-27,validation,0,Sales Manager,Middle,office,ru,meetup,offline,manager,2,1496,3,2,9,0.6153846153846154,0.07692307692307693,0.15384615384615385,0.15384615384615385,4,0.5,2,0.25,220,0.6936936936936937,0,4
R002571,E0070,EV_040,2026-07-27,validation,1,Customer Support Specialist,Senior,hybrid,kk,workshop,offline,self,4,1335,1,0,5,0.5555555555555556,0.1111111111111111,0.1111111111111111,0.2222222222222222,0,0.5,2,0.75,123,0.68,0,56
R002572,E0087,EV_006,2026-07-27,validation,1,Backend Engineer,Middle,office,ru,workshop,offline,self,12,468,2,1,3,0.42857142857142855,0.2857142857142857,0.14285714285714285,0.14285714285714285,1,0.3333333333333333,1,0.3333333333333333,21,0.6521739130434783,0,4
R002573,E0093,EV_036,2026-07-27,validation,1,Customer Support Specialist,Middle,hybrid,kk,meetup,offline,hr,2,1426,6,5,13,0.6470588235294118,0.11764705882352941,0.058823529411764705,0.17647058823529413,6,0.75,5,0.7142857142857143,220,0.6936936936936937,0,17
R002574,E0172,EV_037,2026-07-27,validation,1,HR Business Partner,Senior,remote,ru,mentoring,online,self,12,2891,1,0,7,0.6363636363636364,0.18181818181818182,0.09090909090909091,0.09090909090909091,5,0.7142857142857143,0,0.5,106,0.7037037037037037,0,56
R002575,E0080,EV_008,2026-07-28,validation,0,Data Analyst,Senior,hybrid,ru,workshop,online,manager,4,2904,1,0,11,0.3333333333333333,0.3333333333333333,0.2,0.13333333333333333,5,0.5714285714285714,2,0.75,101,0.8058252427184466,0,18
R002576,E0187,EV_040,2026-07-28,validation,1,Data Analyst,Junior,office,ru,workshop,offline,manager,4,855,1,0,9,0.46153846153846156,0.23076923076923078,0.15384615384615385,0.15384615384615385,2,0.5,5,0.7142857142857143,124,0.6825396825396826,0,29
R002577,E0194,EV_038,2026-07-28,validation,0,Frontend Engineer,Senior,remote,ru,course,online,manager,16,1840,2,1,6,0.5,0.2,0.2,0.1,5,0.5714285714285714,2,0.5,63,0.7230769230769231,0,57
R002578,E0029,EV_036,2026-07-29,validation,0,Customer Support Specialist,Senior,hybrid,kk,meetup,offline,self,2,503,3,2,11,0.5333333333333333,0.13333333333333333,0.2,0.13333333333333333,3,0.4,2,0.25,222,0.6919642857142857,0,44
R002579,E0072,EV_040,2026-07-29,validation,0,QA Engineer,Middle,office,ru,workshop,offline,hr,4,835,2,1,4,0.125,0.5,0.125,0.25,1,0.3333333333333333,1,0.3333333333333333,125,0.6850393700787402,0,15
R002580,E0100,EV_027,2026-07-29,validation,1,Product Manager,Junior,office,ru,workshop,online,self,6,618,2,1,4,0.25,0.5,0.125,0.125,1,0.3333333333333333,4,0.3333333333333333,20,0.5909090909090909,0,58
R002581,E0184,EV_010,2026-07-29,validation,1,Backend Engineer,Middle,office,ru,course,online,self,20,637,3,2,7,0.2727272727272727,0.36363636363636365,0.09090909090909091,0.2727272727272727,4,0.5,3,0.4,18,0.7,0,16
R002582,E0032,EV_022,2026-07-30,validation,1,Data Analyst,Junior,hybrid,kk,course,online,manager,12,742,1,0,5,0.4444444444444444,0.2222222222222222,0.2222222222222222,0.1111111111111111,1,0.6666666666666666,2,0.5,18,0.6,0,59
R002583,E0048,EV_020,2026-07-30,validation,1,Data Analyst,Middle,hybrid,kk,course,self_paced,self,40,615,1,0,6,0.5,0.2,0.1,0.2,2,0.5,1,0.6666666666666666,22,0.5833333333333334,0,59
R002584,E0091,EV_005,2026-07-30,validation,1,QA Engineer,Senior,hybrid,kk,course,online,self,16,793,1,0,9,0.6153846153846154,0.23076923076923078,0.07692307692307693,0.07692307692307693,6,0.625,4,0.5,41,0.6046511627906976,0,28
R002585,E0092,EV_012,2026-07-30,validation,0,Backend Engineer,Middle,office,en,course,self_paced,manager,24,657,3,2,7,0.36363636363636365,0.2727272727272727,0.18181818181818182,0.18181818181818182,2,0.25,3,0.4,30,0.53125,0,29
R002586,E0109,EV_014,2026-07-30,validation,1,Frontend Engineer,Middle,office,ru,workshop,offline,self,8,952,2,1,9,0.46153846153846156,0.23076923076923078,0.15384615384615385,0.15384615384615385,4,0.5,5,0.7142857142857143,10,0.75,0,9
R002587,E0110,EV_019,2026-07-30,validation,1,QA Engineer,Junior,office,kk,workshop,offline,manager,8,93,1,0,1,0.4,0.2,0.2,0.2,0,0.5,0,0.5,29,0.5161290322580645,0,45
R002588,E0156,EV_019,2026-07-30,validation,1,QA Engineer,Junior,hybrid,kk,workshop,offline,manager,8,191,1,0,1,0.4,0.2,0.2,0.2,1,0.6666666666666666,1,0.6666666666666666,29,0.5161290322580645,0,59
R002589,E0157,EV_040,2026-07-30,validation,1,QA Engineer,Junior,remote,kk,workshop,offline,hr,4,290,1,0,4,0.5,0.125,0.25,0.125,1,0.3333333333333333,2,0.75,126,0.6796875,0,59
R002590,E0181,EV_036,2026-07-30,validation,1,Product Manager,Senior,office,ru,meetup,offline,hr,2,549,1,0,9,0.38461538461538464,0.15384615384615385,0.3076923076923077,0.15384615384615385,2,0.75,0,0.5,223,0.6888888888888889,0,20
R002591,E0090,EV_012,2026-08-03,validation,1,Data Analyst,Middle,office,ru,course,self_paced,manager,24,405,1,0,2,0.5,0.16666666666666666,0.16666666666666666,0.16666666666666666,0,0.5,0,0.5,31,0.5151515151515151,0,28
R002593,E0133,EV_031,2026-08-03,validation,0,HR Business Partner,Lead,office,ru,workshop,online,hr,6,2537,1,0,11,0.6666666666666666,0.2,0.06666666666666667,0.06666666666666667,8,0.8,7,0.7777777777777778,11,0.5384615384615384,0,63
R002597,E0002,EV_019,2026-08-04,validation,0,Backend Engineer,Middle,remote,ru,workshop,offline,self,8,1197,2,1,7,0.45454545454545453,0.36363636363636365,0.09090909090909091,0.09090909090909091,1,0.3333333333333333,2,0.5,31,0.5454545454545454,0,64
R002598,E0063,EV_038,2026-08-04,validation,0,QA Engineer,Lead,office,kk,course,online,manager,16,1071,2,1,4,0.375,0.375,0.125,0.125,2,0.25,1,0.3333333333333333,64,0.7121212121212122,0,64
R002599,E0080,EV_024,2026-08-04,validation,1,Data Analyst,Senior,hybrid,ru,course,self_paced,self,30,2911,4,3,12,0.3125,0.3125,0.25,0.125,5,0.14285714285714285,8,0.3,10,0.5,0,7
R002600,E0111,EV_036,2026-08-04,validation,1,QA Engineer,Middle,office,ru,meetup,offline,self,2,776,2,1,10,0.7857142857142857,0.07142857142857142,0.07142857142857142,0.07142857142857142,4,0.8333333333333334,1,0.6666666666666666,224,0.6902654867256637,0,20
R002601,E0187,EV_036,2026-08-04,validation,1,Data Analyst,Junior,office,ru,meetup,offline,self,2,862,2,1,10,0.5,0.21428571428571427,0.14285714285714285,0.14285714285714285,3,0.6,1,0.3333333333333333,224,0.6902654867256637,0,7
R002602,E0036,EV_008,2026-08-05,validation,0,Frontend Engineer,Junior,remote,ru,workshop,online,manager,4,401,1,0,3,0.42857142857142855,0.14285714285714285,0.2857142857142857,0.14285714285714285,2,0.75,2,0.5,102,0.7980769230769231,0,65
R002603,E0035,EV_036,2026-08-06,validation,1,Customer Support Specialist,Lead,hybrid,ru,meetup,offline,self,2,1806,3,2,13,0.5294117647058824,0.058823529411764705,0.29411764705882354,0.11764705882352941,3,0.6,2,0.5,226,0.6929824561403509,0,10
R002604,E0058,EV_019,2026-08-06,validation,1,Backend Engineer,Junior,office,ru,workshop,offline,self,8,129,1,0,2,0.5,0.16666666666666666,0.16666666666666666,0.16666666666666666,1,0.6666666666666666,0,0.5,32,0.5294117647058824,0,62
R002605,E0120,EV_008,2026-08-06,validation,1,Frontend Engineer,Senior,hybrid,ru,workshop,online,manager,4,2446,1,0,8,0.6666666666666666,0.16666666666666666,0.08333333333333333,0.08333333333333333,5,0.8571428571428571,2,0.5,103,0.7904761904761904,0,43
R002606,E0182,EV_009,2026-08-06,validation,1,Frontend Engineer,Middle,office,ru,certification,self_paced,hr,40,783,1,0,6,0.5,0.1,0.2,0.2,0,0.5,0,0.5,49,0.6470588235294118,0,66
R002607,E0184,EV_011,2026-08-06,validation,0,Backend Engineer,Middle,office,ru,workshop,offline,self,6,645,1,0,8,0.3333333333333333,0.3333333333333333,0.08333333333333333,0.25,1,0.3333333333333333,2,0.5,29,0.6129032258064516,0,8
R002608,E0027,EV_028,2026-08-07,validation,0,HR Business Partner,Middle,remote,ru,workshop,online,self,4,507,2,1,6,0.6,0.2,0.1,0.1,4,0.6666666666666666,3,0.6,11,0.6923076923076923,0,67
R002609,E0047,EV_040,2026-08-07,validation,0,Backend Engineer,Middle,office,ru,workshop,offline,self,4,1324,1,0,15,0.47368421052631576,0.2631578947368421,0.15789473684210525,0.10526315789473684,5,0.42857142857142855,7,0.4444444444444444,127,0.6821705426356589,0,67
R002610,E0132,EV_021,2026-08-07,validation,1,Data Analyst,Senior,remote,en,workshop,online,self,6,2562,1,0,6,0.6,0.1,0.2,0.1,6,0.75,1,0.6666666666666666,15,0.5882352941176471,0,59
R002611,E0135,EV_012,2026-08-07,validation,1,Backend Engineer,Junior,remote,kk,course,self_paced,self,24,85,1,0,1,0.4,0.2,0.2,0.2,0,0.5,1,0.6666666666666666,32,0.5294117647058824,0,30
R002612,E0172,EV_028,2026-08-07,validation,1,HR Business Partner,Senior,remote,ru,workshop,online,self,4,2902,1,0,8,0.6666666666666666,0.16666666666666666,0.08333333333333333,0.08333333333333333,6,0.75,4,0.6666666666666666,11,0.6923076923076923,0,11
R002613,E0200,EV_040,2026-08-07,validation,0,Backend Engineer,Junior,hybrid,ru,workshop,offline,self,4,389,1,0,4,0.25,0.375,0.125,0.25,1,0.3333333333333333,2,0.5,127,0.6821705426356589,0,38
R002614,E0162,EV_040,2026-08-10,validation,1,Data Analyst,Middle,hybrid,kk,workshop,offline,hr,4,938,1,0,10,0.6428571428571429,0.07142857142857142,0.14285714285714285,0.14285714285714285,4,0.6666666666666666,3,0.8,129,0.6717557251908397,0,38
R002615,E0169,EV_036,2026-08-10,validation,1,Sales Manager,Lead,office,kk,meetup,offline,manager,2,2294,8,7,12,0.625,0.125,0.125,0.125,8,0.7,7,0.6666666666666666,227,0.6943231441048034,0,59
R002616,E0192,EV_012,2026-08-10,validation,1,Backend Engineer,Junior,hybrid,ru,course,self_paced,self,24,607,1,0,9,0.5384615384615384,0.07692307692307693,0.23076923076923078,0.15384615384615385,0,0.5,1,0.6666666666666666,33,0.5428571428571428,0,70
R002617,E0050,EV_008,2026-08-11,validation,1,Backend Engineer,Lead,hybrid,ru,workshop,online,self,4,3486,2,1,10,0.6428571428571429,0.07142857142857142,0.14285714285714285,0.14285714285714285,5,0.7142857142857143,4,0.6666666666666666,104,0.7924528301886793,0,71
R002618,E0145,EV_011,2026-08-11,validation,1,QA Engineer,Senior,office,kk,workshop,offline,manager,6,1034,1,0,5,0.3333333333333333,0.2222222222222222,0.2222222222222222,0.2222222222222222,3,0.4,4,0.5,30,0.59375,0,71
R002619,E0187,EV_020,2026-08-12,validation,0,Data Analyst,Junior,office,ru,course,self_paced,self,40,870,2,1,11,0.5333333333333333,0.2,0.13333333333333333,0.13333333333333333,2,0.25,3,0.4,23,0.6,0,8
R002620,E0004,EV_009,2026-08-13,validation,1,Data Analyst,Middle,office,ru,certification,self_paced,self,40,1757,1,0,3,0.5714285714285714,0.14285714285714285,0.14285714285714285,0.14285714285714285,1,0.6666666666666666,0,0.5,50,0.6538461538461539,0,73
R002621,E0057,EV_036,2026-08-13,validation,1,Sales Manager,Senior,hybrid,kk,meetup,offline,self,2,1029,2,1,9,0.6153846153846154,0.07692307692307693,0.15384615384615385,0.15384615384615385,3,0.6,1,0.3333333333333333,228,0.6956521739130435,0,73
R002623,E0028,EV_019,2026-08-14,validation,1,Backend Engineer,Middle,hybrid,kk,workshop,offline,manager,8,1544,1,0,9,0.46153846153846156,0.3076923076923077,0.15384615384615385,0.07692307692307693,2,0.75,3,0.8,33,0.5428571428571428,0,25
R002624,E0001,EV_040,2026-08-17,validation,1,Backend Engineer,Junior,office,kk,workshop,offline,self,4,111,1,0,0,0.25,0.25,0.25,0.25,0,0.5,0,0.5,130,0.6742424242424242,0,97
R002625,E0197,EV_005,2026-08-17,validation,1,QA Engineer,Middle,hybrid,ru,course,online,self,16,1463,1,0,13,0.5294117647058824,0.17647058823529413,0.17647058823529413,0.11764705882352941,7,0.5555555555555556,2,0.5,42,0.6136363636363636,0,77
R002626,E0001,EV_008,2026-08-18,validation,1,Backend Engineer,Junior,office,kk,workshop,online,self,4,112,1,0,1,0.4,0.2,0.2,0.2,0,0.5,1,0.6666666666666666,105,0.794392523364486,0,1
R002628,E0161,EV_040,2026-08-18,validation,0,Sales Manager,Senior,remote,ru,workshop,offline,manager,4,825,1,0,4,0.25,0.25,0.375,0.125,2,0.5,2,0.25,131,0.6766917293233082,0,78
R002629,E0036,EV_008,2026-08-19,validation,0,Frontend Engineer,Junior,remote,ru,workshop,online,self,4,415,2,1,4,0.375,0.125,0.375,0.125,3,0.6,3,0.4,106,0.7962962962962963,0,14
R002630,E0050,EV_019,2026-08-19,validation,1,Backend Engineer,Lead,hybrid,ru,workshop,offline,self,8,3494,1,0,11,0.6666666666666666,0.06666666666666667,0.13333333333333333,0.13333333333333333,4,0.6666666666666666,5,0.7142857142857143,34,0.5555555555555556,0,8
R002631,E0123,EV_016,2026-08-19,validation,0,Frontend Engineer,Senior,hybrid,kk,workshop,online,manager,4,1952,3,2,12,0.5,0.125,0.25,0.125,6,0.375,4,0.5,26,0.75,0,79
R002632,E0055,EV_036,2026-08-20,validation,1,Product Manager,Lead,hybrid,en,meetup,offline,hr,2,1275,5,4,12,0.75,0.0625,0.125,0.0625,7,0.7777777777777778,4,0.6666666666666666,229,0.696969696969697,0,30
R002634,E0093,EV_036,2026-08-20,validation,1,Customer Support Specialist,Middle,hybrid,kk,meetup,offline,self,2,1450,7,6,14,0.6666666666666666,0.1111111111111111,0.05555555555555555,0.16666666666666666,7,0.7777777777777778,6,0.75,229,0.696969696969697,0,24
R002635,E0127,EV_036,2026-08-20,validation,1,Backend Engineer,Middle,remote,kk,meetup,offline,self,2,1513,4,3,9,0.46153846153846156,0.23076923076923078,0.23076923076923078,0.07692307692307693,3,0.6,3,0.6,229,0.696969696969697,0,80
R002636,E0178,EV_011,2026-08-20,validation,1,Backend Engineer,Middle,remote,kk,workshop,offline,self,6,241,1,0,2,0.3333333333333333,0.16666666666666666,0.3333333333333333,0.16666666666666666,0,0.5,0,0.5,31,0.6060606060606061,0,43
R002637,E0073,EV_037,2026-08-21,validation,1,Data Analyst,Senior,office,ru,mentoring,online,self,12,1453,1,0,10,0.35714285714285715,0.35714285714285715,0.14285714285714285,0.14285714285714285,5,0.5714285714285714,0,0.5,108,0.7090909090909091,0,81
R002638,E0084,EV_036,2026-08-21,validation,1,HR Business Partner,Junior,hybrid,kk,meetup,offline,self,2,64,1,0,0,0.25,0.25,0.25,0.25,0,0.5,0,0.5,232,0.7008547008547008,0,51
R002639,E0131,EV_029,2026-08-21,validation,1,HR Business Partner,Middle,office,ru,course,self_paced,self,12,1390,1,0,5,0.4444444444444444,0.1111111111111111,0.3333333333333333,0.1111111111111111,0,0.5,0,0.5,9,0.6363636363636364,0,81
R002640,E0064,EV_009,2026-08-24,validation,0,Backend Engineer,Senior,office,ru,certification,self_paced,self,40,1769,1,0,6,0.3,0.2,0.3,0.2,0,0.5,0,0.5,51,0.660377358490566,0,61
R002641,E0180,EV_034,2026-08-24,validation,1,Customer Support Specialist,Lead,hybrid,kk,workshop,online,manager,4,2293,1,0,9,0.7692307692307693,0.07692307692307693,0.07692307692307693,0.07692307692307693,5,0.8571428571428571,3,0.8,57,0.711864406779661,0,84
R002642,E0034,EV_022,2026-08-25,validation,1,Data Analyst,Junior,office,kk,course,online,self,12,389,2,1,6,0.5,0.3,0.1,0.1,3,0.4,2,0.5,19,0.6190476190476191,0,70
R002643,E0184,EV_012,2026-08-25,validation,1,Backend Engineer,Middle,office,ru,course,self_paced,self,24,664,1,0,9,0.3076923076923077,0.38461538461538464,0.07692307692307693,0.23076923076923078,2,0.25,4,0.5,34,0.5555555555555556,0,19
R002644,E0191,EV_036,2026-08-25,validation,1,Sales Manager,Middle,office,ru,meetup,offline,self,2,1624,2,1,7,0.5454545454545454,0.09090909090909091,0.18181818181818182,0.18181818181818182,3,0.6,1,0.6666666666666666,233,0.7021276595744681,0,82
R002645,E0194,EV_016,2026-08-25,validation,1,Frontend Engineer,Senior,remote,ru,workshop,online,manager,4,1868,2,1,7,0.45454545454545453,0.18181818181818182,0.2727272727272727,0.09090909090909091,6,0.5,2,0.5,27,0.7241379310344828,0,28
R002646,E0060,EV_016,2026-08-26,validation,1,Product Manager,Lead,office,kk,workshop,online,hr,4,1773,1,0,6,0.6,0.1,0.1,0.2,3,0.6,4,0.6666666666666666,28,0.7333333333333333,0,86
R002647,E0151,EV_039,2026-08-26,validation,1,HR Business Partner,Junior,remote,ru,workshop,online,self,3,349,1,0,6,0.5,0.1,0.3,0.1,4,0.8333333333333334,4,0.8333333333333334,91,0.7849462365591398,0,65
R002648,E0173,EV_034,2026-08-26,validation,0,HR Business Partner,Senior,remote,kk,workshop,online,hr,4,2680,3,2,9,0.5384615384615384,0.07692307692307693,0.23076923076923078,0.15384615384615385,7,0.5555555555555556,6,0.5,58,0.7166666666666667,0,86
R002649,E0180,EV_036,2026-08-26,validation,1,Customer Support Specialist,Lead,hybrid,kk,meetup,offline,self,2,2295,4,3,10,0.7857142857142857,0.07142857142857142,0.07142857142857142,0.07142857142857142,4,0.8333333333333334,3,0.8,234,0.7033898305084746,0,2
R002650,E0058,EV_008,2026-08-27,validation,0,Backend Engineer,Junior,office,ru,workshop,online,self,4,150,1,0,3,0.5714285714285714,0.14285714285714285,0.14285714285714285,0.14285714285714285,1,0.6666666666666666,1,0.6666666666666666,107,0.7889908256880734,0,21
R002654,E0148,EV_039,2026-08-27,validation,1,Sales Manager,Lead,office,kk,workshop,online,self,3,2200,1,0,11,0.7333333333333333,0.06666666666666667,0.13333333333333333,0.06666666666666667,5,0.7142857142857143,4,0.8333333333333334,92,0.7872340425531915,0,59
R002655,E0185,EV_036,2026-08-27,validation,1,Customer Support Specialist,Middle,remote,kk,meetup,offline,hr,2,675,2,1,7,0.7272727272727273,0.09090909090909091,0.09090909090909091,0.09090909090909091,2,0.75,1,0.6666666666666666,235,0.7046413502109705,0,87
R002657,E0041,EV_027,2026-08-28,validation,1,Product Manager,Senior,office,kk,workshop,online,self,6,1071,2,1,12,0.625,0.125,0.125,0.125,5,0.5714285714285714,4,0.6666666666666666,21,0.6086956521739131,0,45
R002658,E0073,EV_022,2026-08-28,validation,1,Data Analyst,Senior,office,ru,course,online,self,12,1460,1,0,11,0.4,0.3333333333333333,0.13333333333333333,0.13333333333333333,6,0.625,5,0.42857142857142855,20,0.6363636363636364,0,7
R002659,E0093,EV_036,2026-08-28,validation,1,Customer Support Specialist,Middle,hybrid,kk,meetup,offline,self,2,1458,8,7,15,0.6842105263157895,0.10526315789473684,0.05263157894736842,0.15789473684210525,8,0.8,7,0.7777777777777778,236,0.7058823529411765,0,8
R002660,E0123,EV_016,2026-08-28,validation,1,Frontend Engineer,Senior,hybrid,kk,workshop,online,self,4,1961,4,3,13,0.47058823529411764,0.11764705882352941,0.23529411764705882,0.17647058823529413,7,0.3333333333333333,5,0.42857142857142855,29,0.7419354838709677,0,9
R002661,E0128,EV_039,2026-08-28,validation,1,Backend Engineer,Senior,hybrid,kk,workshop,online,self,3,760,1,0,3,0.5714285714285714,0.14285714285714285,0.14285714285714285,0.14285714285714285,3,0.8,0,0.5,93,0.7894736842105263,0,88
R002662,E0176,EV_036,2026-08-28,validation,1,Product Manager,Junior,hybrid,ru,meetup,offline,manager,2,851,2,1,8,0.6666666666666666,0.08333333333333333,0.08333333333333333,0.16666666666666666,5,0.7142857142857143,1,0.6666666666666666,236,0.7058823529411765,0,88
R002663,E0056,EV_040,2026-08-31,validation,0,Sales Manager,Middle,office,ru,workshop,offline,hr,4,1505,1,0,6,0.5,0.1,0.2,0.2,2,0.75,2,0.75,132,0.6716417910447762,0,39
R002665,E0096,EV_040,2026-08-31,validation,0,Backend Engineer,Junior,hybrid,kk,workshop,offline,manager,4,151,1,0,0,0.25,0.25,0.25,0.25,0,0.5,0,0.5,132,0.6716417910447762,0,140
R002669,E0115,EV_016,2026-08-31,validation,0,Frontend Engineer,Junior,hybrid,ru,workshop,online,manager,4,565,2,1,9,0.5384615384615384,0.23076923076923078,0.15384615384615385,0.07692307692307693,6,0.5,3,0.4,30,0.75,0,67
R002670,E0162,EV_036,2026-08-31,validation,0,Data Analyst,Middle,hybrid,kk,meetup,offline,manager,2,959,4,3,11,0.6666666666666666,0.06666666666666667,0.13333333333333333,0.13333333333333333,5,0.7142857142857143,3,0.6,238,0.7083333333333334,0,21
R002671,E0029,EV_036,2026-09-01,validation,1,Customer Support Specialist,Senior,hybrid,kk,meetup,offline,self,2,537,4,3,12,0.5,0.125,0.25,0.125,4,0.3333333333333333,3,0.2,239,0.7053941908713693,0,34
R002672,E0185,EV_036,2026-09-01,validation,1,Customer Support Specialist,Middle,remote,kk,meetup,offline,self,2,680,3,2,8,0.75,0.08333333333333333,0.08333333333333333,0.08333333333333333,3,0.8,2,0.75,239,0.7053941908713693,0,5
R002673,E0012,EV_037,2026-09-02,validation,0,Sales Manager,Middle,hybrid,ru,mentoring,online,manager,12,1687,1,0,4,0.625,0.125,0.125,0.125,1,0.6666666666666666,0,0.5,109,0.7117117117117117,0,93
R002674,E0015,EV_037,2026-09-02,validation,1,Frontend Engineer,Middle,office,ru,mentoring,online,manager,12,896,1,0,5,0.5555555555555556,0.1111111111111111,0.2222222222222222,0.1111111111111111,3,0.6,0,0.5,109,0.7117117117117117,0,93
R002675,E0038,EV_037,2026-09-02,validation,1,Product Manager,Senior,hybrid,kk,mentoring,online,manager,12,1531,1,0,6,0.6,0.1,0.1,0.2,3,0.6,0,0.5,109,0.7117117117117117,0,90
R002676,E0044,EV_011,2026-09-02,validation,1,Frontend Engineer,Lead,office,kk,workshop,offline,self,6,1416,1,0,11,0.6666666666666666,0.06666666666666667,0.2,0.06666666666666667,4,0.6666666666666666,6,0.75,32,0.6176470588235294,0,93
R002677,E0079,EV_036,2026-09-02,validation,1,Sales Manager,Junior,office,ru,meetup,offline,manager,2,688,7,6,12,0.75,0.0625,0.0625,0.125,8,0.8,6,0.75,241,0.7078189300411523,0,77
R002679,E0173,EV_036,2026-09-02,validation,0,HR Business Partner,Senior,remote,kk,meetup,offline,manager,2,2687,1,0,10,0.5,0.07142857142857142,0.21428571428571427,0.21428571428571427,1,0.6666666666666666,0,0.5,241,0.7078189300411523,0,7
R002680,E0043,EV_014,2026-09-03,validation,1,Frontend Engineer,Senior,hybrid,ru,workshop,offline,self,8,1847,1,0,11,0.8,0.06666666666666667,0.06666666666666667,0.06666666666666667,2,0.75,4,0.8333333333333334,11,0.7692307692307693,0,58
R002681,E0046,EV_036,2026-09-03,validation,0,Sales Manager,Middle,hybrid,ru,meetup,offline,manager,2,920,4,3,12,0.625,0.1875,0.125,0.0625,6,0.625,3,0.6,243,0.7061224489795919,0,94
R002682,E0050,EV_039,2026-09-03,validation,1,Backend Engineer,Lead,hybrid,ru,workshop,online,self,3,3509,1,0,12,0.6875,0.0625,0.125,0.125,6,0.75,6,0.75,94,0.7916666666666666,0,15
R002683,E0055,EV_036,2026-09-03,validation,1,Product Manager,Lead,hybrid,en,meetup,offline,manager,2,1289,6,5,13,0.7647058823529411,0.058823529411764705,0.11764705882352941,0.058823529411764705,8,0.8,5,0.7142857142857143,243,0.7061224489795919,0,14
R002684,E0104,EV_039,2026-09-03,validation,1,Sales Manager,Junior,remote,ru,workshop,online,self,3,279,1,0,1,0.4,0.2,0.2,0.2,1,0.6666666666666666,0,0.5,94,0.7916666666666666,0,71
R002685,E0111,EV_036,2026-09-03,validation,0,QA Engineer,Middle,office,ru,meetup,offline,self,2,806,3,2,11,0.8,0.06666666666666667,0.06666666666666667,0.06666666666666667,5,0.8571428571428571,2,0.75,243,0.7061224489795919,0,30
R002686,E0156,EV_018,2026-09-03,validation,1,QA Engineer,Junior,hybrid,kk,course,online,self,24,226,1,0,2,0.5,0.16666666666666666,0.16666666666666666,0.16666666666666666,0,0.5,0,0.5,17,0.5789473684210527,0,35
R002687,E0114,EV_040,2026-09-04,validation,0,Customer Support Specialist,Junior,hybrid,en,workshop,offline,manager,4,659,1,0,5,0.5555555555555556,0.1111111111111111,0.1111111111111111,0.2222222222222222,0,0.5,4,0.6666666666666666,134,0.6617647058823529,0,95
R002688,E0174,EV_036,2026-09-04,validation,1,Sales Manager,Junior,hybrid,ru,meetup,offline,manager,2,35,1,0,0,0.25,0.25,0.25,0.25,0,0.5,0,0.5,246,0.7016129032258065,0,22
R002689,E0085,EV_036,2026-09-07,validation,0,Data Analyst,Lead,hybrid,ru,meetup,offline,manager,2,3029,3,2,9,0.6153846153846154,0.23076923076923078,0.07692307692307693,0.07692307692307693,3,0.8,2,0.75,247,0.7028112449799196,0,98
R002690,E0200,EV_005,2026-09-07,validation,1,Backend Engineer,Junior,hybrid,ru,course,online,self,16,420,1,0,5,0.2222222222222222,0.3333333333333333,0.2222222222222222,0.2222222222222222,1,0.6666666666666666,2,0.25,43,0.6222222222222222,0,31
R002691,E0007,EV_008,2026-09-08,validation,1,Backend Engineer,Senior,office,kk,workshop,online,self,4,2874,1,0,9,0.6153846153846154,0.07692307692307693,0.15384615384615385,0.15384615384615385,4,0.6666666666666666,3,0.6,108,0.7818181818181819,0,47
R002692,E0028,EV_006,2026-09-08,validation,1,Backend Engineer,Middle,hybrid,kk,workshop,offline,self,12,1569,1,0,10,0.5,0.2857142857142857,0.14285714285714285,0.07142857142857142,3,0.8,4,0.8333333333333334,22,0.6666666666666666,0,25
R002695,E0103,EV_036,2026-09-08,validation,0,QA Engineer,Senior,remote,ru,meetup,offline,manager,2,1848,1,0,8,0.5,0.08333333333333333,0.3333333333333333,0.08333333333333333,2,0.25,0,0.5,248,0.7,0,47
R002696,E0129,EV_039,2026-09-08,validation,1,Sales Manager,Middle,hybrid,kk,workshop,online,self,3,237,2,1,4,0.5,0.125,0.125,0.25,2,0.5,2,0.5,96,0.7959183673469388,0,56
R002697,E0046,EV_036,2026-09-09,validation,0,Sales Manager,Middle,hybrid,ru,meetup,offline,manager,2,926,5,4,13,0.5882352941176471,0.17647058823529413,0.17647058823529413,0.058823529411764705,7,0.5555555555555556,4,0.5,249,0.6972111553784861,0,6
R002698,E0002,EV_037,2026-09-11,validation,1,Backend Engineer,Middle,remote,ru,mentoring,online,hr,12,1235,1,0,8,0.4166666666666667,0.4166666666666667,0.08333333333333333,0.08333333333333333,4,0.5,0,0.5,112,0.7105263157894737,0,38
R002699,E0085,EV_023,2026-09-11,validation,0,Data Analyst,Lead,hybrid,ru,workshop,offline,self,6,3033,1,0,10,0.5714285714285714,0.21428571428571427,0.14285714285714285,0.07142857142857142,4,0.6666666666666666,2,0.75,28,0.7333333333333333,0,4
R002700,E0050,EV_036,2026-09-14,validation,0,Backend Engineer,Lead,hybrid,ru,meetup,offline,manager,2,3520,2,1,13,0.7058823529411765,0.058823529411764705,0.11764705882352941,0.11764705882352941,5,0.7142857142857143,1,0.3333333333333333,250,0.6944444444444444,0,11
R002701,E0062,EV_036,2026-09-14,validation,0,Sales Manager,Middle,office,ru,meetup,offline,manager,2,1545,4,3,10,0.5714285714285714,0.07142857142857142,0.14285714285714285,0.21428571428571427,5,0.42857142857142855,3,0.2,250,0.6944444444444444,0,49
R002702,E0108,EV_026,2026-09-14,validation,1,Product Manager,Middle,office,ru,workshop,offline,manager,8,1610,1,0,1,0.4,0.2,0.2,0.2,0,0.5,0,0.5,16,0.8333333333333334,0,105
R002703,E0124,EV_021,2026-09-14,validation,1,Data Analyst,Middle,office,kk,workshop,online,self,6,574,1,0,6,0.4,0.1,0.3,0.2,3,0.2,1,0.6666666666666666,16,0.6111111111111112,0,87
R002704,E0132,EV_040,2026-09-14,validation,1,Data Analyst,Senior,remote,en,workshop,offline,hr,4,2600,1,0,7,0.6363636363636364,0.09090909090909091,0.18181818181818182,0.09090909090909091,0,0.5,2,0.75,135,0.656934306569343,0,38
R002705,E0173,EV_008,2026-09-14,validation,1,HR Business Partner,Senior,remote,kk,workshop,online,self,4,2699,1,0,11,0.4666666666666667,0.06666666666666667,0.2,0.26666666666666666,8,0.5,7,0.4444444444444444,109,0.7837837837837838,0,12
R002707,E0187,EV_036,2026-09-15,validation,1,Data Analyst,Junior,office,ru,meetup,offline,manager,2,904,3,2,12,0.5,0.25,0.125,0.125,4,0.6666666666666666,2,0.5,252,0.6889763779527559,0,34
R002708,E0003,EV_008,2026-09-16,validation,1,Customer Support Specialist,Senior,hybrid,kk,workshop,online,hr,4,2557,1,0,5,0.6666666666666666,0.1111111111111111,0.1111111111111111,0.1111111111111111,3,0.8,2,0.75,110,0.7857142857142857,0,107
R002709,E0064,EV_040,2026-09-16,validation,1,Backend Engineer,Senior,office,ru,workshop,offline,self,4,1792,1,0,7,0.2727272727272727,0.2727272727272727,0.2727272727272727,0.18181818181818182,2,0.75,1,0.6666666666666666,136,0.6594202898550725,0,23
R002710,E0078,EV_008,2026-09-16,validation,0,Customer Support Specialist,Junior,hybrid,kk,workshop,online,self,4,674,1,0,3,0.5714285714285714,0.14285714285714285,0.14285714285714285,0.14285714285714285,3,0.8,2,0.75,110,0.7857142857142857,0,107
R002712,E0187,EV_036,2026-09-16,validation,1,Data Analyst,Junior,office,ru,meetup,offline,hr,2,905,4,3,13,0.5294117647058824,0.23529411764705882,0.11764705882352941,0.11764705882352941,5,0.7142857142857143,3,0.6,253,0.6901960784313725,0,1
R002713,E0053,EV_011,2026-09-17,validation,0,QA Engineer,Junior,remote,kk,workshop,offline,manager,6,842,2,1,14,0.2777777777777778,0.1111111111111111,0.5555555555555556,0.05555555555555555,11,0.23076923076923078,11,0.3076923076923077,33,0.6285714285714286,0,52
R002714,E0172,EV_039,2026-09-17,validation,1,HR Business Partner,Senior,remote,ru,workshop,online,self,3,2943,1,0,9,0.6923076923076923,0.15384615384615385,0.07692307692307693,0.07692307692307693,7,0.7777777777777778,5,0.7142857142857143,97,0.797979797979798,0,41
R002716,E0017,EV_036,2026-09-18,validation,1,Product Manager,Senior,office,ru,meetup,offline,self,2,2761,5,4,13,0.7647058823529411,0.11764705882352941,0.058823529411764705,0.058823529411764705,8,0.8,4,0.8333333333333334,254,0.69140625,0,109
R002717,E0118,EV_011,2026-09-18,validation,0,Frontend Engineer,Middle,hybrid,ru,workshop,offline,hr,6,1782,1,0,12,0.625,0.1875,0.125,0.0625,3,0.8,3,0.8,34,0.6111111111111112,0,66
R002718,E0119,EV_040,2026-09-18,validation,0,Backend Engineer,Junior,office,ru,workshop,offline,manager,4,60,1,0,0,0.25,0.25,0.25,0.25,0,0.5,0,0.5,137,0.6618705035971223,0,46
R002721,E0169,EV_036,2026-09-21,validation,1,Sales Manager,Lead,office,kk,meetup,offline,self,2,2336,9,8,13,0.6470588235294118,0.11764705882352941,0.11764705882352941,0.11764705882352941,9,0.7272727272727273,8,0.7,255,0.6926070038910506,0,42
R002723,E0185,EV_036,2026-09-22,validation,0,Customer Support Specialist,Middle,remote,kk,meetup,offline,manager,2,701,4,3,9,0.7692307692307693,0.07692307692307693,0.07692307692307693,0.07692307692307693,4,0.8333333333333334,3,0.8,256,0.6937984496124031,0,21
R002724,E0120,EV_036,2026-09-23,validation,1,Frontend Engineer,Senior,hybrid,ru,meetup,offline,self,2,2494,2,1,9,0.6923076923076923,0.15384615384615385,0.07692307692307693,0.07692307692307693,2,0.5,1,0.6666666666666666,257,0.6911196911196911,0,48
R002725,E0119,EV_012,2026-09-24,validation,0,Backend Engineer,Junior,office,ru,course,self_paced,manager,24,66,1,0,1,0.2,0.4,0.2,0.2,0,0.5,0,0.5,35,0.5675675675675675,0,6
R002726,E0172,EV_040,2026-09-24,validation,1,HR Business Partner,Senior,remote,ru,workshop,offline,self,4,2950,1,0,10,0.7142857142857143,0.14285714285714285,0.07142857142857142,0.07142857142857142,1,0.6666666666666666,6,0.75,138,0.6571428571428571,0,7
R002727,E0001,EV_011,2026-09-25,validation,1,Backend Engineer,Junior,office,kk,workshop,offline,self,6,150,1,0,2,0.5,0.16666666666666666,0.16666666666666666,0.16666666666666666,1,0.6666666666666666,2,0.75,35,0.5945945945945946,0,38
R002728,E0097,EV_040,2026-09-25,validation,1,Backend Engineer,Senior,office,kk,workshop,offline,self,4,952,1,0,9,0.46153846153846156,0.15384615384615385,0.15384615384615385,0.23076923076923078,3,0.4,3,0.4,139,0.6595744680851063,0,116
R002729,E0115,EV_036,2026-09-25,validation,1,Frontend Engineer,Junior,hybrid,ru,meetup,offline,manager,2,590,2,1,10,0.5,0.21428571428571427,0.21428571428571427,0.07142857142857142,2,0.75,1,0.6666666666666666,258,0.6923076923076923,0,25
R002730,E0127,EV_008,2026-09-25,validation,1,Backend Engineer,Middle,remote,kk,workshop,online,self,4,1549,1,0,10,0.5,0.21428571428571427,0.21428571428571427,0.07142857142857142,4,0.5,0,0.5,112,0.7807017543859649,0,36
R002731,E0193,EV_008,2026-09-25,validation,0,Data Analyst,Middle,office,ru,workshop,online,self,4,1516,1,0,9,0.5384615384615384,0.23076923076923078,0.07692307692307693,0.15384615384615385,3,0.6,3,0.8,112,0.7807017543859649,0,95
R002733,E0035,EV_036,2026-09-28,validation,0,Customer Support Specialist,Lead,hybrid,ru,meetup,offline,hr,2,1859,4,3,14,0.5555555555555556,0.05555555555555555,0.2777777777777778,0.1111111111111111,4,0.6666666666666666,3,0.6,259,0.6934865900383141,0,53
R002734,E0089,EV_033,2026-09-28,validation,1,Sales Manager,Junior,hybrid,kk,course,online,hr,10,301,1,0,3,0.5714285714285714,0.14285714285714285,0.14285714285714285,0.14285714285714285,1,0.6666666666666666,0,0.5,17,0.7368421052631579,0,81
R002735,E0096,EV_008,2026-09-28,validation,0,Backend Engineer,Junior,hybrid,kk,workshop,online,manager,4,179,1,0,1,0.2,0.2,0.4,0.2,0,0.5,1,0.3333333333333333,114,0.7758620689655172,0,28
R002736,E0143,EV_037,2026-09-28,validation,1,Customer Support Specialist,Middle,office,kk,mentoring,online,self,12,1140,1,0,6,0.4,0.2,0.3,0.1,3,0.6,0,0.5,113,0.7130434782608696,0,119
R002737,E0170,EV_008,2026-09-28,validation,1,Frontend Engineer,Middle,hybrid,ru,workshop,online,self,4,522,1,0,9,0.38461538461538464,0.15384615384615385,0.23076923076923078,0.23076923076923078,5,0.2857142857142857,4,0.5,114,0.7758620689655172,0,7
R002739,E0133,EV_036,2026-09-29,validation,1,HR Business Partner,Lead,office,ru,meetup,offline,self,2,2594,2,1,12,0.625,0.1875,0.0625,0.125,2,0.75,1,0.6666666666666666,260,0.6908396946564885,0,57
R002743,E0132,EV_009,2026-09-30,validation,1,Data Analyst,Senior,remote,en,certification,self_paced,self,40,2616,1,0,8,0.6666666666666666,0.08333333333333333,0.16666666666666666,0.08333333333333333,0,0.5,0,0.5,52,0.6481481481481481,0,16
